list_name,name,label,county_key,constituency_key,subcounty_key,division_key,location_key,ward_key,poll_station_key,poll_station_code,no_of_poll_stations
county,mombasa,MOMBASA,,,,,,,,,
county,kwale,KWALE,,,,,,,,,
county,kilifi,KILIFI,,,,,,,,,
county,tana_river,TANA RIVER,,,,,,,,,
county,lamu,LAMU,,,,,,,,,
county,taita_taveta,TAITA TAVETA,,,,,,,,,
county,garissa,GARISSA,,,,,,,,,
county,wajir,WAJIR,,,,,,,,,
county,mandera,MANDERA,,,,,,,,,
county,marsabit,MARSABIT,,,,,,,,,
county,isiolo,ISIOLO,,,,,,,,,
county,meru,MERU,,,,,,,,,
county,tharaka_nithi,THARAKA_NITHI,,,,,,,,,
county,embu,EMBU,,,,,,,,,
county,kitui,KITUI,,,,,,,,,
county,machakos,MACHAKOS,,,,,,,,,
county,makueni,MAKUENI,,,,,,,,,
county,nyandarua,NYANDARUA,,,,,,,,,
county,nyeri,NYERI,,,,,,,,,
county,kirinyaga,KIRINYAGA,,,,,,,,,
county,muranga,MURANG'A,,,,,,,,,
county,kiambu,KIAMBU,,,,,,,,,
county,turkana,TURKANA,,,,,,,,,
county,west_pokot,WEST POKOT,,,,,,,,,
county,samburu,SAMBURU,,,,,,,,,
county,trans_nzoia,TRANS NZOIA,,,,,,,,,
county,uasin_gishu,UASIN GISHU,,,,,,,,,
county,elgeyo_marakwet,ELGEYO MARAKWET,,,,,,,,,
county,nandi,NANDI,,,,,,,,,
county,baringo,BARINGO,,,,,,,,,
county,laikipia,LAIKIPIA,,,,,,,,,
county,nakuru,NAKURU,,,,,,,,,
county,narok,NAROK,,,,,,,,,
county,kajiado,KAJIADO,,,,,,,,,
county,kericho,KERICHO,,,,,,,,,
county,bomet,BOMET,,,,,,,,,
county,kakamega,KAKAMEGA,,,,,,,,,
county,vihiga,VIHIGA,,,,,,,,,
county,bungoma,BUNGOMA,,,,,,,,,
county,busia,BUSIA,,,,,,,,,
county,siaya,SIAYA,,,,,,,,,
county,kisumu,KISUMU,,,,,,,,,
county,homa_bay,HOMA BAY,,,,,,,,,
county,migori,MIGORI,,,,,,,,,
county,kisii,KISII,,,,,,,,,
county,nyamira,NYAMIRA,,,,,,,,,
county,nairobi_city,NAIROBI CITY,,,,,,,,,
constituency,changamwe,CHANGAMWE,mombasa,,,,,,,,
constituency,jomvu,JOMVU,mombasa,,,,,,,,
constituency,kisauni,KISAUNI,mombasa,,,,,,,,
constituency,nyali,NYALI,mombasa,,,,,,,,
constituency,likoni,LIKONI,mombasa,,,,,,,,
constituency,mvita,MVITA,mombasa,,,,,,,,
constituency,msambweni,MSAMBWENI,kwale,,,,,,,,
constituency,lungalunga,LUNGALUNGA,kwale,,,,,,,,
constituency,matuga,MATUGA,kwale,,,,,,,,
constituency,kinango,KINANGO,kwale,,,,,,,,
constituency,kilifi_north,KILIFI NORTH,kilifi,,,,,,,,
constituency,kilifi_south,KILIFI SOUTH,kilifi,,,,,,,,
constituency,kaloleni,KALOLENI,kilifi,,,,,,,,
constituency,rabai,RABAI,kilifi,,,,,,,,
constituency,ganze,GANZE,kilifi,,,,,,,,
constituency,malindi,MALINDI,kilifi,,,,,,,,
constituency,magarini,MAGARINI,kilifi,,,,,,,,
constituency,garsen,GARSEN,tana_river,,,,,,,,
constituency,galole,GALOLE,tana_river,,,,,,,,
constituency,bura,BURA,tana_river,,,,,,,,
constituency,lamu_east,LAMU EAST,lamu,,,,,,,,
constituency,lamu_west,LAMU WEST,lamu,,,,,,,,
constituency,taveta,TAVETA,taita_taveta,,,,,,,,
constituency,wundanyi,WUNDANYI,taita_taveta,,,,,,,,
constituency,mwatate,MWATATE,taita_taveta,,,,,,,,
constituency,voi,VOI,taita_taveta,,,,,,,,
constituency,garissa_township,GARISSA TOWNSHIP,garissa,,,,,,,,
constituency,balambala,BALAMBALA,garissa,,,,,,,,
constituency,lagdera,LAGDERA,garissa,,,,,,,,
constituency,dadaab,DADAAB,garissa,,,,,,,,
constituency,fafi,FAFI,garissa,,,,,,,,
constituency,ijara,IJARA,garissa,,,,,,,,
constituency,wajir_north,WAJIR NORTH,wajir,,,,,,,,
constituency,wajir_east,WAJIR EAST,wajir,,,,,,,,
constituency,tarbaj,TARBAJ,wajir,,,,,,,,
constituency,wajir_west,WAJIR WEST,wajir,,,,,,,,
constituency,eldas,ELDAS,wajir,,,,,,,,
constituency,wajir_south,WAJIR SOUTH,wajir,,,,,,,,
constituency,mandera_west,MANDERA WEST,mandera,,,,,,,,
constituency,banissa,BANISSA,mandera,,,,,,,,
constituency,mandera_north,MANDERA NORTH,mandera,,,,,,,,
constituency,mandera_south,MANDERA SOUTH,mandera,,,,,,,,
constituency,mandera_east,MANDERA EAST,mandera,,,,,,,,
constituency,lafey,LAFEY,mandera,,,,,,,,
constituency,moyale,MOYALE,marsabit,,,,,,,,
constituency,north_horr,NORTH HORR,marsabit,,,,,,,,
constituency,saku,SAKU,marsabit,,,,,,,,
constituency,laisamis,LAISAMIS,marsabit,,,,,,,,
constituency,isiolo_north,ISIOLO NORTH,isiolo,,,,,,,,
constituency,isiolo_south,ISIOLO SOUTH,isiolo,,,,,,,,
constituency,igembe_south,IGEMBE SOUTH,meru,,,,,,,,
constituency,igembe_central,IGEMBE CENTRAL,meru,,,,,,,,
constituency,igembe_north,IGEMBE NORTH,meru,,,,,,,,
constituency,tigania_west,TIGANIA WEST,meru,,,,,,,,
constituency,tigania_east,TIGANIA EAST,meru,,,,,,,,
constituency,north_imenti,NORTH IMENTI,meru,,,,,,,,
constituency,buuri,BUURI,meru,,,,,,,,
constituency,central_imenti,CENTRAL IMENTI,meru,,,,,,,,
constituency,south_imenti,SOUTH IMENTI,meru,,,,,,,,
constituency,maara,MAARA,tharaka_nithi,,,,,,,,
constituency,chuka_igambangombe,CHUKA/IGAMBANG'OMBE,tharaka_nithi,,,,,,,,
constituency,tharaka,THARAKA,tharaka_nithi,,,,,,,,
constituency,manyatta,MANYATTA,embu,,,,,,,,
constituency,runyenjes,RUNYENJES,embu,,,,,,,,
constituency,mbeere_south,MBEERE SOUTH,embu,,,,,,,,
constituency,mbeere_north,MBEERE NORTH,embu,,,,,,,,
constituency,mwingi_north,MWINGI NORTH,kitui,,,,,,,,
constituency,mwingi_west,MWINGI WEST,kitui,,,,,,,,
constituency,mwingi_central,MWINGI CENTRAL,kitui,,,,,,,,
constituency,kitui_west,KITUI WEST,kitui,,,,,,,,
constituency,kitui_rural,KITUI RURAL,kitui,,,,,,,,
constituency,kitui_central,KITUI CENTRAL,kitui,,,,,,,,
constituency,kitui_east,KITUI EAST,kitui,,,,,,,,
constituency,kitui_south,KITUI SOUTH,kitui,,,,,,,,
constituency,masinga,MASINGA,machakos,,,,,,,,
constituency,yatta,YATTA,machakos,,,,,,,,
constituency,kangundo,KANGUNDO,machakos,,,,,,,,
constituency,matungulu,MATUNGULU,machakos,,,,,,,,
constituency,kathiani,KATHIANI,machakos,,,,,,,,
constituency,mavoko,MAVOKO,machakos,,,,,,,,
constituency,machakos_town,MACHAKOS TOWN,machakos,,,,,,,,
constituency,mwala,MWALA,machakos,,,,,,,,
constituency,mbooni,MBOONI,makueni,,,,,,,,
constituency,kilome,KILOME,makueni,,,,,,,,
constituency,kaiti,KAITI,makueni,,,,,,,,
constituency,makueni,MAKUENI,makueni,,,,,,,,
constituency,kibwezi_west,KIBWEZI WEST,makueni,,,,,,,,
constituency,kibwezi_east,KIBWEZI EAST,makueni,,,,,,,,
constituency,kinangop,KINANGOP,nyandarua,,,,,,,,
constituency,kipipiri,KIPIPIRI,nyandarua,,,,,,,,
constituency,ol_kalou,OL KALOU,nyandarua,,,,,,,,
constituency,ol_jorok,OL JOROK,nyandarua,,,,,,,,
constituency,ndaragwa,NDARAGWA,nyandarua,,,,,,,,
constituency,tetu,TETU,nyeri,,,,,,,,
constituency,kieni,KIENI,nyeri,,,,,,,,
constituency,mathira,MATHIRA,nyeri,,,,,,,,
constituency,othaya,OTHAYA,nyeri,,,,,,,,
constituency,mukurweini,MUKURWEINI,nyeri,,,,,,,,
constituency,nyeri_town,NYERI TOWN,nyeri,,,,,,,,
constituency,mwea,MWEA,kirinyaga,,,,,,,,
constituency,gichugu,GICHUGU,kirinyaga,,,,,,,,
constituency,ndia,NDIA,kirinyaga,,,,,,,,
constituency,kirinyaga_central,KIRINYAGA CENTRAL,kirinyaga,,,,,,,,
constituency,kangema,KANGEMA,muranga,,,,,,,,
constituency,mathioya,MATHIOYA,muranga,,,,,,,,
constituency,kiharu,KIHARU,muranga,,,,,,,,
constituency,kigumo,KIGUMO,muranga,,,,,,,,
constituency,maragwa,MARAGWA,muranga,,,,,,,,
constituency,kandara,KANDARA,muranga,,,,,,,,
constituency,gatanga,GATANGA,muranga,,,,,,,,
constituency,gatundu_south,GATUNDU SOUTH,kiambu,,,,,,,,
constituency,gatundu_north,GATUNDU NORTH,kiambu,,,,,,,,
constituency,juja,JUJA,kiambu,,,,,,,,
constituency,thika_town,THIKA TOWN,kiambu,,,,,,,,
constituency,ruiru,RUIRU,kiambu,,,,,,,,
constituency,githunguri,GITHUNGURI,kiambu,,,,,,,,
constituency,kiambu,KIAMBU,kiambu,,,,,,,,
constituency,kiambaa,KIAMBAA,kiambu,,,,,,,,
constituency,kabete,KABETE,kiambu,,,,,,,,
constituency,kikuyu,KIKUYU,kiambu,,,,,,,,
constituency,limuru,LIMURU,kiambu,,,,,,,,
constituency,lari,LARI,kiambu,,,,,,,,
constituency,turkana_north,TURKANA NORTH,turkana,,,,,,,,
constituency,turkana_west,TURKANA WEST,turkana,,,,,,,,
constituency,turkana_central,TURKANA CENTRAL,turkana,,,,,,,,
constituency,loima,LOIMA,turkana,,,,,,,,
constituency,turkana_south,TURKANA SOUTH,turkana,,,,,,,,
constituency,turkana_east,TURKANA EAST,turkana,,,,,,,,
constituency,kapenguria,KAPENGURIA,west_pokot,,,,,,,,
constituency,sigor,SIGOR,west_pokot,,,,,,,,
constituency,kacheliba,KACHELIBA,west_pokot,,,,,,,,
constituency,pokot_south,POKOT SOUTH,west_pokot,,,,,,,,
constituency,samburu_west,SAMBURU WEST,samburu,,,,,,,,
constituency,samburu_north,SAMBURU NORTH,samburu,,,,,,,,
constituency,samburu_east,SAMBURU EAST,samburu,,,,,,,,
constituency,kwanza,KWANZA,trans_nzoia,,,,,,,,
constituency,endebess,ENDEBESS,trans_nzoia,,,,,,,,
constituency,saboti,SABOTI,trans_nzoia,,,,,,,,
constituency,kiminini,KIMININI,trans_nzoia,,,,,,,,
constituency,cherangany,CHERANGANY,trans_nzoia,,,,,,,,
constituency,soy,SOY,uasin_gishu,,,,,,,,
constituency,turbo,TURBO,uasin_gishu,,,,,,,,
constituency,moiben,MOIBEN,uasin_gishu,,,,,,,,
constituency,ainabkoi,AINABKOI,uasin_gishu,,,,,,,,
constituency,kapseret,KAPSERET,uasin_gishu,,,,,,,,
constituency,kesses,KESSES,uasin_gishu,,,,,,,,
constituency,marakwet_east,MARAKWET EAST,elgeyo_marakwet,,,,,,,,
constituency,marakwet_west,MARAKWET WEST,elgeyo_marakwet,,,,,,,,
constituency,keiyo_north,KEIYO NORTH,elgeyo_marakwet,,,,,,,,
constituency,keiyo_south,KEIYO SOUTH,elgeyo_marakwet,,,,,,,,
constituency,tinderet,TINDERET,nandi,,,,,,,,
constituency,aldai,ALDAI,nandi,,,,,,,,
constituency,nandi_hills,NANDI HILLS,nandi,,,,,,,,
constituency,chesumei,CHESUMEI,nandi,,,,,,,,
constituency,emgwen,EMGWEN,nandi,,,,,,,,
constituency,mosop,MOSOP,nandi,,,,,,,,
constituency,tiaty,TIATY,baringo,,,,,,,,
constituency,baringo_north,BARINGO NORTH,baringo,,,,,,,,
constituency,baringo_central,BARINGO CENTRAL,baringo,,,,,,,,
constituency,baringo_south,BARINGO SOUTH,baringo,,,,,,,,
constituency,mogotio,MOGOTIO,baringo,,,,,,,,
constituency,eldama_ravine,ELDAMA RAVINE,baringo,,,,,,,,
constituency,laikipia_west,LAIKIPIA WEST,laikipia,,,,,,,,
constituency,laikipia_east,LAIKIPIA EAST,laikipia,,,,,,,,
constituency,laikipia_north,LAIKIPIA NORTH,laikipia,,,,,,,,
constituency,molo,MOLO,nakuru,,,,,,,,
constituency,njoro,NJORO,nakuru,,,,,,,,
constituency,naivasha,NAIVASHA,nakuru,,,,,,,,
constituency,gilgil,GILGIL,nakuru,,,,,,,,
constituency,kuresoi_south,KURESOI SOUTH,nakuru,,,,,,,,
constituency,kuresoi_north,KURESOI NORTH,nakuru,,,,,,,,
constituency,subukia,SUBUKIA,nakuru,,,,,,,,
constituency,rongai,RONGAI,nakuru,,,,,,,,
constituency,bahati,BAHATI,nakuru,,,,,,,,
constituency,nakuru_town_west,NAKURU TOWN WEST,nakuru,,,,,,,,
constituency,nakuru_town_east,NAKURU TOWN EAST,nakuru,,,,,,,,
constituency,kilgoris,KILGORIS,narok,,,,,,,,
constituency,emurua_dikirr,EMURUA DIKIRR,narok,,,,,,,,
constituency,narok_north,NAROK NORTH,narok,,,,,,,,
constituency,narok_east,NAROK EAST,narok,,,,,,,,
constituency,narok_south,NAROK SOUTH,narok,,,,,,,,
constituency,narok_west,NAROK WEST,narok,,,,,,,,
constituency,kajiado_north,KAJIADO NORTH,kajiado,,,,,,,,
constituency,kajiado_central,KAJIADO CENTRAL,kajiado,,,,,,,,
constituency,kajiado_east,KAJIADO EAST,kajiado,,,,,,,,
constituency,kajiado_west,KAJIADO WEST,kajiado,,,,,,,,
constituency,kajiado_south,KAJIADO SOUTH,kajiado,,,,,,,,
constituency,kipkelion_east,KIPKELION EAST,kericho,,,,,,,,
constituency,kipkelion_west,KIPKELION WEST,kericho,,,,,,,,
constituency,ainamoi,AINAMOI,kericho,,,,,,,,
constituency,bureti,BURETI,kericho,,,,,,,,
constituency,belgut,BELGUT,kericho,,,,,,,,
constituency,sigowet_soin,SIGOWET/SOIN,kericho,,,,,,,,
constituency,sotik,SOTIK,bomet,,,,,,,,
constituency,chepalungu,CHEPALUNGU,bomet,,,,,,,,
constituency,bomet_east,BOMET EAST,bomet,,,,,,,,
constituency,bomet_central,BOMET CENTRAL,bomet,,,,,,,,
constituency,konoin,KONOIN,bomet,,,,,,,,
constituency,lugari,LUGARI,kakamega,,,,,,,,
constituency,likuyani,LIKUYANI,kakamega,,,,,,,,
constituency,malava,MALAVA,kakamega,,,,,,,,
constituency,lurambi,LURAMBI,kakamega,,,,,,,,
constituency,navakholo,NAVAKHOLO,kakamega,,,,,,,,
constituency,mumias_west,MUMIAS WEST,kakamega,,,,,,,,
constituency,mumias_east,MUMIAS EAST,kakamega,,,,,,,,
constituency,matungu,MATUNGU,kakamega,,,,,,,,
constituency,butere,BUTERE,kakamega,,,,,,,,
constituency,khwisero,KHWISERO,kakamega,,,,,,,,
constituency,shinyalu,SHINYALU,kakamega,,,,,,,,
constituency,ikolomani,IKOLOMANI,kakamega,,,,,,,,
constituency,vihiga,VIHIGA,vihiga,,,,,,,,
constituency,sabatia,SABATIA,vihiga,,,,,,,,
constituency,hamisi,HAMISI,vihiga,,,,,,,,
constituency,luanda,LUANDA,vihiga,,,,,,,,
constituency,emuhaya,EMUHAYA,vihiga,,,,,,,,
constituency,mt_elgon,MT. ELGON,bungoma,,,,,,,,
constituency,sirisia,SIRISIA,bungoma,,,,,,,,
constituency,kabuchai,KABUCHAI,bungoma,,,,,,,,
constituency,bumula,BUMULA,bungoma,,,,,,,,
constituency,kanduyi,KANDUYI,bungoma,,,,,,,,
constituency,webuye_east,WEBUYE EAST,bungoma,,,,,,,,
constituency,webuye_west,WEBUYE WEST,bungoma,,,,,,,,
constituency,kimilili,KIMILILI,bungoma,,,,,,,,
constituency,tongaren,TONGAREN,bungoma,,,,,,,,
constituency,teso_north,TESO NORTH,busia,,,,,,,,
constituency,teso_south,TESO SOUTH,busia,,,,,,,,
constituency,nambale,NAMBALE,busia,,,,,,,,
constituency,matayos,MATAYOS,busia,,,,,,,,
constituency,butula,BUTULA,busia,,,,,,,,
constituency,funyula,FUNYULA,busia,,,,,,,,
constituency,budalangi,BUDALANGI,busia,,,,,,,,
constituency,ugenya,UGENYA,siaya,,,,,,,,
constituency,ugunja,UGUNJA,siaya,,,,,,,,
constituency,alego_usonga,ALEGO USONGA,siaya,,,,,,,,
constituency,gem,GEM,siaya,,,,,,,,
constituency,bondo,BONDO,siaya,,,,,,,,
constituency,rarieda,RARIEDA,siaya,,,,,,,,
constituency,kisumu_east,KISUMU EAST,kisumu,,,,,,,,
constituency,kisumu_west,KISUMU WEST,kisumu,,,,,,,,
constituency,kisumu_central,KISUMU CENTRAL,kisumu,,,,,,,,
constituency,seme,SEME,kisumu,,,,,,,,
constituency,nyando,NYANDO,kisumu,,,,,,,,
constituency,muhoroni,MUHORONI,kisumu,,,,,,,,
constituency,nyakach,NYAKACH,kisumu,,,,,,,,
constituency,kasipul,KASIPUL,homa_bay,,,,,,,,
constituency,kabondo_kasipul,KABONDO KASIPUL,homa_bay,,,,,,,,
constituency,karachuonyo,KARACHUONYO,homa_bay,,,,,,,,
constituency,rangwe,RANGWE,homa_bay,,,,,,,,
constituency,homa_bay_town,HOMA BAY TOWN,homa_bay,,,,,,,,
constituency,ndhiwa,NDHIWA,homa_bay,,,,,,,,
constituency,suba_north,SUBA NORTH,homa_bay,,,,,,,,
constituency,suba_south,SUBA SOUTH,homa_bay,,,,,,,,
constituency,rongo,RONGO,migori,,,,,,,,
constituency,awendo,AWENDO,migori,,,,,,,,
constituency,suna_east,SUNA EAST,migori,,,,,,,,
constituency,suna_west,SUNA WEST,migori,,,,,,,,
constituency,uriri,URIRI,migori,,,,,,,,
constituency,nyatike,NYATIKE,migori,,,,,,,,
constituency,kuria_west,KURIA WEST,migori,,,,,,,,
constituency,kuria_east,KURIA EAST,migori,,,,,,,,
constituency,bonchari,BONCHARI,kisii,,,,,,,,
constituency,south_mugirango,SOUTH MUGIRANGO,kisii,,,,,,,,
constituency,bomachoge_borabu,BOMACHOGE BORABU,kisii,,,,,,,,
constituency,bobasi,BOBASI,kisii,,,,,,,,
constituency,bomachoge_chache,BOMACHOGE CHACHE,kisii,,,,,,,,
constituency,nyaribari_masaba,NYARIBARI MASABA,kisii,,,,,,,,
constituency,nyaribari_chache,NYARIBARI CHACHE,kisii,,,,,,,,
constituency,kitutu_chache_north,KITUTU CHACHE NORTH,kisii,,,,,,,,
constituency,kitutu_chache_south,KITUTU CHACHE SOUTH,kisii,,,,,,,,
constituency,kitutu_masaba,KITUTU MASABA,nyamira,,,,,,,,
constituency,west_mugirango,WEST MUGIRANGO,nyamira,,,,,,,,
constituency,north_mugirango,NORTH MUGIRANGO,nyamira,,,,,,,,
constituency,borabu,BORABU,nyamira,,,,,,,,
constituency,westlands,WESTLANDS,nairobi_city,,,,,,,,
constituency,dagoretti_north,DAGORETTI NORTH,nairobi_city,,,,,,,,
constituency,dagoretti_south,DAGORETTI SOUTH,nairobi_city,,,,,,,,
constituency,langata,LANGATA,nairobi_city,,,,,,,,
constituency,kibra,KIBRA,nairobi_city,,,,,,,,
constituency,roysambu,ROYSAMBU,nairobi_city,,,,,,,,
constituency,kasarani,KASARANI,nairobi_city,,,,,,,,
constituency,ruaraka,RUARAKA,nairobi_city,,,,,,,,
constituency,embakasi_south,EMBAKASI SOUTH,nairobi_city,,,,,,,,
constituency,embakasi_north,EMBAKASI NORTH,nairobi_city,,,,,,,,
constituency,embakasi_central,EMBAKASI CENTRAL,nairobi_city,,,,,,,,
constituency,embakasi_east,EMBAKASI EAST,nairobi_city,,,,,,,,
constituency,embakasi_west,EMBAKASI WEST,nairobi_city,,,,,,,,
constituency,makadara,MAKADARA,nairobi_city,,,,,,,,
constituency,kamukunji,KAMUKUNJI,nairobi_city,,,,,,,,
constituency,starehe,STAREHE,nairobi_city,,,,,,,,
constituency,mathare,MATHARE,nairobi_city,,,,,,,,
subcounty,changamwe,CHANGAMWE,mombasa,,,,,,,,
subcounty,jomvu,JOMVU,mombasa,,,,,,,,
subcounty,kisauni,KISAUNI,mombasa,,,,,,,,
subcounty,likoni,LIKONI,mombasa,,,,,,,,
subcounty,mvita,MVITA,mombasa,,,,,,,,
subcounty,nyali,NYALI,mombasa,,,,,,,,
subcounty,kinango,KINANGO,kwale,,,,,,,,
subcounty,lunga_lunga,LUNGA LUNGA,kwale,,,,,,,,
subcounty,matuga,MATUGA,kwale,,,,,,,,
subcounty,msambweni,MSAMBWENI,kwale,,,,,,,,
subcounty,samburu,SAMBURU,kwale,,,,,,,,
subcounty,chonyi,CHONYI,kilifi,,,,,,,,
subcounty,ganze,GANZE,kwale,,,,,,,,
subcounty,kaloleni,KALOLENI,kwale,,,,,,,,
subcounty,kauma,KAUMA,kwale,,,,,,,,
subcounty,kilifi_north,KILIFI NORTH,kwale,,,,,,,,
subcounty,kilifi_south,KILIFI SOUTH,kwale,,,,,,,,
subcounty,magarini,MAGARINI,kwale,,,,,,,,
subcounty,malindi,MALINDI,kwale,,,,,,,,
subcounty,rabai,RABAI,kwale,,,,,,,,
subcounty,tana_delta,TANA DELTA,tana_river,,,,,,,,
subcounty,tana_north,TANA NORTH,tana_river,,,,,,,,
subcounty,tana_river,TANA RIVER,tana_river,,,,,,,,
subcounty,lamu_east,LAMU EAST,lamu,,,,,,,,
subcounty,lamu_west,LAMU WEST,lamu,,,,,,,,
subcounty,mwatate,MWATATE,taita_taveta,,,,,,,,
subcounty,taita,TAITA,taita_taveta,,,,,,,,
subcounty,taveta,TAVETA,taita_taveta,,,,,,,,
subcounty,voi,VOI,taita_taveta,,,,,,,,
subcounty,balambala,BALAMBALA,garissa,,,,,,,,
subcounty,dadaab,DADAAB,garissa,,,,,,,,
subcounty,fafi,FAFI,garissa,,,,,,,,
subcounty,garissa,GARISSA,garissa,,,,,,,,
subcounty,hulugho,HULUGHO,garissa,,,,,,,,
subcounty,ijara,IJARA,garissa,,,,,,,,
subcounty,lagdera,LAGDERA,garissa,,,,,,,,
subcounty,buna,BUNA,wajir,,,,,,,,
subcounty,eldas,ELDAS,wajir,,,,,,,,
subcounty,habaswein,HABASWEIN,wajir,,,,,,,,
subcounty,tarbaj,TARBAJ,wajir,,,,,,,,
subcounty,wajir_east,WAJIR EAST,wajir,,,,,,,,
subcounty,wajir_north,WAJIR NORTH,wajir,,,,,,,,
subcounty,wajir_south,WAJIR SOUTH,wajir,,,,,,,,
subcounty,wajir_west,WAJIR WEST,wajir,,,,,,,,
subcounty,mandera_west,MANDERA WEST,mandera,,,,,,,,
subcounty,banisa,BANISA,mandera,,,,,,,,
subcounty,kutulo,KUTULO,mandera,,,,,,,,
subcounty,lafey,LAFEY,mandera,,,,,,,,
subcounty,mandera_central,MANDERA CENTRAL,mandera,,,,,,,,
subcounty,mandera_east,MANDERA EAST,mandera,,,,,,,,
subcounty,mandera_north,MANDERA NORTH,mandera,,,,,,,,
subcounty,loiyangalani,LOIYANGALANI,marsabit,,,,,,,,
subcounty,marsabit_central,MARSABIT CENTRAL,marsabit,,,,,,,,
subcounty,marsabit_north,MARSABIT NORTH,marsabit,,,,,,,,
subcounty,marsabit_south,MARSABIT SOUTH,marsabit,,,,,,,,
subcounty,moyale,MOYALE,marsabit,,,,,,,,
subcounty,north_horr,NORTH HORR,marsabit,,,,,,,,
subcounty,sololo,SOLOLO,marsabit,,,,,,,,
subcounty,garbatulla,GARBATULLA,isiolo,,,,,,,,
subcounty,isiolo,ISIOLO,isiolo,,,,,,,,
subcounty,merti,MERTI,isiolo,,,,,,,,
subcounty,buuri_east,BUURI EAST,meru,,,,,,,,
subcounty,buuri_west,BUURI WEST,meru,,,,,,,,
subcounty,igembe_central,IGEMBE CENTRAL,meru,,,,,,,,
subcounty,igembe_north,IGEMBE NORTH,meru,,,,,,,,
subcounty,igembe_south,IGEMBE SOUTH,meru,,,,,,,,
subcounty,imenti_north,IMENTI NORTH,meru,,,,,,,,
subcounty,imenti_south,IMENTI SOUTH,meru,,,,,,,,
subcounty,meru_central,MERU CENTRAL,meru,,,,,,,,
subcounty,tigania_central,TIGANIA CENTRAL,meru,,,,,,,,
subcounty,tigania_east,TIGANIA EAST,meru,,,,,,,,
subcounty,tigania_west,TIGANIA WEST,meru,,,,,,,,
subcounty,meru_national_park,MERU NATIONAL PARK,meru,,,,,,,,
subcounty,mt._kenya_forest,MT. KENYA FOREST,meru,,,,,,,,
subcounty,igambangombe,IGAMBANG'OMBE,tharaka-nithi,,,,,,,,
subcounty,maara,MAARA,tharaka-nithi,,,,,,,,
subcounty,meru_south,MERU SOUTH,tharaka-nithi,,,,,,,,
subcounty,tharaka_north,THARAKA NORTH,tharaka-nithi,,,,,,,,
subcounty,tharaka_south,THARAKA SOUTH,tharaka-nithi,,,,,,,,
subcounty,mt._kenya_forest,MT. KENYA FOREST,tharaka-nithi,,,,,,,,
subcounty,embu_east,EMBU EAST,embu,,,,,,,,
subcounty,embu_north,EMBU NORTH,embu,,,,,,,,
subcounty,embu_west,EMBU WEST,embu,,,,,,,,
subcounty,mbeere_south,MBEERE SOUTH,embu,,,,,,,,
subcounty,mbeere_north,MBEERE NORTH,embu,,,,,,,,
subcounty,mt._kenya_forest,MT. KENYA FOREST,embu,,,,,,,,
subcounty,ikutha,IKUTHA,kitui,,,,,,,,
subcounty,katulani,KATULANI,kitui,,,,,,,,
subcounty,kisasi,KISASI,kitui,,,,,,,,
subcounty,kitui_central,KITUI CENTRAL,kitui,,,,,,,,
subcounty,kitui_west,KITUI WEST,kitui,,,,,,,,
subcounty,kyuso,KYUSO,kitui,,,,,,,,
subcounty,lower_yatta,LOWER YATTA,kitui,,,,,,,,
subcounty,matinyani,MATINYANI,kitui,,,,,,,,
subcounty,migwani,MIGWANI,kitui,,,,,,,,
subcounty,mumoni,MUMONI,kitui,,,,,,,,
subcounty,mutitu,MUTITU,kitui,,,,,,,,
subcounty,mutitu_north,MUTITU NORTH,kitui,,,,,,,,
subcounty,mutomo,MUTOMO,kitui,,,,,,,,
subcounty,mwingi_central,MWINGI CENTRAL,kitui,,,,,,,,
subcounty,mwingi_east,MWINGI EAST,kitui,,,,,,,,
subcounty,nzambani,NZAMBANI,kitui,,,,,,,,
subcounty,thagicu,THAGICU,kitui,,,,,,,,
subcounty,tseikuru,TSEIKURU,kitui,,,,,,,,
subcounty,athi_river,ATHI RIVER,machakos,,,,,,,,
subcounty,kalama,KALAMA,machakos,,,,,,,,
subcounty,kangundo,KANGUNDO,machakos,,,,,,,,
subcounty,kathiani,KATHIANI,machakos,,,,,,,,
subcounty,machakos,MACHAKOS,machakos,,,,,,,,
subcounty,masinga,MASINGA,machakos,,,,,,,,
subcounty,matungulu,MATUNGULU,machakos,,,,,,,,
subcounty,mwala,MWALA,machakos,,,,,,,,
subcounty,yatta,YATTA,machakos,,,,,,,,
subcounty,kathonzweni,KATHONZWENI,makueni,,,,,,,,
subcounty,kibwezi,KIBWEZI,makueni,,,,,,,,
subcounty,kilungu,KILUNGU,makueni,,,,,,,,
subcounty,makindu,MAKINDU,makueni,,,,,,,,
subcounty,makueni,MAKUENI,makueni,,,,,,,,
subcounty,mbooni_east,MBOONI EAST,makueni,,,,,,,,
subcounty,mbooni_west,MBOONI WEST,makueni,,,,,,,,
subcounty,mukaa,MUKAA,makueni,,,,,,,,
subcounty,nzaui,NZAUI,makueni,,,,,,,,
subcounty,kinangop,KINANGOP,nyandarua,,,,,,,,
subcounty,nyandarua_south,NYANDARUA SOUTH,nyandarua,,,,,,,,
subcounty,mirangine,MIRANGINE,nyandarua,,,,,,,,
subcounty,kipipiri,KIPIPIRI,nyandarua,,,,,,,,
subcounty,nyandarua_central,NYANDARUA CENTRAL,nyandarua,,,,,,,,
subcounty,nyandarua_west,NYANDARUA WEST,nyandarua,,,,,,,,
subcounty,nyandarua_north,NYANDARUA NORTH,nyandarua,,,,,,,,
subcounty,aberdare_national_park,ABERDARE NATIONAL PARK,nyandarua,,,,,,,,
subcounty,tetu,TETU,nyeri,,,,,,,,
subcounty,kieni_east,KIENI EAST,nyeri,,,,,,,,
subcounty,kieni_west,KIENI WEST,nyeri,,,,,,,,
subcounty,mathira_east,MATHIRA EAST,nyeri,,,,,,,,
subcounty,mathira_west,MATHIRA WEST,nyeri,,,,,,,,
subcounty,nyeri_south,NYERI SOUTH,nyeri,,,,,,,,
subcounty,mukurwe-ini,MUKURWE-INI,nyeri,,,,,,,,
subcounty,nyeri_central,NYERI CENTRAL,nyeri,,,,,,,,
subcounty,mt._kenya_forest,MT. KENYA FOREST,nyeri,,,,,,,,
subcounty,aberdare_forest,ABERDARE FOREST,nyeri,,,,,,,,
subcounty,kirinyaga_central,KIRINYAGA CENTRAL,kirinyaga,,,,,,,,
subcounty,kirinyaga_east,KIRINYAGA EAST,kirinyaga,,,,,,,,
subcounty,kirinyaga_west,KIRINYAGA WEST,kirinyaga,,,,,,,,
subcounty,mwea_east,MWEA EAST,kirinyaga,,,,,,,,
subcounty,mwea_west,MWEA WEST,kirinyaga,,,,,,,,
subcounty,mt._kenya_forest,MT. KENYA FOREST,kirinyaga,,,,,,,,
subcounty,muranga_east,MURANG'A EAST,muranga,,,,,,,,
subcounty,kangema,KANGEMA,muranga,,,,,,,,
subcounty,mathioya,MATHIOYA,muranga,,,,,,,,
subcounty,kahuro,KAHURO,muranga,,,,,,,,
subcounty,muranga_south,MURANG'A SOUTH,muranga,,,,,,,,
subcounty,gatanga,GATANGA,muranga,,,,,,,,
subcounty,kigumo,KIGUMO,muranga,,,,,,,,
subcounty,kandara,KANDARA,muranga,,,,,,,,
subcounty,aberdare_forest,ABERDARE FOREST,muranga,,,,,,,,
subcounty,gatundu_north,GATUNDU NORTH,kiambu,,,,,,,,
subcounty,gatundu_south,GATUNDU SOUTH,kiambu,,,,,,,,
subcounty,githunguri,GITHUNGURI,kiambu,,,,,,,,
subcounty,juja,JUJA,kiambu,,,,,,,,
subcounty,kabete,KABETE,kiambu,,,,,,,,
subcounty,kiambaa,KIAMBAA,kiambu,,,,,,,,
subcounty,kiambu,KIAMBU,kiambu,,,,,,,,
subcounty,kikuyu,KIKUYU,kiambu,,,,,,,,
subcounty,lari,LARI,kiambu,,,,,,,,
subcounty,limuru,LIMURU,kiambu,,,,,,,,
subcounty,ruiru,RUIRU,kiambu,,,,,,,,
subcounty,thika_east,THIKA EAST,kiambu,,,,,,,,
subcounty,thika_west,THIKA WEST,kiambu,,,,,,,,
subcounty,kibish,KIBISH,turkana,,,,,,,,
subcounty,loima,LOIMA,turkana,,,,,,,,
subcounty,turkana_central,TURKANA CENTRAL,turkana,,,,,,,,
subcounty,turkana_east,TURKANA EAST,turkana,,,,,,,,
subcounty,turkana_north,TURKANA NORTH,turkana,,,,,,,,
subcounty,turkana_south,TURKANA SOUTH,turkana,,,,,,,,
subcounty,turkana_west,TURKANA WEST,turkana,,,,,,,,
subcounty,kipkomo,KIPKOMO,west_pokot,,,,,,,,
subcounty,pokot_central,POKOT CENTRAL,west_pokot,,,,,,,,
subcounty,pokot_north,POKOT NORTH,west_pokot,,,,,,,,
subcounty,pokot_south,POKOT SOUTH,west_pokot,,,,,,,,
subcounty,west_pokot,WEST POKOT,west_pokot,,,,,,,,
subcounty,samburu_central,SAMBURU CENTRAL,samburu,,,,,,,,
subcounty,samburu_east,SAMBURU EAST,samburu,,,,,,,,
subcounty,samburu_north,SAMBURU NORTH,samburu,,,,,,,,
subcounty,trans_nzoia_west,TRANS NZOIA WEST,trans_nzoia,,,,,,,,
subcounty,trans_nzoia_east,TRANS NZOIA EAST,trans_nzoia,,,,,,,,
subcounty,kwanza,KWANZA,trans_nzoia,,,,,,,,
subcounty,endebess,ENDEBESS,trans_nzoia,,,,,,,,
subcounty,kiminini,KIMININI,trans_nzoia,,,,,,,,
subcounty,ainabkoi,AINABKOI,uasin_gishu,,,,,,,,
subcounty,kapseret,KAPSERET,uasin_gishu,,,,,,,,
subcounty,kesses,KESSES,uasin_gishu,,,,,,,,
subcounty,moiben,MOIBEN,uasin_gishu,,,,,,,,
subcounty,soy,SOY,uasin_gishu,,,,,,,,
subcounty,turbo,TURBO,uasin_gishu,,,,,,,,
subcounty,keiyo_north,KEIYO NORTH,elgeyo_marakwet,,,,,,,,
subcounty,keiyo_south,KEIYO SOUTH,elgeyo_marakwet,,,,,,,,
subcounty,marakwet_east,MARAKWET EAST,elgeyo_marakwet,,,,,,,,
subcounty,marakwet_west,MARAKWET WEST,elgeyo_marakwet,,,,,,,,
subcounty,chesumei,CHESUMEI,nandi,,,,,,,,
subcounty,nandi_central,NANDI CENTRAL,nandi,,,,,,,,
subcounty,nandi_east,NANDI EAST,nandi,,,,,,,,
subcounty,nandi_north,NANDI NORTH,nandi,,,,,,,,
subcounty,nandi_south,NANDI SOUTH,nandi,,,,,,,,
subcounty,tinderet,TINDERET,nandi,,,,,,,,
subcounty,baringo_central,BARINGO CENTRAL,baringo,,,,,,,,
subcounty,baringo_north,BARINGO NORTH,baringo,,,,,,,,
subcounty,east_pokot,EAST POKOT,baringo,,,,,,,,
subcounty,koibatek,KOIBATEK,baringo,,,,,,,,
subcounty,marigat,MARIGAT,baringo,,,,,,,,
subcounty,mogotio,MOGOTIO,baringo,,,,,,,,
subcounty,tiaty_east,TIATY EAST,baringo,,,,,,,,
subcounty,lake_baringo,LAKE BARINGO,baringo,,,,,,,,
subcounty,laikipia_central,LAIKIPIA CENTRAL,laikipia,,,,,,,,
subcounty,laikipia_east,LAIKIPIA EAST,laikipia,,,,,,,,
subcounty,laikipia_north,LAIKIPIA NORTH,laikipia,,,,,,,,
subcounty,laikipia_west,LAIKIPIA WEST,laikipia,,,,,,,,
subcounty,nyahururu,NYAHURURU,laikipia,,,,,,,,
subcounty,gilgil,GILGIL,nakuru,,,,,,,,
subcounty,kuresoi_north,KURESOI NORTH,nakuru,,,,,,,,
subcounty,kuresoi_south,KURESOI SOUTH,nakuru,,,,,,,,
subcounty,molo,MOLO,nakuru,,,,,,,,
subcounty,naivasha,NAIVASHA,nakuru,,,,,,,,
subcounty,nakuru_east,NAKURU EAST,nakuru,,,,,,,,
subcounty,nakuru_north,NAKURU NORTH,nakuru,,,,,,,,
subcounty,nakuru_west,NAKURU WEST,nakuru,,,,,,,,
subcounty,njoro,NJORO,nakuru,,,,,,,,
subcounty,rongai,RONGAI,nakuru,,,,,,,,
subcounty,subukia,SUBUKIA,nakuru,,,,,,,,
subcounty,narok_east,NAROK EAST,narok,,,,,,,,
subcounty,narok_north,NAROK NORTH,narok,,,,,,,,
subcounty,narok_south,NAROK SOUTH,narok,,,,,,,,
subcounty,narok_west,NAROK WEST,narok,,,,,,,,
subcounty,trans_mara_east,TRANS MARA EAST,narok,,,,,,,,
subcounty,trans_mara_west,TRANS MARA WEST,narok,,,,,,,,
subcounty,mau_forest,MAU FOREST,narok,,,,,,,,
subcounty,isinya,ISINYA,kajiado,,,,,,,,
subcounty,kajiado_central,KAJIADO CENTRAL,kajiado,,,,,,,,
subcounty,kajiado_north,KAJIADO NORTH,kajiado,,,,,,,,
subcounty,kajiado_west,KAJIADO WEST,kajiado,,,,,,,,
subcounty,loitokitok,LOITOKITOK,kajiado,,,,,,,,
subcounty,mashuuru,MASHUURU,kajiado,,,,,,,,
subcounty,belgut,BELGUT,kericho,,,,,,,,
subcounty,bureti,BURETI,kericho,,,,,,,,
subcounty,kericho_east,KERICHO EAST,kericho,,,,,,,,
subcounty,kipkelion,KIPKELION,kericho,,,,,,,,
subcounty,londiani,LONDIANI,kericho,,,,,,,,
subcounty,soin_sigowet,SOIN SIGOWET,kericho,,,,,,,,
subcounty,mau_forest,MAU FOREST,kericho,,,,,,,,
subcounty,tinderet_forest,TINDERET FOREST,kericho,,,,,,,,
subcounty,bomet_east,BOMET EAST,bomet,,,,,,,,
subcounty,chepalungu,CHEPALUNGU,bomet,,,,,,,,
subcounty,konoin,KONOIN,bomet,,,,,,,,
subcounty,sotik,SOTIK,bomet,,,,,,,,
subcounty,bomet_central,BOMET CENTRAL,bomet,,,,,,,,
subcounty,mau_forest,MAU FOREST,bomet,,,,,,,,
subcounty,butere,BUTERE,kakamega,,,,,,,,
subcounty,kakamega_central,KAKAMEGA CENTRAL,kakamega,,,,,,,,
subcounty,kakamega_east,KAKAMEGA EAST,kakamega,,,,,,,,
subcounty,kakamega_north,KAKAMEGA NORTH,kakamega,,,,,,,,
subcounty,kakamega_south,KAKAMEGA SOUTH,kakamega,,,,,,,,
subcounty,khwisero,KHWISERO,kakamega,,,,,,,,
subcounty,likuyani,LIKUYANI,kakamega,,,,,,,,
subcounty,lugari,LUGARI,kakamega,,,,,,,,
subcounty,matete,MATETE,kakamega,,,,,,,,
subcounty,matungu,MATUNGU,kakamega,,,,,,,,
subcounty,mumias_east,MUMIAS EAST,kakamega,,,,,,,,
subcounty,mumias_west,MUMIAS WEST,kakamega,,,,,,,,
subcounty,navakholo,NAVAKHOLO,kakamega,,,,,,,,
subcounty,emuhaya,EMUHAYA,vihiga,,,,,,,,
subcounty,vihiga,VIHIGA,vihiga,,,,,,,,
subcounty,sabatia,SABATIA,vihiga,,,,,,,,
subcounty,luanda,LUANDA,vihiga,,,,,,,,
subcounty,hamisi,HAMISI,vihiga,,,,,,,,
subcounty,kakamega_forest,KAKAMEGA FOREST,vihiga,,,,,,,,
subcounty,bumula,BUMULA,bungoma,,,,,,,,
subcounty,bungoma_central,BUNGOMA CENTRAL,bungoma,,,,,,,,
subcounty,bungoma_east,BUNGOMA EAST,bungoma,,,,,,,,
subcounty,bungoma_north,BUNGOMA NORTH,bungoma,,,,,,,,
subcounty,bungoma_south,BUNGOMA SOUTH,bungoma,,,,,,,,
subcounty,cheptais,CHEPTAIS,bungoma,,,,,,,,
subcounty,kimilili,KIMILILI,bungoma,,,,,,,,
subcounty,mount_elgon,MOUNT ELGON,bungoma,,,,,,,,
subcounty,bungoma_west,BUNGOMA WEST,bungoma,,,,,,,,
subcounty,tongaren,TONGAREN,bungoma,,,,,,,,
subcounty,webuye_west,WEBUYE WEST,bungoma,,,,,,,,
subcounty,mt._elgon_forest,MT. ELGON FOREST,bungoma,,,,,,,,
subcounty,bunyala,BUNYALA,busia,,,,,,,,
subcounty,busia,BUSIA,busia,,,,,,,,
subcounty,butula,BUTULA,busia,,,,,,,,
subcounty,nambale,NAMBALE,busia,,,,,,,,
subcounty,samia,SAMIA,busia,,,,,,,,
subcounty,teso_north,TESO NORTH,busia,,,,,,,,
subcounty,teso_south,TESO SOUTH,busia,,,,,,,,
subcounty,siaya,SIAYA,siaya,,,,,,,,
subcounty,gem,GEM,siaya,,,,,,,,
subcounty,ugenya,UGENYA,siaya,,,,,,,,
subcounty,ugunja,UGUNJA,siaya,,,,,,,,
subcounty,bondo,BONDO,siaya,,,,,,,,
subcounty,rarieda,RARIEDA,siaya,,,,,,,,
subcounty,kisumu_east,KISUMU EAST,kisumu,,,,,,,,
subcounty,kisumu_central,KISUMU CENTRAL,kisumu,,,,,,,,
subcounty,kisumu_west,KISUMU WEST,kisumu,,,,,,,,
subcounty,seme,SEME,kisumu,,,,,,,,
subcounty,muhoroni,MUHORONI,kisumu,,,,,,,,
subcounty,nyando,NYANDO,kisumu,,,,,,,,
subcounty,nyakach,NYAKACH,kisumu,,,,,,,,
subcounty,homa_bay,HOMA BAY,homa_bay,,,,,,,,
subcounty,ndhiwa,NDHIWA,homa_bay,,,,,,,,
subcounty,rachuonyo_north,RACHUONYO NORTH,homa_bay,,,,,,,,
subcounty,rachuonyo_east,RACHUONYO EAST,homa_bay,,,,,,,,
subcounty,rachuonyo_south,RACHUONYO SOUTH,homa_bay,,,,,,,,
subcounty,rangwe,RANGWE,homa_bay,,,,,,,,
subcounty,suba_north,SUBA NORTH,homa_bay,,,,,,,,
subcounty,suba_south,SUBA SOUTH,homa_bay,,,,,,,,
subcounty,awendo,AWENDO,migori,,,,,,,,
subcounty,kuria_east,KURIA EAST,migori,,,,,,,,
subcounty,kuria_west,KURIA WEST,migori,,,,,,,,
subcounty,nyatike,NYATIKE,migori,,,,,,,,
subcounty,rongo,RONGO,migori,,,,,,,,
subcounty,suna_east,SUNA EAST,migori,,,,,,,,
subcounty,suna_west,SUNA WEST,migori,,,,,,,,
subcounty,uriri,URIRI,migori,,,,,,,,
subcounty,etago,ETAGO,kisii,,,,,,,,
subcounty,gucha,GUCHA,kisii,,,,,,,,
subcounty,gucha_south,GUCHA SOUTH,kisii,,,,,,,,
subcounty,kenyenya,KENYENYA,kisii,,,,,,,,
subcounty,kisii_central,KISII CENTRAL,kisii,,,,,,,,
subcounty,kisii_south,KISII SOUTH,kisii,,,,,,,,
subcounty,kitutu_central,KITUTU CENTRAL,kisii,,,,,,,,
subcounty,marani,MARANI,kisii,,,,,,,,
subcounty,masaba_south,MASABA SOUTH,kisii,,,,,,,,
subcounty,nyamache,NYAMACHE,kisii,,,,,,,,
subcounty,sameta,SAMETA,kisii,,,,,,,,
subcounty,borabu,BORABU,nyamira,,,,,,,,
subcounty,manga,MANGA,nyamira,,,,,,,,
subcounty,masaba_north,MASABA NORTH,nyamira,,,,,,,,
subcounty,nyamira_north,NYAMIRA NORTH,nyamira,,,,,,,,
subcounty,nyamira_south,NYAMIRA SOUTH,nyamira,,,,,,,,
subcounty,dagoretti,DAGORETTI,nairobi_city,,,,,,,,
subcounty,embakasi,EMBAKASI,nairobi_city,,,,,,,,
subcounty,kamukunji,KAMUKUNJI,nairobi_city,,,,,,,,
subcounty,kasarani,KASARANI,nairobi_city,,,,,,,,
subcounty,kibra,KIBRA,nairobi_city,,,,,,,,
subcounty,langata,LANG'ATA,nairobi_city,,,,,,,,
subcounty,makadara,MAKADARA,nairobi_city,,,,,,,,
subcounty,mathare,MATHARE,nairobi_city,,,,,,,,
subcounty,njiru,NJIRU,nairobi_city,,,,,,,,
subcounty,starehe,STAREHE,nairobi_city,,,,,,,,
subcounty,westlands,WESTLANDS,nairobi_city,,,,,,,,
ward,port_reitz,PORT REITZ,,changamwe,,,,,,,
ward,kipevu,KIPEVU,,changamwe,,,,,,,
ward,airport,AIRPORT,,changamwe,,,,,,,
ward,changamwe,CHANGAMWE,,changamwe,,,,,,,
ward,chaani,CHAANI,,changamwe,,,,,,,
ward,jomvu_kuu,JOMVU KUU,,jomvu,,,,,,,
ward,miritini,MIRITINI,,jomvu,,,,,,,
ward,mikindani,MIKINDANI,,jomvu,,,,,,,
ward,mjambere,MJAMBERE,,kisauni,,,,,,,
ward,junda,JUNDA,,kisauni,,,,,,,
ward,bamburi,BAMBURI,,kisauni,,,,,,,
ward,mwakirunge,MWAKIRUNGE,,kisauni,,,,,,,
ward,mtopanga,MTOPANGA,,kisauni,,,,,,,
ward,magogoni,MAGOGONI,,kisauni,,,,,,,
ward,shanzu,SHANZU,,kisauni,,,,,,,
ward,frere_town,FRERE TOWN,,nyali,,,,,,,
ward,ziwa_la_ngombe,ZIWA LA NG'OMBE,,nyali,,,,,,,
ward,mkomani,MKOMANI,,nyali,,,,,,,
ward,kongowea,KONGOWEA,,nyali,,,,,,,
ward,kadzandani,KADZANDANI,,nyali,,,,,,,
ward,mtongwe,MTONGWE,,likoni,,,,,,,
ward,shika_adabu,SHIKA ADABU,,likoni,,,,,,,
ward,bofu,BOFU,,likoni,,,,,,,
ward,likoni,LIKONI,,likoni,,,,,,,
ward,timbwani,TIMBWANI,,likoni,,,,,,,
ward,mji_wa_kale_makadara,MJI WA KALE/MAKADARA,,mvita,,,,,,,
ward,tudor,TUDOR,,mvita,,,,,,,
ward,tononoka,TONONOKA,,mvita,,,,,,,
ward,shimanzi_ganjoni,SHIMANZI/GANJONI,,mvita,,,,,,,
ward,majengo,MAJENGO,,mvita,,,,,,,
ward,gombato_bongwe,GOMBATO BONGWE,,msambweni,,,,,,,
ward,ukunda,UKUNDA,,msambweni,,,,,,,
ward,kinondo,KINONDO,,msambweni,,,,,,,
ward,ramisi,RAMISI,,msambweni,,,,,,,
ward,pongwe_kikoneni,PONGWE/KIKONENI,,lungalunga,,,,,,,
ward,dzombo,DZOMBO,,lungalunga,,,,,,,
ward,mwereni,MWERENI,,lungalunga,,,,,,,
ward,vanga,VANGA,,lungalunga,,,,,,,
ward,tsimba_golini,TSIMBA GOLINI,,matuga,,,,,,,
ward,waa,WAA,,matuga,,,,,,,
ward,tiwi,TIWI,,matuga,,,,,,,
ward,kubo_south,KUBO SOUTH,,matuga,,,,,,,
ward,mkongani,MKONGANI,,matuga,,,,,,,
ward,ndavaya,NDAVAYA,,kinango,,,,,,,
ward,puma,PUMA,,kinango,,,,,,,
ward,kinango,KINANGO,,kinango,,,,,,,
ward,mackinnon_road,MACKINNON ROAD,,kinango,,,,,,,
ward,chengoni_samburu,CHENGONI/SAMBURU,,kinango,,,,,,,
ward,mwavumbo,MWAVUMBO,,kinango,,,,,,,
ward,kasemeni,KASEMENI,,kinango,,,,,,,
ward,tezo,TEZO,,kilifi_north,,,,,,,
ward,sokoni,SOKONI,,kilifi_north,,,,,,,
ward,kibarani,KIBARANI,,kilifi_north,,,,,,,
ward,dabaso,DABASO,,kilifi_north,,,,,,,
ward,matsangoni,MATSANGONI,,kilifi_north,,,,,,,
ward,watamu,WATAMU,,kilifi_north,,,,,,,
ward,mnarani,MNARANI,,kilifi_north,,,,,,,
ward,junju,JUNJU,,kilifi_south,,,,,,,
ward,mwarakaya,MWARAKAYA,,kilifi_south,,,,,,,
ward,shimo_la_tewa,SHIMO LA TEWA,,kilifi_south,,,,,,,
ward,chasimba,CHASIMBA,,kilifi_south,,,,,,,
ward,mtepeni,MTEPENI,,kilifi_south,,,,,,,
ward,mariakani,MARIAKANI,,kaloleni,,,,,,,
ward,kayafungo,KAYAFUNGO,,kaloleni,,,,,,,
ward,kaloleni,KALOLENI,,kaloleni,,,,,,,
ward,mwanamwinga,MWANAMWINGA,,kaloleni,,,,,,,
ward,mwawesa,MWAWESA,,rabai,,,,,,,
ward,ruruma,RURUMA,,rabai,,,,,,,
ward,kambe_ribe,KAMBE/RIBE,,rabai,,,,,,,
ward,rabai_kisurutini,RABAI/KISURUTINI,,rabai,,,,,,,
ward,ganze,GANZE,,ganze,,,,,,,
ward,bamba,BAMBA,,ganze,,,,,,,
ward,jaribuni,JARIBUNI,,ganze,,,,,,,
ward,sokoke,SOKOKE,,ganze,,,,,,,
ward,jilore,JILORE,,malindi,,,,,,,
ward,kakuyuni,KAKUYUNI,,malindi,,,,,,,
ward,ganda,GANDA,,malindi,,,,,,,
ward,malindi_town,MALINDI TOWN,,malindi,,,,,,,
ward,shella,SHELLA,,malindi,,,,,,,
ward,marafa,MARAFA,,magarini,,,,,,,
ward,magarini,MAGARINI,,magarini,,,,,,,
ward,gongoni,GONGONI,,magarini,,,,,,,
ward,adu,ADU,,magarini,,,,,,,
ward,garashi,GARASHI,,magarini,,,,,,,
ward,sabaki,SABAKI,,magarini,,,,,,,
ward,kipini_east,KIPINI EAST,,garsen,,,,,,,
ward,garsen_south,GARSEN SOUTH,,garsen,,,,,,,
ward,kipini_west,KIPINI WEST,,garsen,,,,,,,
ward,garsen_central,GARSEN CENTRAL,,garsen,,,,,,,
ward,garsen_west,GARSEN WEST,,garsen,,,,,,,
ward,garsen_north,GARSEN NORTH,,garsen,,,,,,,
ward,kinakomba,KINAKOMBA,,galole,,,,,,,
ward,mikinduni,MIKINDUNI,,galole,,,,,,,
ward,chewani,CHEWANI,,galole,,,,,,,
ward,wayu,WAYU,,galole,,,,,,,
ward,chewele,CHEWELE,,bura,,,,,,,
ward,hirimani,HIRIMANI,,bura,,,,,,,
ward,bangale,BANGALE,,bura,,,,,,,
ward,sala,SALA,,bura,,,,,,,
ward,madogo,MADOGO,,bura,,,,,,,
ward,faza,FAZA,,lamu_east,,,,,,,
ward,kiunga,KIUNGA,,lamu_east,,,,,,,
ward,basuba,BASUBA,,lamu_east,,,,,,,
ward,shella,SHELLA,,lamu_west,,,,,,,
ward,mkomani,MKOMANI,,lamu_west,,,,,,,
ward,hindi,HINDI,,lamu_west,,,,,,,
ward,mkunumbi,MKUNUMBI,,lamu_west,,,,,,,
ward,hongwe,HONGWE,,lamu_west,,,,,,,
ward,witu,WITU,,lamu_west,,,,,,,
ward,bahari,BAHARI,,lamu_west,,,,,,,
ward,chala,CHALA,,taveta,,,,,,,
ward,mahoo,MAHOO,,taveta,,,,,,,
ward,bomani,BOMANI,,taveta,,,,,,,
ward,mboghoni,MBOGHONI,,taveta,,,,,,,
ward,mata,MATA,,taveta,,,,,,,
ward,wundanyi_mbale,WUNDANYI/MBALE,,wundanyi,,,,,,,
ward,werugha,WERUGHA,,wundanyi,,,,,,,
ward,wumingu_kishushe,WUMINGU/KISHUSHE,,wundanyi,,,,,,,
ward,mwanda_mgange,MWANDA/MGANGE,,wundanyi,,,,,,,
ward,ronge,RONG'E,,mwatate,,,,,,,
ward,mwatate,MWATATE,,mwatate,,,,,,,
ward,bura,BURA,,mwatate,,,,,,,
ward,chawia,CHAWIA,,mwatate,,,,,,,
ward,wusi_kishamba,WUSI/KISHAMBA,,mwatate,,,,,,,
ward,mbololo,MBOLOLO,,voi,,,,,,,
ward,sagalla,SAGALLA,,voi,,,,,,,
ward,kaloleni,KALOLENI,,voi,,,,,,,
ward,marungu,MARUNGU,,voi,,,,,,,
ward,kasigau,KASIGAU,,voi,,,,,,,
ward,ngolia,NGOLIA,,voi,,,,,,,
ward,waberi,WABERI,,garissa_township,,,,,,,
ward,galbet,GALBET,,garissa_township,,,,,,,
ward,township,TOWNSHIP,,garissa_township,,,,,,,
ward,iftin,IFTIN,,garissa_township,,,,,,,
ward,balambala,BALAMBALA,,balambala,,,,,,,
ward,danyere,DANYERE,,balambala,,,,,,,
ward,jara_jara,JARA JARA,,balambala,,,,,,,
ward,saka,SAKA,,balambala,,,,,,,
ward,sankuri,SANKURI,,balambala,,,,,,,
ward,modogashe,MODOGASHE,,lagdera,,,,,,,
ward,benane,BENANE,,lagdera,,,,,,,
ward,goreale,GOREALE,,lagdera,,,,,,,
ward,maalimin,MAALIMIN,,lagdera,,,,,,,
ward,sabena,SABENA,,lagdera,,,,,,,
ward,baraki,BARAKI,,lagdera,,,,,,,
ward,dertu,DERTU,,dadaab,,,,,,,
ward,dadaab,DADAAB,,dadaab,,,,,,,
ward,labasigale,LABASIGALE,,dadaab,,,,,,,
ward,damajale,DAMAJALE,,dadaab,,,,,,,
ward,liboi,LIBOI,,dadaab,,,,,,,
ward,abakaile,ABAKAILE,,dadaab,,,,,,,
ward,bura,BURA,,fafi,,,,,,,
ward,dekaharia,DEKAHARIA,,fafi,,,,,,,
ward,jarajila,JARAJILA,,fafi,,,,,,,
ward,fafi,FAFI,,fafi,,,,,,,
ward,nanighi,NANIGHI,,fafi,,,,,,,
ward,hulugho,HULUGHO,,ijara,,,,,,,
ward,sangailu,SANGAILU,,ijara,,,,,,,
ward,ijara,IJARA,,ijara,,,,,,,
ward,masalani,MASALANI,,ijara,,,,,,,
ward,gurar,GURAR,,wajir_north,,,,,,,
ward,bute,BUTE,,wajir_north,,,,,,,
ward,korondile,KORONDILE,,wajir_north,,,,,,,
ward,malkagufu,MALKAGUFU,,wajir_north,,,,,,,
ward,batalu,BATALU,,wajir_north,,,,,,,
ward,danaba,DANABA,,wajir_north,,,,,,,
ward,godoma,GODOMA,,wajir_north,,,,,,,
ward,wagberi,WAGBERI,,wajir_east,,,,,,,
ward,township,TOWNSHIP,,wajir_east,,,,,,,
ward,barwago,BARWAGO,,wajir_east,,,,,,,
ward,khorof_harar,KHOROF/HARAR,,wajir_east,,,,,,,
ward,elben,ELBEN,,tarbaj,,,,,,,
ward,sarman,SARMAN,,tarbaj,,,,,,,
ward,tarbaj,TARBAJ,,tarbaj,,,,,,,
ward,wargadud,WARGADUD,,tarbaj,,,,,,,
ward,arbajahan,ARBAJAHAN,,wajir_west,,,,,,,
ward,hadado_athibohol,HADADO/ATHIBOHOL,,wajir_west,,,,,,,
ward,adamasajide,ADAMASAJIDE,,wajir_west,,,,,,,
ward,ganyure_wagalla,GANYURE/WAGALLA,,wajir_west,,,,,,,
ward,eldas,ELDAS,,eldas,,,,,,,
ward,della,DELLA,,eldas,,,,,,,
ward,lakoley_south_basir,LAKOLEY SOUTH/BASIR,,eldas,,,,,,,
ward,elnur_tula_tula,ELNUR/TULA TULA,,eldas,,,,,,,
ward,benane,BENANE,,wajir_south,,,,,,,
ward,burder,BURDER,,wajir_south,,,,,,,
ward,dadaja_bulla,DADAJA BULLA,,wajir_south,,,,,,,
ward,habasswein,HABASSWEIN,,wajir_south,,,,,,,
ward,lagboghol_south,LAGBOGHOL SOUTH,,wajir_south,,,,,,,
ward,ibrahim_ure,IBRAHIM URE,,wajir_south,,,,,,,
ward,diif,DIIF,,wajir_south,,,,,,,
ward,takaba_south,TAKABA SOUTH,,mandera_west,,,,,,,
ward,takaba,TAKABA,,mandera_west,,,,,,,
ward,lagsure,LAGSURE,,mandera_west,,,,,,,
ward,dandu,DANDU,,mandera_west,,,,,,,
ward,gither,GITHER,,mandera_west,,,,,,,
ward,banissa,BANISSA,,banissa,,,,,,,
ward,derkhale,DERKHALE,,banissa,,,,,,,
ward,guba,GUBA,,banissa,,,,,,,
ward,malkamari,MALKAMARI,,banissa,,,,,,,
ward,kiliwehiri,KILIWEHIRI,,banissa,,,,,,,
ward,ashabito,ASHABITO,,mandera_north,,,,,,,
ward,guticha,GUTICHA,,mandera_north,,,,,,,
ward,morothile,MOROTHILE,,mandera_north,,,,,,,
ward,rhamu,RHAMU,,mandera_north,,,,,,,
ward,rhamu-dimtu,RHAMU-DIMTU,,mandera_north,,,,,,,
ward,wargadud,WARGADUD,,mandera_south,,,,,,,
ward,kutulo,KUTULO,,mandera_south,,,,,,,
ward,elwak_south,ELWAK SOUTH,,mandera_south,,,,,,,
ward,elwak_north,ELWAK NORTH,,mandera_south,,,,,,,
ward,shimbir_fatuma,SHIMBIR FATUMA,,mandera_south,,,,,,,
ward,arabia,ARABIA,,mandera_east,,,,,,,
ward,township,TOWNSHIP,,mandera_east,,,,,,,
ward,neboi,NEBOI,,mandera_east,,,,,,,
ward,khalalio,KHALALIO,,mandera_east,,,,,,,
ward,libehia,LIBEHIA,,mandera_east,,,,,,,
ward,sala,SALA,,lafey,,,,,,,
ward,fino,FINO,,lafey,,,,,,,
ward,lafey,LAFEY,,lafey,,,,,,,
ward,waranqara,WARANQARA,,lafey,,,,,,,
ward,alango_gof,ALANGO GOF,,lafey,,,,,,,
ward,butiye,BUTIYE,,moyale,,,,,,,
ward,sololo,SOLOLO,,moyale,,,,,,,
ward,heillu_manyatta,HEILLU/MANYATTA,,moyale,,,,,,,
ward,golbo,GOLBO,,moyale,,,,,,,
ward,moyale_township,MOYALE TOWNSHIP,,moyale,,,,,,,
ward,uran,URAN,,moyale,,,,,,,
ward,obbu,OBBU,,moyale,,,,,,,
ward,dukana,DUKANA,,north_horr,,,,,,,
ward,maikona,MAIKONA,,north_horr,,,,,,,
ward,turbi,TURBI,,north_horr,,,,,,,
ward,north_horr,NORTH HORR,,north_horr,,,,,,,
ward,illeret,ILLERET,,north_horr,,,,,,,
ward,sagante_jaldesa,SAGANTE/JALDESA,,saku,,,,,,,
ward,karare,KARARE,,saku,,,,,,,
ward,marsabit_central,MARSABIT CENTRAL,,saku,,,,,,,
ward,loiyangalani,LOIYANGALANI,,laisamis,,,,,,,
ward,kargi_south_horr,KARGI/SOUTH HORR,,laisamis,,,,,,,
ward,korr_ngurunit,KORR/NGURUNIT,,laisamis,,,,,,,
ward,logo_logo,LOGO LOGO,,laisamis,,,,,,,
ward,laisamis,LAISAMIS,,laisamis,,,,,,,
ward,wabera,WABERA,,isiolo_north,,,,,,,
ward,bulla_pesa,BULLA PESA,,isiolo_north,,,,,,,
ward,chari,CHARI,,isiolo_north,,,,,,,
ward,cherab,CHERAB,,isiolo_north,,,,,,,
ward,ngare_mara,NGARE MARA,,isiolo_north,,,,,,,
ward,burat,BURAT,,isiolo_north,,,,,,,
ward,oldo_nyiro,OLDO/NYIRO,,isiolo_north,,,,,,,
ward,garbatulla,GARBATULLA,,isiolo_south,,,,,,,
ward,kinna,KINNA,,isiolo_south,,,,,,,
ward,sericho,SERICHO,,isiolo_south,,,,,,,
ward,maua,MAUA,,igembe_south,,,,,,,
ward,kiegoi_antubochiu,KIEGOI/ANTUBOCHIU,,igembe_south,,,,,,,
ward,athiru_gaiti,ATHIRU GAITI,,igembe_south,,,,,,,
ward,akachiu,AKACHIU,,igembe_south,,,,,,,
ward,kanuni,KANUNI,,igembe_south,,,,,,,
ward,akirangondu,AKIRANG'ONDU,,igembe_central,,,,,,,
ward,athiru_ruujine,ATHIRU RUUJINE,,igembe_central,,,,,,,
ward,igembe_east,IGEMBE EAST,,igembe_central,,,,,,,
ward,njia,NJIA,,igembe_central,,,,,,,
ward,kangeta,KANGETA,,igembe_central,,,,,,,
ward,antuambui,ANTUAMBUI,,igembe_north,,,,,,,
ward,ntunene,NTUNENE,,igembe_north,,,,,,,
ward,antubetwe_kiongo,ANTUBETWE KIONGO,,igembe_north,,,,,,,
ward,naathu,NAATHU,,igembe_north,,,,,,,
ward,amwathi,AMWATHI,,igembe_north,,,,,,,
ward,athwana,ATHWANA,,tigania_west,,,,,,,
ward,akithii,AKITHII,,tigania_west,,,,,,,
ward,kianjai,KIANJAI,,tigania_west,,,,,,,
ward,nkomo,NKOMO,,tigania_west,,,,,,,
ward,mbeu,MBEU,,tigania_west,,,,,,,
ward,thangatha,THANGATHA,,tigania_east,,,,,,,
ward,mikinduri,MIKINDURI,,tigania_east,,,,,,,
ward,kiguchwa,KIGUCHWA,,tigania_east,,,,,,,
ward,muthara,MUTHARA,,tigania_east,,,,,,,
ward,karama,KARAMA,,tigania_east,,,,,,,
ward,municipality,MUNICIPALITY,,north_imenti,,,,,,,
ward,ntima_east,NTIMA EAST,,north_imenti,,,,,,,
ward,ntima_west,NTIMA WEST,,north_imenti,,,,,,,
ward,nyaki_west,NYAKI WEST,,north_imenti,,,,,,,
ward,nyaki_east,NYAKI EAST,,north_imenti,,,,,,,
ward,timau,TIMAU,,buuri,,,,,,,
ward,kisima,KISIMA,,buuri,,,,,,,
ward,kiirua_naari,KIIRUA/NAARI,,buuri,,,,,,,
ward,ruiri_rwarera,RUIRI/RWARERA,,buuri,,,,,,,
ward,kibirichia,KIBIRICHIA,,buuri,,,,,,,
ward,mwanganthia,MWANGANTHIA,,central_imenti,,,,,,,
ward,abothuguchi_central,ABOTHUGUCHI CENTRAL,,central_imenti,,,,,,,
ward,abothuguchi_west,ABOTHUGUCHI WEST,,central_imenti,,,,,,,
ward,kiagu,KIAGU,,central_imenti,,,,,,,
ward,mitunguu,MITUNGUU,,south_imenti,,,,,,,
ward,igoji_east,IGOJI EAST,,south_imenti,,,,,,,
ward,igoji_west,IGOJI WEST,,south_imenti,,,,,,,
ward,abogeta_east,ABOGETA EAST,,south_imenti,,,,,,,
ward,abogeta_west,ABOGETA WEST,,south_imenti,,,,,,,
ward,nkuene,NKUENE,,south_imenti,,,,,,,
ward,mitheru,MITHERU,,maara,,,,,,,
ward,muthambi,MUTHAMBI,,maara,,,,,,,
ward,mwimbi,MWIMBI,,maara,,,,,,,
ward,ganga,GANGA,,maara,,,,,,,
ward,chogoria,CHOGORIA,,maara,,,,,,,
ward,mariani,MARIANI,,chuka_igambangombe,,,,,,,
ward,karingani,KARINGANI,,chuka_igambangombe,,,,,,,
ward,magumoni,MAGUMONI,,chuka_igambangombe,,,,,,,
ward,mugwe,MUGWE,,chuka_igambangombe,,,,,,,
ward,igambangombe,IGAMBANG'OMBE,,chuka_igambangombe,,,,,,,
ward,gatunga,GATUNGA,,tharaka,,,,,,,
ward,mukothima,MUKOTHIMA,,tharaka,,,,,,,
ward,nkondi,NKONDI,,tharaka,,,,,,,
ward,chiakariga,CHIAKARIGA,,tharaka,,,,,,,
ward,marimanti,MARIMANTI,,tharaka,,,,,,,
ward,ruguru_ngandori,RUGURU/NGANDORI,,manyatta,,,,,,,
ward,kithimu,KITHIMU,,manyatta,,,,,,,
ward,nginda,NGINDA,,manyatta,,,,,,,
ward,mbeti_north,MBETI NORTH,,manyatta,,,,,,,
ward,kirimari,KIRIMARI,,manyatta,,,,,,,
ward,gaturi_south,GATURI SOUTH,,manyatta,,,,,,,
ward,gaturi_north,GATURI NORTH,,runyenjes,,,,,,,
ward,kagaari_south,KAGAARI SOUTH,,runyenjes,,,,,,,
ward,central_ward,CENTRAL WARD,,runyenjes,,,,,,,
ward,kagaari_north,KAGAARI NORTH,,runyenjes,,,,,,,
ward,kyeni_north,KYENI NORTH,,runyenjes,,,,,,,
ward,kyeni_south,KYENI SOUTH,,runyenjes,,,,,,,
ward,mwea,MWEA,,mbeere_south,,,,,,,
ward,makima,MAKIMA,,mbeere_south,,,,,,,
ward,mbeti_south,MBETI SOUTH,,mbeere_south,,,,,,,
ward,mavuria,MAVURIA,,mbeere_south,,,,,,,
ward,kiambere,KIAMBERE,,mbeere_south,,,,,,,
ward,nthawa,NTHAWA,,mbeere_north,,,,,,,
ward,muminji,MUMINJI,,mbeere_north,,,,,,,
ward,evurore,EVURORE,,mbeere_north,,,,,,,
ward,ngomeni,NGOMENI,,mwingi_north,,,,,,,
ward,kyuso,KYUSO,,mwingi_north,,,,,,,
ward,mumoni,MUMONI,,mwingi_north,,,,,,,
ward,tseikuru,TSEIKURU,,mwingi_north,,,,,,,
ward,tharaka,THARAKA,,mwingi_north,,,,,,,
ward,kyome_thaana,KYOME/THAANA,,mwingi_west,,,,,,,
ward,nguutani,NGUUTANI,,mwingi_west,,,,,,,
ward,migwani,MIGWANI,,mwingi_west,,,,,,,
ward,kiomo_kyethani,KIOMO/KYETHANI,,mwingi_west,,,,,,,
ward,central,CENTRAL,,mwingi_central,,,,,,,
ward,kivou,KIVOU,,mwingi_central,,,,,,,
ward,nguni,NGUNI,,mwingi_central,,,,,,,
ward,nuu,NUU,,mwingi_central,,,,,,,
ward,mui,MUI,,mwingi_central,,,,,,,
ward,waita,WAITA,,mwingi_central,,,,,,,
ward,mutonguni,MUTONGUNI,,kitui_west,,,,,,,
ward,kauwi,KAUWI,,kitui_west,,,,,,,
ward,matinyani,MATINYANI,,kitui_west,,,,,,,
ward,kwa_mutonga_kithumula,KWA MUTONGA/KITHUMULA,,kitui_west,,,,,,,
ward,kisasi,KISASI,,kitui_rural,,,,,,,
ward,mbitini,MBITINI,,kitui_rural,,,,,,,
ward,kwavonza_yatta,KWAVONZA/YATTA,,kitui_rural,,,,,,,
ward,kanyangi,KANYANGI,,kitui_rural,,,,,,,
ward,miambani,MIAMBANI,,kitui_central,,,,,,,
ward,township,TOWNSHIP,,kitui_central,,,,,,,
ward,kyangwithya_west,KYANGWITHYA WEST,,kitui_central,,,,,,,
ward,mulango,MULANGO,,kitui_central,,,,,,,
ward,kyangwithya_east,KYANGWITHYA EAST,,kitui_central,,,,,,,
ward,zombe_mwitika,ZOMBE/MWITIKA,,kitui_east,,,,,,,
ward,nzambani,NZAMBANI,,kitui_east,,,,,,,
ward,chuluni,CHULUNI,,kitui_east,,,,,,,
ward,voo_kyamatu,VOO/KYAMATU,,kitui_east,,,,,,,
ward,endau_malalani,ENDAU/MALALANI,,kitui_east,,,,,,,
ward,mutito_kaliku,MUTITO/KALIKU,,kitui_east,,,,,,,
ward,ikanga_kyatune,IKANGA/KYATUNE,,kitui_south,,,,,,,
ward,mutomo,MUTOMO,,kitui_south,,,,,,,
ward,mutha,MUTHA,,kitui_south,,,,,,,
ward,ikutha,IKUTHA,,kitui_south,,,,,,,
ward,kanziko,KANZIKO,,kitui_south,,,,,,,
ward,athi,ATHI,,kitui_south,,,,,,,
ward,kivaa,KIVAA,,masinga,,,,,,,
ward,masinga_central,MASINGA CENTRAL,,masinga,,,,,,,
ward,ekalakala,EKALAKALA,,masinga,,,,,,,
ward,muthesya,MUTHESYA,,masinga,,,,,,,
ward,ndithini,NDITHINI,,masinga,,,,,,,
ward,ndalani,NDALANI,,yatta,,,,,,,
ward,matuu,MATUU,,yatta,,,,,,,
ward,kithimani,KITHIMANI,,yatta,,,,,,,
ward,ikombe,IKOMBE,,yatta,,,,,,,
ward,katangi,KATANGI,,yatta,,,,,,,
ward,kangundo_north,KANGUNDO NORTH,,kangundo,,,,,,,
ward,kangundo_central,KANGUNDO CENTRAL,,kangundo,,,,,,,
ward,kangundo_east,KANGUNDO EAST,,kangundo,,,,,,,
ward,kangundo_west,KANGUNDO WEST,,kangundo,,,,,,,
ward,tala,TALA,,matungulu,,,,,,,
ward,matungulu_north,MATUNGULU NORTH,,matungulu,,,,,,,
ward,matungulu_east,MATUNGULU EAST,,matungulu,,,,,,,
ward,matungulu_west,MATUNGULU WEST,,matungulu,,,,,,,
ward,kyeleni,KYELENI,,matungulu,,,,,,,
ward,mitaboni,MITABONI,,kathiani,,,,,,,
ward,kathiani_central,KATHIANI CENTRAL,,kathiani,,,,,,,
ward,upper_kaewa_iveti,UPPER KAEWA/IVETI,,kathiani,,,,,,,
ward,lower_kaewa_kaani,LOWER KAEWA/KAANI,,kathiani,,,,,,,
ward,athi_river,ATHI RIVER,,mavoko,,,,,,,
ward,kinanie,KINANIE,,mavoko,,,,,,,
ward,muthwani,MUTHWANI,,mavoko,,,,,,,
ward,syokimau_mulolongo,SYOKIMAU/MULOLONGO,,mavoko,,,,,,,
ward,kalama,KALAMA,,machakos_town,,,,,,,
ward,mua,MUA,,machakos_town,,,,,,,
ward,mutituni,MUTITUNI,,machakos_town,,,,,,,
ward,machakos_central,MACHAKOS CENTRAL,,machakos_town,,,,,,,
ward,mumbuni_north,MUMBUNI NORTH,,machakos_town,,,,,,,
ward,muvuti_kiima-kimwe,MUVUTI/KIIMA-KIMWE,,machakos_town,,,,,,,
ward,kola,KOLA,,machakos_town,,,,,,,
ward,mbiuni,MBIUNI,,mwala,,,,,,,
ward,makutano_mwala,MAKUTANO/ MWALA,,mwala,,,,,,,
ward,masii,MASII,,mwala,,,,,,,
ward,muthetheni,MUTHETHENI,,mwala,,,,,,,
ward,wamunyu,WAMUNYU,,mwala,,,,,,,
ward,kibauni,KIBAUNI,,mwala,,,,,,,
ward,tulimani,TULIMANI,,mbooni,,,,,,,
ward,mbooni,MBOONI,,mbooni,,,,,,,
ward,kithungo_kitundu,KITHUNGO/KITUNDU,,mbooni,,,,,,,
ward,kiteta_kisau,KITETA/KISAU,,mbooni,,,,,,,
ward,waia-kako,WAIA-KAKO,,mbooni,,,,,,,
ward,kalawa,KALAWA,,mbooni,,,,,,,
ward,kasikeu,KASIKEU,,kilome,,,,,,,
ward,mukaa,MUKAA,,kilome,,,,,,,
ward,kiima_kiu_kalanzoni,KIIMA KIU/KALANZONI,,kilome,,,,,,,
ward,ukia,UKIA,,kaiti,,,,,,,
ward,kee,KEE,,kaiti,,,,,,,
ward,kilungu,KILUNGU,,kaiti,,,,,,,
ward,ilima,ILIMA,,kaiti,,,,,,,
ward,wote,WOTE,,makueni,,,,,,,
ward,muvau_kikuumini,MUVAU/KIKUUMINI,,makueni,,,,,,,
ward,mavindini,MAVINDINI,,makueni,,,,,,,
ward,kitise_kithuki,KITISE/KITHUKI,,makueni,,,,,,,
ward,kathonzweni,KATHONZWENI,,makueni,,,,,,,
ward,nzaui_kilili_kalamba,NZAUI/KILILI/KALAMBA,,makueni,,,,,,,
ward,mbitini,MBITINI,,makueni,,,,,,,
ward,makindu,MAKINDU,,kibwezi_west,,,,,,,
ward,nguumo,NGUUMO,,kibwezi_west,,,,,,,
ward,kikumbulyu_north,KIKUMBULYU NORTH,,kibwezi_west,,,,,,,
ward,kikumbulyu_south,KIKUMBULYU SOUTH,,kibwezi_west,,,,,,,
ward,nguu_masumba,NGUU/MASUMBA,,kibwezi_west,,,,,,,
ward,emali_mulala,EMALI/MULALA,,kibwezi_west,,,,,,,
ward,masongaleni,MASONGALENI,,kibwezi_east,,,,,,,
ward,mtito_andei,MTITO ANDEI,,kibwezi_east,,,,,,,
ward,thange,THANGE,,kibwezi_east,,,,,,,
ward,ivingoni_nzambani,IVINGONI/NZAMBANI,,kibwezi_east,,,,,,,
ward,engineer,ENGINEER,,kinangop,,,,,,,
ward,gathara,GATHARA,,kinangop,,,,,,,
ward,north_kinangop,NORTH KINANGOP,,kinangop,,,,,,,
ward,murungaru,MURUNGARU,,kinangop,,,,,,,
ward,njabini_kiburu,NJABINI\KIBURU,,kinangop,,,,,,,
ward,nyakio,NYAKIO,,kinangop,,,,,,,
ward,githabai,GITHABAI,,kinangop,,,,,,,
ward,magumu,MAGUMU,,kinangop,,,,,,,
ward,wanjohi,WANJOHI,,kipipiri,,,,,,,
ward,kipipiri,KIPIPIRI,,kipipiri,,,,,,,
ward,geta,GETA,,kipipiri,,,,,,,
ward,githioro,GITHIORO,,kipipiri,,,,,,,
ward,karau,KARAU,,ol_kalou,,,,,,,
ward,kanjuiri_range,KANJUIRI RANGE,,ol_kalou,,,,,,,
ward,mirangine,MIRANGINE,,ol_kalou,,,,,,,
ward,kaimbaga,KAIMBAGA,,ol_kalou,,,,,,,
ward,rurii,RURII,,ol_kalou,,,,,,,
ward,gathanji,GATHANJI,,ol_jorok,,,,,,,
ward,gatimu,GATIMU,,ol_jorok,,,,,,,
ward,weru,WERU,,ol_jorok,,,,,,,
ward,charagita,CHARAGITA,,ol_jorok,,,,,,,
ward,leshau_pondo,LESHAU/PONDO,,ndaragwa,,,,,,,
ward,kiriita,KIRIITA,,ndaragwa,,,,,,,
ward,central,CENTRAL,,ndaragwa,,,,,,,
ward,shamata,SHAMATA,,ndaragwa,,,,,,,
ward,dedan_kimanthi,DEDAN KIMANTHI,,tetu,,,,,,,
ward,wamagana,WAMAGANA,,tetu,,,,,,,
ward,aguthi-gaaki,AGUTHI-GAAKI,,tetu,,,,,,,
ward,mweiga,MWEIGA,,kieni,,,,,,,
ward,naromoru_kiamathaga,NAROMORU KIAMATHAGA,,kieni,,,,,,,
ward,mwiyogo_endarasha,MWIYOGO/ENDARASHA,,kieni,,,,,,,
ward,mugunda,MUGUNDA,,kieni,,,,,,,
ward,gatarakwa,GATARAKWA,,kieni,,,,,,,
ward,thegu_river,THEGU RIVER,,kieni,,,,,,,
ward,kabaru,KABARU,,kieni,,,,,,,
ward,gakawa,GAKAWA,,kieni,,,,,,,
ward,ruguru,RUGURU,,mathira,,,,,,,
ward,magutu,MAGUTU,,mathira,,,,,,,
ward,iriaini,IRIAINI,,mathira,,,,,,,
ward,konyu,KONYU,,mathira,,,,,,,
ward,kirimukuyu,KIRIMUKUYU,,mathira,,,,,,,
ward,karatina_town,KARATINA TOWN,,mathira,,,,,,,
ward,mahiga,MAHIGA,,othaya,,,,,,,
ward,iria-ini,IRIA-INI,,othaya,,,,,,,
ward,chinga,CHINGA,,othaya,,,,,,,
ward,karima,KARIMA,,othaya,,,,,,,
ward,gikondi,GIKONDI,,mukurweini,,,,,,,
ward,rugi,RUGI,,mukurweini,,,,,,,
ward,mukurwe-ini_west,MUKURWE-INI WEST,,mukurweini,,,,,,,
ward,mukurwe-ini_central,MUKURWE-INI CENTRAL,,mukurweini,,,,,,,
ward,kiganjo_mathari,KIGANJO/MATHARI,,nyeri_town,,,,,,,
ward,rware,RWARE,,nyeri_town,,,,,,,
ward,gatitu_muruguru,GATITU/MURUGURU,,nyeri_town,,,,,,,
ward,ruringu,RURING'U,,nyeri_town,,,,,,,
ward,kamakwa_mukaro,KAMAKWA/MUKARO,,nyeri_town,,,,,,,
ward,mutithi,MUTITHI,,mwea,,,,,,,
ward,kangai,KANGAI,,mwea,,,,,,,
ward,thiba,THIBA,,mwea,,,,,,,
ward,wamumu,WAMUMU,,mwea,,,,,,,
ward,nyangati,NYANGATI,,mwea,,,,,,,
ward,murinduko,MURINDUKO,,mwea,,,,,,,
ward,gathigiriri,GATHIGIRIRI,,mwea,,,,,,,
ward,tebere,TEBERE,,mwea,,,,,,,
ward,kabare,KABARE,,gichugu,,,,,,,
ward,baragwi,BARAGWI,,gichugu,,,,,,,
ward,njukiini,NJUKIINI,,gichugu,,,,,,,
ward,ngariama,NGARIAMA,,gichugu,,,,,,,
ward,karumandi,KARUMANDI,,gichugu,,,,,,,
ward,mukure,MUKURE,,ndia,,,,,,,
ward,kiine,KIINE,,ndia,,,,,,,
ward,kariti,KARITI,,ndia,,,,,,,
ward,mutira,MUTIRA,,kirinyaga_central,,,,,,,
ward,kanyekini,KANYEKINI,,kirinyaga_central,,,,,,,
ward,kerugoya,KERUGOYA,,kirinyaga_central,,,,,,,
ward,inoi,INOI,,kirinyaga_central,,,,,,,
ward,kanyenya-ini,KANYENYA-INI,,kangema,,,,,,,
ward,muguru,MUGURU,,kangema,,,,,,,
ward,rwathia,RWATHIA,,kangema,,,,,,,
ward,gitugi,GITUGI,,mathioya,,,,,,,
ward,kiru,KIRU,,mathioya,,,,,,,
ward,kamacharia,KAMACHARIA,,mathioya,,,,,,,
ward,wangu,WANGU,,kiharu,,,,,,,
ward,mugoiri,MUGOIRI,,kiharu,,,,,,,
ward,mbiri,MBIRI,,kiharu,,,,,,,
ward,township,TOWNSHIP,,kiharu,,,,,,,
ward,murarandia,MURARANDIA,,kiharu,,,,,,,
ward,gaturi,GATURI,,kiharu,,,,,,,
ward,kahumbu,KAHUMBU,,kigumo,,,,,,,
ward,muthithi,MUTHITHI,,kigumo,,,,,,,
ward,kigumo,KIGUMO,,kigumo,,,,,,,
ward,kangari,KANGARI,,kigumo,,,,,,,
ward,kinyona,KINYONA,,kigumo,,,,,,,
ward,kimorori_wempa,KIMORORI/WEMPA,,maragwa,,,,,,,
ward,makuyu,MAKUYU,,maragwa,,,,,,,
ward,kambiti,KAMBITI,,maragwa,,,,,,,
ward,kamahuha,KAMAHUHA,,maragwa,,,,,,,
ward,ichagaki,ICHAGAKI,,maragwa,,,,,,,
ward,nginda,NGINDA,,maragwa,,,,,,,
ward,ngararia,NG'ARARIA,,kandara,,,,,,,
ward,muruka,MURUKA,,kandara,,,,,,,
ward,kagundu-ini,KAGUNDU-INI,,kandara,,,,,,,
ward,gaichanjiru,GAICHANJIRU,,kandara,,,,,,,
ward,ithiru,ITHIRU,,kandara,,,,,,,
ward,ruchu,RUCHU,,kandara,,,,,,,
ward,ithanga,ITHANGA,,gatanga,,,,,,,
ward,kakuzi_mitubiri,KAKUZI/MITUBIRI,,gatanga,,,,,,,
ward,mugumo-ini,MUGUMO-INI,,gatanga,,,,,,,
ward,kihumbu-ini,KIHUMBU-INI,,gatanga,,,,,,,
ward,gatanga,GATANGA,,gatanga,,,,,,,
ward,kariara,KARIARA,,gatanga,,,,,,,
ward,kiamwangi,KIAMWANGI,,gatundu_south,,,,,,,
ward,kiganjo,KIGANJO,,gatundu_south,,,,,,,
ward,ndarugu,NDARUGU,,gatundu_south,,,,,,,
ward,ngenda,NGENDA,,gatundu_south,,,,,,,
ward,gituamba,GITUAMBA,,gatundu_north,,,,,,,
ward,githobokoni,GITHOBOKONI,,gatundu_north,,,,,,,
ward,chania,CHANIA,,gatundu_north,,,,,,,
ward,mangu,MANG'U,,gatundu_north,,,,,,,
ward,murera,MURERA,,juja,,,,,,,
ward,theta,THETA,,juja,,,,,,,
ward,juja,JUJA,,juja,,,,,,,
ward,witeithie,WITEITHIE,,juja,,,,,,,
ward,kalimoni,KALIMONI,,juja,,,,,,,
ward,township,TOWNSHIP,,thika_town,,,,,,,
ward,kamenu,KAMENU,,thika_town,,,,,,,
ward,hospital,HOSPITAL,,thika_town,,,,,,,
ward,gatuanyaga,GATUANYAGA,,thika_town,,,,,,,
ward,ngoliba,NGOLIBA,,thika_town,,,,,,,
ward,gitothua,GITOTHUA,,ruiru,,,,,,,
ward,biashara,BIASHARA,,ruiru,,,,,,,
ward,gatongora,GATONGORA,,ruiru,,,,,,,
ward,kahawa_sukari,KAHAWA SUKARI,,ruiru,,,,,,,
ward,kahawa_wendani,KAHAWA WENDANI,,ruiru,,,,,,,
ward,kiuu,KIUU,,ruiru,,,,,,,
ward,mwiki,MWIKI,,ruiru,,,,,,,
ward,mwihoko,MWIHOKO,,ruiru,,,,,,,
ward,githunguri,GITHUNGURI,,githunguri,,,,,,,
ward,githiga,GITHIGA,,githunguri,,,,,,,
ward,ikinu,IKINU,,githunguri,,,,,,,
ward,ngewa,NGEWA,,githunguri,,,,,,,
ward,komothai,KOMOTHAI,,githunguri,,,,,,,
ward,tinganga,TING'ANG'A,,kiambu,,,,,,,
ward,ndumberi,NDUMBERI,,kiambu,,,,,,,
ward,riabai,RIABAI,,kiambu,,,,,,,
ward,township,TOWNSHIP,,kiambu,,,,,,,
ward,cianda,CIANDA,,kiambaa,,,,,,,
ward,karuri,KARURI,,kiambaa,,,,,,,
ward,ndenderu,NDENDERU,,kiambaa,,,,,,,
ward,muchatha,MUCHATHA,,kiambaa,,,,,,,
ward,kihara,KIHARA,,kiambaa,,,,,,,
ward,gitaru,GITARU,,kabete,,,,,,,
ward,muguga,MUGUGA,,kabete,,,,,,,
ward,nyadhuna,NYADHUNA,,kabete,,,,,,,
ward,kabete,KABETE,,kabete,,,,,,,
ward,uthiru,UTHIRU,,kabete,,,,,,,
ward,karai,KARAI,,kikuyu,,,,,,,
ward,nachu,NACHU,,kikuyu,,,,,,,
ward,sigona,SIGONA,,kikuyu,,,,,,,
ward,kikuyu,KIKUYU,,kikuyu,,,,,,,
ward,kinoo,KINOO,,kikuyu,,,,,,,
ward,bibirioni,BIBIRIONI,,limuru,,,,,,,
ward,limuru_central,LIMURU CENTRAL,,limuru,,,,,,,
ward,ndeiya,NDEIYA,,limuru,,,,,,,
ward,limuru_east,LIMURU EAST,,limuru,,,,,,,
ward,ngecha_tigoni,NGECHA TIGONI,,limuru,,,,,,,
ward,kinale,KINALE,,lari,,,,,,,
ward,kijabe,KIJABE,,lari,,,,,,,
ward,nyanduma,NYANDUMA,,lari,,,,,,,
ward,kamburu,KAMBURU,,lari,,,,,,,
ward,lari_kirenga,LARI/KIRENGA,,lari,,,,,,,
ward,kaeris,KAERIS,,turkana_north,,,,,,,
ward,lake_zone,LAKE ZONE,,turkana_north,,,,,,,
ward,lapur,LAPUR,,turkana_north,,,,,,,
ward,kaaleng_kaikor,KAALENG/KAIKOR,,turkana_north,,,,,,,
ward,kibish,KIBISH,,turkana_north,,,,,,,
ward,nakalale,NAKALALE,,turkana_north,,,,,,,
ward,kakuma,KAKUMA,,turkana_west,,,,,,,
ward,lopur,LOPUR,,turkana_west,,,,,,,
ward,letea,LETEA,,turkana_west,,,,,,,
ward,songot,SONGOT,,turkana_west,,,,,,,
ward,kalobeyei,KALOBEYEI,,turkana_west,,,,,,,
ward,lokichoggio,LOKICHOGGIO,,turkana_west,,,,,,,
ward,nanaam,NANAAM,,turkana_west,,,,,,,
ward,kerio_delta,KERIO DELTA,,turkana_central,,,,,,,
ward,kangatotha,KANG'ATOTHA,,turkana_central,,,,,,,
ward,kalokol,KALOKOL,,turkana_central,,,,,,,
ward,lodwar_township,LODWAR TOWNSHIP,,turkana_central,,,,,,,
ward,kanamkemer,KANAMKEMER,,turkana_central,,,,,,,
ward,kotaruk_lobei,KOTARUK/LOBEI,,loima,,,,,,,
ward,turkwel,TURKWEL,,loima,,,,,,,
ward,loima,LOIMA,,loima,,,,,,,
ward,lokiriama_lorengippi,LOKIRIAMA/LORENGIPPI,,loima,,,,,,,
ward,kaputir,KAPUTIR,,turkana_south,,,,,,,
ward,katilu,KATILU,,turkana_south,,,,,,,
ward,lobokat,LOBOKAT,,turkana_south,,,,,,,
ward,kalapata,KALAPATA,,turkana_south,,,,,,,
ward,lokichar,LOKICHAR,,turkana_south,,,,,,,
ward,kapedo_napeitom,KAPEDO/NAPEITOM,,turkana_east,,,,,,,
ward,katilia,KATILIA,,turkana_east,,,,,,,
ward,lokori_kochodin,LOKORI/KOCHODIN,,turkana_east,,,,,,,
ward,riwo,RIWO,,kapenguria,,,,,,,
ward,kapenguria,KAPENGURIA,,kapenguria,,,,,,,
ward,mnagei,MNAGEI,,kapenguria,,,,,,,
ward,siyoi,SIYOI,,kapenguria,,,,,,,
ward,endugh,ENDUGH,,kapenguria,,,,,,,
ward,sook,SOOK,,kapenguria,,,,,,,
ward,sekerr,SEKERR,,sigor,,,,,,,
ward,masool,MASOOL,,sigor,,,,,,,
ward,lomut,LOMUT,,sigor,,,,,,,
ward,weiwei,WEIWEI,,sigor,,,,,,,
ward,suam,SUAM,,kacheliba,,,,,,,
ward,kodich,KODICH,,kacheliba,,,,,,,
ward,kasei,KASEI,,kacheliba,,,,,,,
ward,kapchok,KAPCHOK,,kacheliba,,,,,,,
ward,kiwawa,KIWAWA,,kacheliba,,,,,,,
ward,alale,ALALE,,kacheliba,,,,,,,
ward,chepareria,CHEPARERIA,,pokot_south,,,,,,,
ward,batei,BATEI,,pokot_south,,,,,,,
ward,lelan,LELAN,,pokot_south,,,,,,,
ward,tapach,TAPACH,,pokot_south,,,,,,,
ward,lodokejek,LODOKEJEK,,samburu_west,,,,,,,
ward,suguta_marmar,SUGUTA MARMAR,,samburu_west,,,,,,,
ward,maralal,MARALAL,,samburu_west,,,,,,,
ward,loosuk,LOOSUK,,samburu_west,,,,,,,
ward,poro,PORO,,samburu_west,,,,,,,
ward,el-barta,EL-BARTA,,samburu_north,,,,,,,
ward,nachola,NACHOLA,,samburu_north,,,,,,,
ward,ndoto,NDOTO,,samburu_north,,,,,,,
ward,nyiro,NYIRO,,samburu_north,,,,,,,
ward,angata_nanyokie,ANGATA NANYOKIE,,samburu_north,,,,,,,
ward,baawa,BAAWA,,samburu_north,,,,,,,
ward,waso,WASO,,samburu_east,,,,,,,
ward,wamba_west,WAMBA WEST,,samburu_east,,,,,,,
ward,wamba_east,WAMBA EAST,,samburu_east,,,,,,,
ward,wamba_north,WAMBA NORTH,,samburu_east,,,,,,,
ward,kapomboi,KAPOMBOI,,kwanza,,,,,,,
ward,kwanza,KWANZA,,kwanza,,,,,,,
ward,keiyo,KEIYO,,kwanza,,,,,,,
ward,bidii,BIDII,,kwanza,,,,,,,
ward,chepchoina,CHEPCHOINA,,endebess,,,,,,,
ward,endebess,ENDEBESS,,endebess,,,,,,,
ward,matumbei,MATUMBEI,,endebess,,,,,,,
ward,kinyoro,KINYORO,,saboti,,,,,,,
ward,matisi,MATISI,,saboti,,,,,,,
ward,tuwani,TUWANI,,saboti,,,,,,,
ward,saboti,SABOTI,,saboti,,,,,,,
ward,machewa,MACHEWA,,saboti,,,,,,,
ward,kiminini,KIMININI,,kiminini,,,,,,,
ward,waitaluk,WAITALUK,,kiminini,,,,,,,
ward,sirende,SIRENDE,,kiminini,,,,,,,
ward,hospital,HOSPITAL,,kiminini,,,,,,,
ward,sikhendu,SIKHENDU,,kiminini,,,,,,,
ward,nabiswa,NABISWA,,kiminini,,,,,,,
ward,sinyerere,SINYERERE,,cherangany,,,,,,,
ward,makutano,MAKUTANO,,cherangany,,,,,,,
ward,kaplamai,KAPLAMAI,,cherangany,,,,,,,
ward,motosiet,MOTOSIET,,cherangany,,,,,,,
ward,cherangany_suwerwa,CHERANGANY/SUWERWA,,cherangany,,,,,,,
ward,chepsiro_kiptoror,CHEPSIRO/KIPTOROR,,cherangany,,,,,,,
ward,sitatunga,SITATUNGA,,cherangany,,,,,,,
ward,mois_bridge,MOI'S BRIDGE,,soy,,,,,,,
ward,kapkures,KAPKURES,,soy,,,,,,,
ward,ziwa,ZIWA,,soy,,,,,,,
ward,segero_barsombe,SEGERO/BARSOMBE,,soy,,,,,,,
ward,kipsomba,KIPSOMBA,,soy,,,,,,,
ward,soy,SOY,,soy,,,,,,,
ward,kuinet_kapsuswa,KUINET/KAPSUSWA,,soy,,,,,,,
ward,ngenyilel,NGENYILEL,,turbo,,,,,,,
ward,tapsagoi,TAPSAGOI,,turbo,,,,,,,
ward,kamagut,KAMAGUT,,turbo,,,,,,,
ward,kiplombe,KIPLOMBE,,turbo,,,,,,,
ward,kapsaos,KAPSAOS,,turbo,,,,,,,
ward,huruma,HURUMA,,turbo,,,,,,,
ward,tembelio,TEMBELIO,,moiben,,,,,,,
ward,sergoit,SERGOIT,,moiben,,,,,,,
ward,karuna_meibeki,KARUNA/MEIBEKI,,moiben,,,,,,,
ward,moiben,MOIBEN,,moiben,,,,,,,
ward,kimumu,KIMUMU,,moiben,,,,,,,
ward,kapsoya,KAPSOYA,,ainabkoi,,,,,,,
ward,kaptagat,KAPTAGAT,,ainabkoi,,,,,,,
ward,ainabkoi_olare,AINABKOI/OLARE,,ainabkoi,,,,,,,
ward,simat_kapseret,SIMAT/KAPSERET,,kapseret,,,,,,,
ward,kipkenyo,KIPKENYO,,kapseret,,,,,,,
ward,ngeria,NGERIA,,kapseret,,,,,,,
ward,megun,MEGUN,,kapseret,,,,,,,
ward,langas,LANGAS,,kapseret,,,,,,,
ward,racecourse,RACECOURSE,,kesses,,,,,,,
ward,cheptiret_kipchamo,CHEPTIRET/KIPCHAMO,,kesses,,,,,,,
ward,tulwet_chuiyat,TULWET/CHUIYAT,,kesses,,,,,,,
ward,tarakwa,TARAKWA,,kesses,,,,,,,
ward,kapyego,KAPYEGO,,marakwet_east,,,,,,,
ward,sambirir,SAMBIRIR,,marakwet_east,,,,,,,
ward,endo,ENDO,,marakwet_east,,,,,,,
ward,embobut_embulot,EMBOBUT / EMBULOT,,marakwet_east,,,,,,,
ward,lelan,LELAN,,marakwet_west,,,,,,,
ward,sengwer,SENGWER,,marakwet_west,,,,,,,
ward,cherangany_chebororwa,CHERANG'ANY/CHEBORORWA,,marakwet_west,,,,,,,
ward,moiben_kuserwo,MOIBEN/KUSERWO,,marakwet_west,,,,,,,
ward,kapsowar,KAPSOWAR,,marakwet_west,,,,,,,
ward,arror,ARROR,,marakwet_west,,,,,,,
ward,emsoo,EMSOO,,keiyo_north,,,,,,,
ward,kamariny,KAMARINY,,keiyo_north,,,,,,,
ward,kapchemutwa,KAPCHEMUTWA,,keiyo_north,,,,,,,
ward,tambach,TAMBACH,,keiyo_north,,,,,,,
ward,kaptarakwa,KAPTARAKWA,,keiyo_south,,,,,,,
ward,chepkorio,CHEPKORIO,,keiyo_south,,,,,,,
ward,soy_north,SOY NORTH,,keiyo_south,,,,,,,
ward,soy_south,SOY SOUTH,,keiyo_south,,,,,,,
ward,kabiemit,KABIEMIT,,keiyo_south,,,,,,,
ward,metkei,METKEI,,keiyo_south,,,,,,,
ward,songhor_soba,SONGHOR/SOBA,,tinderet,,,,,,,
ward,tindiret,TINDIRET,,tinderet,,,,,,,
ward,chemelil_chemase,CHEMELIL/CHEMASE,,tinderet,,,,,,,
ward,kapsimotwo,KAPSIMOTWO,,tinderet,,,,,,,
ward,kabwareng,KABWARENG,,aldai,,,,,,,
ward,terik,TERIK,,aldai,,,,,,,
ward,kemeloi-maraba,KEMELOI-MARABA,,aldai,,,,,,,
ward,kobujoi,KOBUJOI,,aldai,,,,,,,
ward,kaptumo-kaboi,KAPTUMO-KABOI,,aldai,,,,,,,
ward,koyo-ndurio,KOYO-NDURIO,,aldai,,,,,,,
ward,nandi_hills,NANDI HILLS,,nandi_hills,,,,,,,
ward,chepkunyuk,CHEPKUNYUK,,nandi_hills,,,,,,,
ward,ollessos,OL'LESSOS,,nandi_hills,,,,,,,
ward,kapchorua,KAPCHORUA,,nandi_hills,,,,,,,
ward,chemundu_kapngetuny,CHEMUNDU/KAPNG'ETUNY,,chesumei,,,,,,,
ward,kosirai,KOSIRAI,,chesumei,,,,,,,
ward,lelmokwo_ngechek,LELMOKWO/NGECHEK,,chesumei,,,,,,,
ward,kaptel_kamoiywo,KAPTEL/KAMOIYWO,,chesumei,,,,,,,
ward,kiptuya,KIPTUYA,,chesumei,,,,,,,
ward,chepkumia,CHEPKUMIA,,emgwen,,,,,,,
ward,kapkangani,KAPKANGANI,,emgwen,,,,,,,
ward,kapsabet,KAPSABET,,emgwen,,,,,,,
ward,kilibwoni,KILIBWONI,,emgwen,,,,,,,
ward,chepterwai,CHEPTERWAI,,mosop,,,,,,,
ward,kipkaren,KIPKAREN,,mosop,,,,,,,
ward,kurgung_surungai,KURGUNG/SURUNGAI,,mosop,,,,,,,
ward,kabiyet,KABIYET,,mosop,,,,,,,
ward,ndalat,NDALAT,,mosop,,,,,,,
ward,kabisaga,KABISAGA,,mosop,,,,,,,
ward,sangalo_kebulonik,SANGALO/KEBULONIK,,mosop,,,,,,,
ward,tirioko,TIRIOKO,,tiaty,,,,,,,
ward,kolowa,KOLOWA,,tiaty,,,,,,,
ward,ribkwo,RIBKWO,,tiaty,,,,,,,
ward,silale,SILALE,,tiaty,,,,,,,
ward,loiyamorock,LOIYAMOROCK,,tiaty,,,,,,,
ward,tangulbei_korossi,TANGULBEI/KOROSSI,,tiaty,,,,,,,
ward,churo_amaya,CHURO/AMAYA,,tiaty,,,,,,,
ward,barwessa,BARWESSA,,baringo_north,,,,,,,
ward,kabartonjo,KABARTONJO,,baringo_north,,,,,,,
ward,saimo_kipsaraman,SAIMO/KIPSARAMAN,,baringo_north,,,,,,,
ward,saimo_soi,SAIMO/SOI,,baringo_north,,,,,,,
ward,bartabwa,BARTABWA,,baringo_north,,,,,,,
ward,kabarnet,KABARNET,,baringo_central,,,,,,,
ward,sacho,SACHO,,baringo_central,,,,,,,
ward,tenges,TENGES,,baringo_central,,,,,,,
ward,ewalel_chapchap,EWALEL/CHAPCHAP,,baringo_central,,,,,,,
ward,kapropita,KAPROPITA,,baringo_central,,,,,,,
ward,marigat,MARIGAT,,baringo_south,,,,,,,
ward,ilchamus,ILCHAMUS,,baringo_south,,,,,,,
ward,mochongoi,MOCHONGOI,,baringo_south,,,,,,,
ward,mukutani,MUKUTANI,,baringo_south,,,,,,,
ward,mogotio,MOGOTIO,,mogotio,,,,,,,
ward,emining,EMINING,,mogotio,,,,,,,
ward,kisanana,KISANANA,,mogotio,,,,,,,
ward,lembus,LEMBUS,,eldama_ravine,,,,,,,
ward,lembus_kwen,LEMBUS KWEN,,eldama_ravine,,,,,,,
ward,ravine,RAVINE,,eldama_ravine,,,,,,,
ward,mumberes_maji_mazuri,MUMBERES/MAJI MAZURI,,eldama_ravine,,,,,,,
ward,lembus_perkerra,LEMBUS/PERKERRA,,eldama_ravine,,,,,,,
ward,koibatek,KOIBATEK,,eldama_ravine,,,,,,,
ward,ol-moran,OL-MORAN,,laikipia_west,,,,,,,
ward,rumuruti_township,RUMURUTI TOWNSHIP,,laikipia_west,,,,,,,
ward,githiga,GITHIGA,,laikipia_west,,,,,,,
ward,marmanet,MARMANET,,laikipia_west,,,,,,,
ward,igwamiti,IGWAMITI,,laikipia_west,,,,,,,
ward,salama,SALAMA,,laikipia_west,,,,,,,
ward,ngobit,NGOBIT,,laikipia_east,,,,,,,
ward,tigithi,TIGITHI,,laikipia_east,,,,,,,
ward,thingithu,THINGITHU,,laikipia_east,,,,,,,
ward,nanyuki,NANYUKI,,laikipia_east,,,,,,,
ward,umande,UMANDE,,laikipia_east,,,,,,,
ward,sosian,SOSIAN,,laikipia_north,,,,,,,
ward,segera,SEGERA,,laikipia_north,,,,,,,
ward,mugogodo_west,MUGOGODO WEST,,laikipia_north,,,,,,,
ward,mugogodo_east,MUGOGODO EAST,,laikipia_north,,,,,,,
ward,mariashoni,MARIASHONI,,molo,,,,,,,
ward,elburgon,ELBURGON,,molo,,,,,,,
ward,turi,TURI,,molo,,,,,,,
ward,molo,MOLO,,molo,,,,,,,
ward,mau_narok,MAU NAROK,,njoro,,,,,,,
ward,mauche,MAUCHE,,njoro,,,,,,,
ward,kihingo,KIHINGO,,njoro,,,,,,,
ward,nessuit,NESSUIT,,njoro,,,,,,,
ward,lare,LARE,,njoro,,,,,,,
ward,njoro,NJORO,,njoro,,,,,,,
ward,biashara,BIASHARA,,naivasha,,,,,,,
ward,hells_gate,HELLS GATE,,naivasha,,,,,,,
ward,lake_view,LAKE VIEW,,naivasha,,,,,,,
ward,mai_mahiu,MAI MAHIU,,naivasha,,,,,,,
ward,maiella,MAIELLA,,naivasha,,,,,,,
ward,olkaria,OLKARIA,,naivasha,,,,,,,
ward,naivasha_east,NAIVASHA EAST,,naivasha,,,,,,,
ward,viwandani,VIWANDANI,,naivasha,,,,,,,
ward,gilgil,GILGIL,,gilgil,,,,,,,
ward,elementaita,ELEMENTAITA,,gilgil,,,,,,,
ward,mbaruk_eburu,MBARUK/EBURU,,gilgil,,,,,,,
ward,malewa_west,MALEWA WEST,,gilgil,,,,,,,
ward,murindati,MURINDATI,,gilgil,,,,,,,
ward,amalo,AMALO,,kuresoi_south,,,,,,,
ward,keringet,KERINGET,,kuresoi_south,,,,,,,
ward,kiptagich,KIPTAGICH,,kuresoi_south,,,,,,,
ward,tinet,TINET,,kuresoi_south,,,,,,,
ward,kiptororo,KIPTORORO,,kuresoi_north,,,,,,,
ward,nyota,NYOTA,,kuresoi_north,,,,,,,
ward,sirikwa,SIRIKWA,,kuresoi_north,,,,,,,
ward,kamara,KAMARA,,kuresoi_north,,,,,,,
ward,subukia,SUBUKIA,,subukia,,,,,,,
ward,waseges,WASEGES,,subukia,,,,,,,
ward,kabazi,KABAZI,,subukia,,,,,,,
ward,menengai_west,MENENGAI WEST,,rongai,,,,,,,
ward,soin,SOIN,,rongai,,,,,,,
ward,visoi,VISOI,,rongai,,,,,,,
ward,mosop,MOSOP,,rongai,,,,,,,
ward,solai,SOLAI,,rongai,,,,,,,
ward,dundori,DUNDORI,,bahati,,,,,,,
ward,kabatini,KABATINI,,bahati,,,,,,,
ward,kiamaina,KIAMAINA,,bahati,,,,,,,
ward,lanet_umoja,LANET/UMOJA,,bahati,,,,,,,
ward,bahati,BAHATI,,bahati,,,,,,,
ward,barut,BARUT,,nakuru_town_west,,,,,,,
ward,london,LONDON,,nakuru_town_west,,,,,,,
ward,kaptembwo,KAPTEMBWO,,nakuru_town_west,,,,,,,
ward,kapkures,KAPKURES,,nakuru_town_west,,,,,,,
ward,rhoda,RHODA,,nakuru_town_west,,,,,,,
ward,shaabab,SHAABAB,,nakuru_town_west,,,,,,,
ward,biashara,BIASHARA,,nakuru_town_east,,,,,,,
ward,kivumbini,KIVUMBINI,,nakuru_town_east,,,,,,,
ward,flamingo,FLAMINGO,,nakuru_town_east,,,,,,,
ward,menengai,MENENGAI,,nakuru_town_east,,,,,,,
ward,nakuru_east,NAKURU EAST,,nakuru_town_east,,,,,,,
ward,kilgoris_central,KILGORIS CENTRAL,,kilgoris,,,,,,,
ward,keyian,KEYIAN,,kilgoris,,,,,,,
ward,angata_barikoi,ANGATA BARIKOI,,kilgoris,,,,,,,
ward,shankoe,SHANKOE,,kilgoris,,,,,,,
ward,kimintet,KIMINTET,,kilgoris,,,,,,,
ward,lolgorian,LOLGORIAN,,kilgoris,,,,,,,
ward,ilkerin,ILKERIN,,emurua_dikirr,,,,,,,
ward,ololmasani,OLOlMASANI,,emurua_dikirr,,,,,,,
ward,mogondo,MOGONDO,,emurua_dikirr,,,,,,,
ward,kapsasian,KAPSASIAN,,emurua_dikirr,,,,,,,
ward,olpusimoru,OLPUSIMORU,,narok_north,,,,,,,
ward,olokurto,OLOKURTO,,narok_north,,,,,,,
ward,narok_town,NAROK TOWN,,narok_north,,,,,,,
ward,nkareta,NKARETA,,narok_north,,,,,,,
ward,olorropil,OLORROPIL,,narok_north,,,,,,,
ward,melili,MELILI,,narok_north,,,,,,,
ward,mosiro,MOSIRO,,narok_east,,,,,,,
ward,ildamat,ILDAMAT,,narok_east,,,,,,,
ward,keekonyokie,KEEKONYOKIE,,narok_east,,,,,,,
ward,suswa,SUSWA,,narok_east,,,,,,,
ward,majimoto_naroosura,MAJIMOTO/NAROOSURA,,narok_south,,,,,,,
ward,ololulunga,OLOLULUNG'A,,narok_south,,,,,,,
ward,melelo,MELELO,,narok_south,,,,,,,
ward,loita,LOITA,,narok_south,,,,,,,
ward,sogoo,SOGOO,,narok_south,,,,,,,
ward,sagamian,SAGAMIAN,,narok_south,,,,,,,
ward,ilmotiok,ILMOTIOK,,narok_west,,,,,,,
ward,mara,MARA,,narok_west,,,,,,,
ward,siana,SIANA,,narok_west,,,,,,,
ward,naikarra,NAIKARRA,,narok_west,,,,,,,
ward,olkeri,OLKERI,,kajiado_north,,,,,,,
ward,ongata_rongai,ONGATA RONGAI,,kajiado_north,,,,,,,
ward,nkaimurunya,NKAIMURUNYA,,kajiado_north,,,,,,,
ward,oloolua,OLOOLUA,,kajiado_north,,,,,,,
ward,ngong,NGONG,,kajiado_north,,,,,,,
ward,purko,PURKO,,kajiado_central,,,,,,,
ward,ildamat,ILDAMAT,,kajiado_central,,,,,,,
ward,dalalekutuk,DALALEKUTUK,,kajiado_central,,,,,,,
ward,matapato_north,MATAPATO NORTH,,kajiado_central,,,,,,,
ward,matapato_south,MATAPATO SOUTH,,kajiado_central,,,,,,,
ward,kaputiei_north,KAPUTIEI NORTH,,kajiado_east,,,,,,,
ward,kitengela,KITENGELA,,kajiado_east,,,,,,,
ward,oloosirkon_sholinke,OLOOSIRKON/SHOLINKE,,kajiado_east,,,,,,,
ward,kenyawa-poka,KENYAWA-POKA,,kajiado_east,,,,,,,
ward,imaroro,IMARORO,,kajiado_east,,,,,,,
ward,keekonyokie,KEEKONYOKIE,,kajiado_west,,,,,,,
ward,iloodokilani,ILOODOKILANI,,kajiado_west,,,,,,,
ward,magadi,MAGADI,,kajiado_west,,,,,,,
ward,ewuaso_oonkidongi,EWUASO OoNKIDONG'I,,kajiado_west,,,,,,,
ward,mosiro,MOSIRO,,kajiado_west,,,,,,,
ward,entonet_lenkisim,ENTONET/LENKISIM,,kajiado_south,,,,,,,
ward,mbirikani_eselenkei,MBIRIKANI/ESELENKEI,,kajiado_south,,,,,,,
ward,kuku,KUKU,,kajiado_south,,,,,,,
ward,rombo,ROMBO,,kajiado_south,,,,,,,
ward,kimana,KIMANA,,kajiado_south,,,,,,,
ward,londiani,LONDIANI,,kipkelion_east,,,,,,,
ward,kedowa_kimugul,KEDOWA/KIMUGUL,,kipkelion_east,,,,,,,
ward,chepseon,CHEPSEON,,kipkelion_east,,,,,,,
ward,tendeno_sorget,TENDENO/SORGET,,kipkelion_east,,,,,,,
ward,kunyak,KUNYAK,,kipkelion_west,,,,,,,
ward,kamasian,KAMASIAN,,kipkelion_west,,,,,,,
ward,kipkelion,KIPKELION,,kipkelion_west,,,,,,,
ward,chilchila,CHILCHILA,,kipkelion_west,,,,,,,
ward,kapsoit,KAPSOIT,,ainamoi,,,,,,,
ward,ainamoi,AINAMOI,,ainamoi,,,,,,,
ward,kapkugerwet,KAPKUGERWET,,ainamoi,,,,,,,
ward,kipchebor,KIPCHEBOR,,ainamoi,,,,,,,
ward,kipchimchim,KIPCHIMCHIM,,ainamoi,,,,,,,
ward,kapsaos,KAPSAOS,,ainamoi,,,,,,,
ward,kisiara,KISIARA,,bureti,,,,,,,
ward,tebesonik,TEBESONIK,,bureti,,,,,,,
ward,cheboin,CHEBOIN,,bureti,,,,,,,
ward,chemosot,CHEMOSOT,,bureti,,,,,,,
ward,litein,LITEIN,,bureti,,,,,,,
ward,cheplanget,CHEPLANGET,,bureti,,,,,,,
ward,kapkatet,KAPKATET,,bureti,,,,,,,
ward,waldai,WALDAI,,belgut,,,,,,,
ward,kabianga,KABIANGA,,belgut,,,,,,,
ward,cheptororiet_seretut,CHEPTORORIET/SERETUT,,belgut,,,,,,,
ward,chaik,CHAIK,,belgut,,,,,,,
ward,kapsuser,KAPSUSER,,belgut,,,,,,,
ward,sigowet,SIGOWET,,sigowet_soin,,,,,,,
ward,kaplelartet,KAPLELARTET,,sigowet_soin,,,,,,,
ward,soliat,SOLIAT,,sigowet_soin,,,,,,,
ward,soin,SOIN,,sigowet_soin,,,,,,,
ward,ndanai_abosi,NDANAI/ABOSI,,sotik,,,,,,,
ward,chemagel,CHEMAGEL,,sotik,,,,,,,
ward,kipsonoi,KIPSONOI,,sotik,,,,,,,
ward,kapletundo,KAPLETUNDO,,sotik,,,,,,,
ward,rongena_manaret,RONGENA/MANARET,,sotik,,,,,,,
ward,kongasis,KONG'ASIS,,chepalungu,,,,,,,
ward,nyangores,NYANGORES,,chepalungu,,,,,,,
ward,sigor,SIGOR,,chepalungu,,,,,,,
ward,chebunyo,CHEBUNYO,,chepalungu,,,,,,,
ward,siongiroi,SIONGIROI,,chepalungu,,,,,,,
ward,merigi,MERIGI,,bomet_east,,,,,,,
ward,kembu,KEMBU,,bomet_east,,,,,,,
ward,longisa,LONGISA,,bomet_east,,,,,,,
ward,kipreres,KIPRERES,,bomet_east,,,,,,,
ward,chemaner,CHEMANER,,bomet_east,,,,,,,
ward,silibwet_township,SILIBWET TOWNSHIP,,bomet_central,,,,,,,
ward,ndaraweta,NDARAWETA,,bomet_central,,,,,,,
ward,singorwet,SINGORWET,,bomet_central,,,,,,,
ward,chesoen,CHESOEN,,bomet_central,,,,,,,
ward,mutarakwa,MUTARAKWA,,bomet_central,,,,,,,
ward,chepchabas,CHEPCHABAS,,konoin,,,,,,,
ward,kimulot,KIMULOT,,konoin,,,,,,,
ward,mogogosiek,MOGOGOSIEK,,konoin,,,,,,,
ward,boito,BOITO,,konoin,,,,,,,
ward,embomos,EMBOMOS,,konoin,,,,,,,
ward,mautuma,MAUTUMA,,lugari,,,,,,,
ward,lugari,LUGARI,,lugari,,,,,,,
ward,lumakanda,LUMAKANDA,,lugari,,,,,,,
ward,chekalini,CHEKALINI,,lugari,,,,,,,
ward,chevaywa,CHEVAYWA,,lugari,,,,,,,
ward,lwandeti,LWANDETI,,lugari,,,,,,,
ward,likuyani,LIKUYANI,,likuyani,,,,,,,
ward,sango,SANGO,,likuyani,,,,,,,
ward,kongoni,KONGONI,,likuyani,,,,,,,
ward,nzoia,NZOIA,,likuyani,,,,,,,
ward,sinoko,SINOKO,,likuyani,,,,,,,
ward,west_kabras,WEST KABRAS,,malava,,,,,,,
ward,chemuche,CHEMUCHE,,malava,,,,,,,
ward,east_kabras,EAST KABRAS,,malava,,,,,,,
ward,butali_chegulo,BUTALI/CHEGULO,,malava,,,,,,,
ward,manda-shivanga,MANDA-SHIVANGA,,malava,,,,,,,
ward,shirugu-mugai,SHIRUGU-MUGAI,,malava,,,,,,,
ward,south_kabras,SOUTH KABRAS,,malava,,,,,,,
ward,butsotso_east,BUTSOTSO EAST,,lurambi,,,,,,,
ward,butsotso_south,BUTSOTSO SOUTH,,lurambi,,,,,,,
ward,butsotso_central,BUTSOTSO CENTRAL,,lurambi,,,,,,,
ward,sheywe,SHEYWE,,lurambi,,,,,,,
ward,mahiakalo,MAHIAKALO,,lurambi,,,,,,,
ward,shirere,SHIRERE,,lurambi,,,,,,,
ward,ingostse-mathia,INGOSTSE-MATHIA,,navakholo,,,,,,,
ward,shinoyi-shikomari-esumeyia,SHINOYI-SHIKOMARI-ESUMEYIA,,navakholo,,,,,,,
ward,bunyala_west,BUNYALA WEST,,navakholo,,,,,,,
ward,bunyala_east,BUNYALA EAST,,navakholo,,,,,,,
ward,bunyala_central,BUNYALA CENTRAL,,navakholo,,,,,,,
ward,mumias_central,MUMIAS CENTRAL,,mumias_west,,,,,,,
ward,mumias_north,MUMIAS NORTH,,mumias_west,,,,,,,
ward,etenje,ETENJE,,mumias_west,,,,,,,
ward,musanda,MUSANDA,,mumias_west,,,,,,,
ward,lusheya_lubinu,LUSHEYA/LUBINU,,mumias_east,,,,,,,
ward,malaha_isongo_makunga,MALAHA/ISONGO/MAKUNGA,,mumias_east,,,,,,,
ward,east_wanga,EAST WANGA,,mumias_east,,,,,,,
ward,koyonzo,KOYONZO,,matungu,,,,,,,
ward,kholera,KHOLERA,,matungu,,,,,,,
ward,khalaba,KHALABA,,matungu,,,,,,,
ward,mayoni,MAYONI,,matungu,,,,,,,
ward,namamali,NAMAMALI,,matungu,,,,,,,
ward,marama_west,MARAMA WEST,,butere,,,,,,,
ward,marama_central,MARAMA CENTRAL,,butere,,,,,,,
ward,marenyo_-_shianda,MARENYO - SHIANDA,,butere,,,,,,,
ward,marama_north,MARAMA NORTH,,butere,,,,,,,
ward,marama_south,MARAMA SOUTH,,butere,,,,,,,
ward,kisa_north,KISA NORTH,,khwisero,,,,,,,
ward,kisa_east,KISA EAST,,khwisero,,,,,,,
ward,kisa_west,KISA WEST,,khwisero,,,,,,,
ward,kisa_central,KISA CENTRAL,,khwisero,,,,,,,
ward,isukha_north,ISUKHA NORTH,,shinyalu,,,,,,,
ward,murhanda,MURHANDA,,shinyalu,,,,,,,
ward,isukha_central,ISUKHA CENTRAL,,shinyalu,,,,,,,
ward,isukha_south,ISUKHA SOUTH,,shinyalu,,,,,,,
ward,isukha_east,ISUKHA EAST,,shinyalu,,,,,,,
ward,isukha_west,ISUKHA WEST,,shinyalu,,,,,,,
ward,idakho_south,IDAKHO SOUTH,,ikolomani,,,,,,,
ward,idakho_east,IDAKHO EAST,,ikolomani,,,,,,,
ward,idakho_north,IDAKHO NORTH,,ikolomani,,,,,,,
ward,idakho_central,IDAKHO CENTRAL,,ikolomani,,,,,,,
ward,lugaga-wamuluma,LUGAGA-WAMULUMA,,vihiga,,,,,,,
ward,south_maragoli,SOUTH MARAGOLI,,vihiga,,,,,,,
ward,central_maragoli,CENTRAL MARAGOLI,,vihiga,,,,,,,
ward,mungoma,MUNGOMA,,vihiga,,,,,,,
ward,lyaduywa_izava,LYADUYWA/IZAVA,,sabatia,,,,,,,
ward,west_sabatia,WEST SABATIA,,sabatia,,,,,,,
ward,chavakali,CHAVAKALI,,sabatia,,,,,,,
ward,north_maragoli,NORTH MARAGOLI,,sabatia,,,,,,,
ward,wodanga,WODANGA,,sabatia,,,,,,,
ward,busali,BUSALI,,sabatia,,,,,,,
ward,shiru,SHIRU,,hamisi,,,,,,,
ward,gisambai,GISAMBAI,,hamisi,,,,,,,
ward,shamakhokho,SHAMAKHOKHO,,hamisi,,,,,,,
ward,banja,BANJA,,hamisi,,,,,,,
ward,muhudu,MUHUDU,,hamisi,,,,,,,
ward,tambua,TAMBUA,,hamisi,,,,,,,
ward,jepkoyai,JEPKOYAI,,hamisi,,,,,,,
ward,luanda_township,LUANDA TOWNSHIP,,luanda,,,,,,,
ward,wemilabi,WEMILABI,,luanda,,,,,,,
ward,mwibona,MWIBONA,,luanda,,,,,,,
ward,luanda_south,LUANDA SOUTH,,luanda,,,,,,,
ward,emabungo,EMABUNGO,,luanda,,,,,,,
ward,north_east_bunyore,NORTH EAST BUNYORE,,emuhaya,,,,,,,
ward,central_bunyore,CENTRAL BUNYORE,,emuhaya,,,,,,,
ward,west_bunyore,WEST BUNYORE,,emuhaya,,,,,,,
ward,cheptais,CHEPTAIS,,mt_elgon,,,,,,,
ward,chesikaki,CHESIKAKI,,mt_elgon,,,,,,,
ward,chepyuk,CHEPYUK,,mt_elgon,,,,,,,
ward,kapkateny,KAPKATENY,,mt_elgon,,,,,,,
ward,kaptama,KAPTAMA,,mt_elgon,,,,,,,
ward,elgon,ELGON,,mt_elgon,,,,,,,
ward,namwela,NAMWELA,,sirisia,,,,,,,
ward,malakisi_south_kulisiru,MALAKISI/SOUTH KULISIRU,,sirisia,,,,,,,
ward,lwandanyi,LWANDANYI,,sirisia,,,,,,,
ward,kabuchai_chwele,KABUCHAI/CHWELE,,kabuchai,,,,,,,
ward,west_nalondo,WEST NALONDO,,kabuchai,,,,,,,
ward,bwake_luuya,BWAKE/LUUYA,,kabuchai,,,,,,,
ward,mukuyuni,MUKUYUNI,,kabuchai,,,,,,,
ward,south_bukusu,SOUTH BUKUSU,,bumula,,,,,,,
ward,bumula,BUMULA,,bumula,,,,,,,
ward,khasoko,KHASOKO,,bumula,,,,,,,
ward,kabula,KABULA,,bumula,,,,,,,
ward,kimaeti,KIMAETI,,bumula,,,,,,,
ward,west_bukusu,WEST BUKUSU,,bumula,,,,,,,
ward,siboti,SIBOTI,,bumula,,,,,,,
ward,bukembe_west,BUKEMBE WEST,,kanduyi,,,,,,,
ward,bukembe_east,BUKEMBE EAST,,kanduyi,,,,,,,
ward,township,TOWNSHIP,,kanduyi,,,,,,,
ward,khalaba,KHALABA,,kanduyi,,,,,,,
ward,musikoma,MUSIKOMA,,kanduyi,,,,,,,
ward,east_sangalo,EAST SANG'ALO,,kanduyi,,,,,,,
ward,marakaru_tuuti,MARAKARU/TUUTI,,kanduyi,,,,,,,
ward,west_sangalo,WEST SANG'ALO,,kanduyi,,,,,,,
ward,mihuu,MIHUU,,webuye_east,,,,,,,
ward,ndivisi,NDIVISI,,webuye_east,,,,,,,
ward,maraka,MARAKA,,webuye_east,,,,,,,
ward,misikhu,MISIKHU,,webuye_west,,,,,,,
ward,sitikho,SITIKHO,,webuye_west,,,,,,,
ward,matulo,MATULO,,webuye_west,,,,,,,
ward,bokoli,BOKOLI,,webuye_west,,,,,,,
ward,kibingei,KIBINGEI,,kimilili,,,,,,,
ward,kimilili,KIMILILI,,kimilili,,,,,,,
ward,maeni,MAENI,,kimilili,,,,,,,
ward,kamukuywa,KAMUKUYWA,,kimilili,,,,,,,
ward,mbakalo,MBAKALO,,tongaren,,,,,,,
ward,naitiri_kabuyefwe,NAITIRI/KABUYEFWE,,tongaren,,,,,,,
ward,milima,MILIMA,,tongaren,,,,,,,
ward,ndalu_tabani,NDALU/ TABANI,,tongaren,,,,,,,
ward,tongaren,TONGAREN,,tongaren,,,,,,,
ward,soysambu_mitua,SOYSAMBU/ MITUA,,tongaren,,,,,,,
ward,malaba_central,MALABA CENTRAL,,teso_north,,,,,,,
ward,malaba_north,MALABA NORTH,,teso_north,,,,,,,
ward,angurai_south,ANG'URAI SOUTH,,teso_north,,,,,,,
ward,angurai_north,ANG'URAI NORTH,,teso_north,,,,,,,
ward,angurai_east,ANG'URAI EAST,,teso_north,,,,,,,
ward,malaba_south,MALABA SOUTH,,teso_north,,,,,,,
ward,angorom,ANG'OROM,,teso_south,,,,,,,
ward,chakol_south,CHAKOL SOUTH,,teso_south,,,,,,,
ward,chakol_north,CHAKOL NORTH,,teso_south,,,,,,,
ward,amukura_west,AMUKURA WEST,,teso_south,,,,,,,
ward,amukura_east,AMUKURA EAST,,teso_south,,,,,,,
ward,amukura_central,AMUKURA CENTRAL,,teso_south,,,,,,,
ward,nambale_township,NAMBALE TOWNSHIP,,nambale,,,,,,,
ward,bukhayo_north_waltsi,BUKHAYO NORTH/WALTSI,,nambale,,,,,,,
ward,bukhayo_east,BUKHAYO EAST,,nambale,,,,,,,
ward,bukhayo_central,BUKHAYO CENTRAL,,nambale,,,,,,,
ward,bukhayo_west,BUKHAYO WEST,,matayos,,,,,,,
ward,mayenje,MAYENJE,,matayos,,,,,,,
ward,matayos_south,MATAYOS SOUTH,,matayos,,,,,,,
ward,busibwabo,BUSIBWABO,,matayos,,,,,,,
ward,burumba,BURUMBA,,matayos,,,,,,,
ward,marachi_west,MARACHI WEST,,butula,,,,,,,
ward,kingandole,KINGANDOLE,,butula,,,,,,,
ward,marachi_central,MARACHI CENTRAL,,butula,,,,,,,
ward,marachi_east,MARACHI EAST,,butula,,,,,,,
ward,marachi_north,MARACHI NORTH,,butula,,,,,,,
ward,elugulu,ELUGULU,,butula,,,,,,,
ward,namboboto_nambuku,NAMBOBOTO NAMBUKU,,funyula,,,,,,,
ward,nangina,NANGINA,,funyula,,,,,,,
ward,agenga_nanguba,AGENG'A NANGUBA,,funyula,,,,,,,
ward,bwiri,BWIRI,,funyula,,,,,,,
ward,bunyala_central,BUNYALA CENTRAL,,budalangi,,,,,,,
ward,bunyala_north,BUNYALA NORTH,,budalangi,,,,,,,
ward,bunyala_west,BUNYALA WEST,,budalangi,,,,,,,
ward,bunyala_south,BUNYALA SOUTH,,budalangi,,,,,,,
ward,west_ugenya,WEST UGENYA,,ugenya,,,,,,,
ward,ukwala,UKWALA,,ugenya,,,,,,,
ward,north_ugenya,NORTH UGENYA,,ugenya,,,,,,,
ward,east_ugenya,EAST UGENYA,,ugenya,,,,,,,
ward,sidindi,SIDINDI,,ugunja,,,,,,,
ward,sigomere,SIGOMERE,,ugunja,,,,,,,
ward,ugunja,UGUNJA,,ugunja,,,,,,,
ward,usonga,USONGA,,alego_usonga,,,,,,,
ward,west_alego,WEST ALEGO,,alego_usonga,,,,,,,
ward,central_alego,CENTRAL ALEGO,,alego_usonga,,,,,,,
ward,siaya_township,SIAYA TOWNSHIP,,alego_usonga,,,,,,,
ward,north_alego,NORTH ALEGO,,alego_usonga,,,,,,,
ward,south_east_alego,SOUTH EAST ALEGO,,alego_usonga,,,,,,,
ward,north_gem,NORTH GEM,,gem,,,,,,,
ward,west_gem,WEST GEM,,gem,,,,,,,
ward,central_gem,CENTRAL GEM,,gem,,,,,,,
ward,yala_township,YALA TOWNSHIP,,gem,,,,,,,
ward,east_gem,EAST GEM,,gem,,,,,,,
ward,south_gem,SOUTH GEM,,gem,,,,,,,
ward,west_yimbo,WEST YIMBO,,bondo,,,,,,,
ward,central_sakwa,CENTRAL SAKWA,,bondo,,,,,,,
ward,south_sakwa,SOUTH SAKWA,,bondo,,,,,,,
ward,yimbo_east,YIMBO EAST,,bondo,,,,,,,
ward,west_sakwa,WEST SAKWA,,bondo,,,,,,,
ward,north_sakwa,NORTH SAKWA,,bondo,,,,,,,
ward,east_asembo,EAST ASEMBO,,rarieda,,,,,,,
ward,west_asembo,WEST ASEMBO,,rarieda,,,,,,,
ward,north_uyoma,NORTH UYOMA,,rarieda,,,,,,,
ward,south_uyoma,SOUTH UYOMA,,rarieda,,,,,,,
ward,west_uyoma,WEST UYOMA,,rarieda,,,,,,,
ward,kajulu,KAJULU,,kisumu_east,,,,,,,
ward,kolwa_east,KOLWA EAST,,kisumu_east,,,,,,,
ward,manyatta_b,MANYATTA 'B',,kisumu_east,,,,,,,
ward,nyalenda_a,NYALENDA 'A',,kisumu_east,,,,,,,
ward,kolwa_central,KOLWA CENTRAL,,kisumu_east,,,,,,,
ward,south_west_kisumu,SOUTH WEST KISUMU,,kisumu_west,,,,,,,
ward,central_kisumu,CENTRAL KISUMU,,kisumu_west,,,,,,,
ward,kisumu_north,KISUMU NORTH,,kisumu_west,,,,,,,
ward,west_kisumu,WEST KISUMU,,kisumu_west,,,,,,,
ward,north_west_kisumu,NORTH WEST KISUMU,,kisumu_west,,,,,,,
ward,railways,RAILWAYS,,kisumu_central,,,,,,,
ward,migosi,MIGOSI,,kisumu_central,,,,,,,
ward,shaurimoyo_kaloleni,SHAURIMOYO KALOLENI,,kisumu_central,,,,,,,
ward,market_milimani,MARKET MILIMANI,,kisumu_central,,,,,,,
ward,kondele,KONDELE,,kisumu_central,,,,,,,
ward,nyalenda_b,NYALENDA B,,kisumu_central,,,,,,,
ward,west_seme,WEST SEME,,seme,,,,,,,
ward,central_seme,CENTRAL SEME,,seme,,,,,,,
ward,east_seme,EAST SEME,,seme,,,,,,,
ward,north_seme,NORTH SEME,,seme,,,,,,,
ward,east_kano_wawidhi,EAST KANO/WAWIDHI,,nyando,,,,,,,
ward,awasi_onjiko,AWASI/ONJIKO,,nyando,,,,,,,
ward,ahero,AHERO,,nyando,,,,,,,
ward,kabonyo_kanyagwal,KABONYO/KANYAGWAL,,nyando,,,,,,,
ward,kobura,KOBURA,,nyando,,,,,,,
ward,miwani,MIWANI,,muhoroni,,,,,,,
ward,ombeyi,OMBEYI,,muhoroni,,,,,,,
ward,masogo_nyangoma,MASOGO/NYANG'OMA,,muhoroni,,,,,,,
ward,chemelil,CHEMELIL,,muhoroni,,,,,,,
ward,muhoroni_koru,MUHORONI/KORU,,muhoroni,,,,,,,
ward,south_west_nyakach,SOUTH WEST NYAKACH,,nyakach,,,,,,,
ward,north_nyakach,NORTH NYAKACH,,nyakach,,,,,,,
ward,central_nyakach,CENTRAL NYAKACH,,nyakach,,,,,,,
ward,west_nyakach,WEST NYAKACH,,nyakach,,,,,,,
ward,south_east_nyakach,SOUTH EAST NYAKACH,,nyakach,,,,,,,
ward,west_kasipul,WEST KASIPUL,,kasipul,,,,,,,
ward,south_kasipul,SOUTH KASIPUL,,kasipul,,,,,,,
ward,central_kasipul,CENTRAL KASIPUL,,kasipul,,,,,,,
ward,east_kamagak,EAST KAMAGAK,,kasipul,,,,,,,
ward,west_kamagak,WEST KAMAGAK,,kasipul,,,,,,,
ward,kabondo_east,KABONDO EAST,,kabondo_kasipul,,,,,,,
ward,kabondo_west,KABONDO WEST,,kabondo_kasipul,,,,,,,
ward,kokwanyo_kakelo,KOKWANYO/KAKELO,,kabondo_kasipul,,,,,,,
ward,kojwach,KOJWACH,,kabondo_kasipul,,,,,,,
ward,west_karachuonyo,WEST KARACHUONYO,,karachuonyo,,,,,,,
ward,north_karachuonyo,NORTH KARACHUONYO,,karachuonyo,,,,,,,
ward,central,CENTRAL,,karachuonyo,,,,,,,
ward,kanyaluo,KANYALUO,,karachuonyo,,,,,,,
ward,kibiri,KIBIRI,,karachuonyo,,,,,,,
ward,wangchieng,WANGCHIENG,,karachuonyo,,,,,,,
ward,kendu_bay_town,KENDU BAY TOWN,,karachuonyo,,,,,,,
ward,west_gem,WEST GEM,,rangwe,,,,,,,
ward,east_gem,EAST GEM,,rangwe,,,,,,,
ward,kagan,KAGAN,,rangwe,,,,,,,
ward,kochia,KOCHIA,,rangwe,,,,,,,
ward,homa_bay_central,HOMA BAY CENTRAL,,homa_bay_town,,,,,,,
ward,homa_bay_arujo,HOMA BAY ARUJO,,homa_bay_town,,,,,,,
ward,homa_bay_west,HOMA BAY WEST,,homa_bay_town,,,,,,,
ward,homa_bay_east,HOMA BAY EAST,,homa_bay_town,,,,,,,
ward,kwabwai,KWABWAI,,ndhiwa,,,,,,,
ward,kanyadoto,KANYADOTO,,ndhiwa,,,,,,,
ward,kanyikela,KANYIKELA,,ndhiwa,,,,,,,
ward,kabuoch_north,KABUOCH NORTH,,ndhiwa,,,,,,,
ward,kabuoch_south_pala,KABUOCH SOUTH/PALA,,ndhiwa,,,,,,,
ward,kanyamwa_kologi,KANYAMWA KOLOGI,,ndhiwa,,,,,,,
ward,kanyamwa_kosewe,KANYAMWA KOSEWE,,ndhiwa,,,,,,,
ward,mfangano_island,MFANGANO ISLAND,,suba_north,,,,,,,
ward,rusinga_island,RUSINGA ISLAND,,suba_north,,,,,,,
ward,kasgunga,KASGUNGA,,suba_north,,,,,,,
ward,gembe,GEMBE,,suba_north,,,,,,,
ward,lambwe,LAMBWE,,suba_north,,,,,,,
ward,gwassi_south,GWASSI SOUTH,,suba_south,,,,,,,
ward,gwassi_north,GWASSI NORTH,,suba_south,,,,,,,
ward,kaksingri_west,KAKSINGRI WEST,,suba_south,,,,,,,
ward,ruma-kaksingri,RUMA-KAKSINGRI,,suba_south,,,,,,,
ward,north_kamagambo,NORTH KAMAGAMBO,,rongo,,,,,,,
ward,central_kamagambo,CENTRAL KAMAGAMBO,,rongo,,,,,,,
ward,east_kamagambo,EAST KAMAGAMBO,,rongo,,,,,,,
ward,south_kamagambo,SOUTH KAMAGAMBO,,rongo,,,,,,,
ward,north_sakwa,NORTH SAKWA,,awendo,,,,,,,
ward,south_sakwa,SOUTH SAKWA,,awendo,,,,,,,
ward,west_sakwa,WEST SAKWA,,awendo,,,,,,,
ward,central_sakwa,CENTRAL SAKWA,,awendo,,,,,,,
ward,god_jope,GOD JOPE,,suna_east,,,,,,,
ward,suna_central,SUNA CENTRAL,,suna_east,,,,,,,
ward,kakrao,KAKRAO,,suna_east,,,,,,,
ward,kwa,KWA,,suna_east,,,,,,,
ward,wiga,WIGA,,suna_west,,,,,,,
ward,wasweta_ii,WASWETA II,,suna_west,,,,,,,
ward,ragana-oruba,RAGANA-ORUBA,,suna_west,,,,,,,
ward,wasimbete,WASIMBETE,,suna_west,,,,,,,
ward,west_kanyamkago,WEST KANYAMKAGO,,uriri,,,,,,,
ward,north_kanyamkago,NORTH KANYAMKAGO,,uriri,,,,,,,
ward,central_kanyamkago,CENTRAL KANYAMKAGO,,uriri,,,,,,,
ward,south_kanyamkago,SOUTH KANYAMKAGO,,uriri,,,,,,,
ward,east_kanyamkago,EAST KANYAMKAGO,,uriri,,,,,,,
ward,kachieng,KACHIEN'G,,nyatike,,,,,,,
ward,kanyasa,KANYASA,,nyatike,,,,,,,
ward,north_kadem,NORTH KADEM,,nyatike,,,,,,,
ward,macalder_kanyarwanda,MACALDER/KANYARWANDA,,nyatike,,,,,,,
ward,kaler,KALER,,nyatike,,,,,,,
ward,got_kachola,GOT KACHOLA,,nyatike,,,,,,,
ward,muhuru,MUHURU,,nyatike,,,,,,,
ward,bukira_east,BUKIRA EAST,,kuria_west,,,,,,,
ward,bukira_centrl_ikerege,BUKIRA CENTRL/IKEREGE,,kuria_west,,,,,,,
ward,isibania,ISIBANIA,,kuria_west,,,,,,,
ward,makerero,MAKERERO,,kuria_west,,,,,,,
ward,masaba,MASABA,,kuria_west,,,,,,,
ward,tagare,TAGARE,,kuria_west,,,,,,,
ward,nyamosense_komosoko,NYAMOSENSE/KOMOSOKO,,kuria_west,,,,,,,
ward,gokeharaka_getambwega,GOKEHARAKA/GETAMBWEGA,,kuria_east,,,,,,,
ward,ntimaru_west,NTIMARU WEST,,kuria_east,,,,,,,
ward,ntimaru_east,NTIMARU EAST,,kuria_east,,,,,,,
ward,nyabasi_east,NYABASI EAST,,kuria_east,,,,,,,
ward,nyabasi_west,NYABASI WEST,,kuria_east,,,,,,,
ward,bomariba,BOMARIBA,,bonchari,,,,,,,
ward,bogiakumu,BOGIAKUMU,,bonchari,,,,,,,
ward,bomorenda,BOMORENDA,,bonchari,,,,,,,
ward,riana,RIANA,,bonchari,,,,,,,
ward,tabaka,TABAKA,,south_mugirango,,,,,,,
ward,boikanga,BOIKANG'A,,south_mugirango,,,,,,,
ward,bogetenga,BOGETENGA,,south_mugirango,,,,,,,
ward,borabu_chitago,BORABU / CHITAGO,,south_mugirango,,,,,,,
ward,moticho,MOTICHO,,south_mugirango,,,,,,,
ward,getenga,GETENGA,,south_mugirango,,,,,,,
ward,bombaba_borabu,BOMBABA BORABU,,bomachoge_borabu,,,,,,,
ward,boochi_borabu,BOOCHI BORABU,,bomachoge_borabu,,,,,,,
ward,bokimonge,BOKIMONGE,,bomachoge_borabu,,,,,,,
ward,magenche,MAGENCHE,,bomachoge_borabu,,,,,,,
ward,masige_west,MASIGE WEST,,bobasi,,,,,,,
ward,masige_east,MASIGE EAST,,bobasi,,,,,,,
ward,basi_central,BASI CENTRAL,,bobasi,,,,,,,
ward,nyacheki,NYACHEKI,,bobasi,,,,,,,
ward,basi_bogetaorio,BASI BOGETAORIO,,bobasi,,,,,,,
ward,bobasi_chache,BOBASI CHACHE,,bobasi,,,,,,,
ward,sameta_mokwerero,SAMETA/MOKWERERO,,bobasi,,,,,,,
ward,bobasi_boitangare,BOBASI BOITANGARE,,bobasi,,,,,,,
ward,majoge_basi,MAJOGE BASI,,bomachoge_chache,,,,,,,
ward,boochi_tendere,BOOCHI/TENDERE,,bomachoge_chache,,,,,,,
ward,bosoti_sengera,BOSOTI/SENGERA,,bomachoge_chache,,,,,,,
ward,ichuni,ICHUNI,,nyaribari_masaba,,,,,,,
ward,nyamasibi,NYAMASIBI,,nyaribari_masaba,,,,,,,
ward,masimba,MASIMBA,,nyaribari_masaba,,,,,,,
ward,gesusu,GESUSU,,nyaribari_masaba,,,,,,,
ward,kiamokama,KIAMOKAMA,,nyaribari_masaba,,,,,,,
ward,bobaracho,BOBARACHO,,nyaribari_chache,,,,,,,
ward,kisii_central,KISII CENTRAL,,nyaribari_chache,,,,,,,
ward,keumbu,KEUMBU,,nyaribari_chache,,,,,,,
ward,kiogoro,KIOGORO,,nyaribari_chache,,,,,,,
ward,birongo,BIRONGO,,nyaribari_chache,,,,,,,
ward,ibeno,IBENO,,nyaribari_chache,,,,,,,
ward,monyerero,MONYERERO,,kitutu_chache_north,,,,,,,
ward,sensi,SENSI,,kitutu_chache_north,,,,,,,
ward,marani,MARANI,,kitutu_chache_north,,,,,,,
ward,kegogi,KEGOGI,,kitutu_chache_north,,,,,,,
ward,bogusero,BOGUSERO,,kitutu_chache_south,,,,,,,
ward,bogeka,BOGEKA,,kitutu_chache_south,,,,,,,
ward,nyakoe,NYAKOE,,kitutu_chache_south,,,,,,,
ward,kitutu_central,KITUTU CENTRAL,,kitutu_chache_south,,,,,,,
ward,nyatieko,NYATIEKO,,kitutu_chache_south,,,,,,,
ward,rigoma,RIGOMA,,kitutu_masaba,,,,,,,
ward,gachuba,GACHUBA,,kitutu_masaba,,,,,,,
ward,kemera,KEMERA,,kitutu_masaba,,,,,,,
ward,magombo,MAGOMBO,,kitutu_masaba,,,,,,,
ward,manga,MANGA,,kitutu_masaba,,,,,,,
ward,gesima,GESIMA,,kitutu_masaba,,,,,,,
ward,nyamaiya,NYAMAIYA,,west_mugirango,,,,,,,
ward,bogichora,BOGICHORA,,west_mugirango,,,,,,,
ward,bosamaro,BOSAMARO,,west_mugirango,,,,,,,
ward,bonyamatuta,BONYAMATUTA,,west_mugirango,,,,,,,
ward,township,TOWNSHIP,,west_mugirango,,,,,,,
ward,itibo,ITIBO,,north_mugirango,,,,,,,
ward,bomwagamo,BOMWAGAMO,,north_mugirango,,,,,,,
ward,bokeira,BOKEIRA,,north_mugirango,,,,,,,
ward,magwagwa,MAGWAGWA,,north_mugirango,,,,,,,
ward,ekerenyo,EKERENYO,,north_mugirango,,,,,,,
ward,mekenene,MEKENENE,,borabu,,,,,,,
ward,kiabonyoru,KIABONYORU,,borabu,,,,,,,
ward,nyansiongo,NYANSIONGO,,borabu,,,,,,,
ward,esise,ESISE,,borabu,,,,,,,
ward,kitisuru,KITISURU,,westlands,,,,,,,
ward,parklands_highridge,PARKLANDS/HIGHRIDGE,,westlands,,,,,,,
ward,karura,KARURA,,westlands,,,,,,,
ward,kangemi,KANGEMI,,westlands,,,,,,,
ward,mountain_view,MOUNTAIN VIEW,,westlands,,,,,,,
ward,kilimani,KILIMANI,,westlands,,,,,,,
ward,kawangware,KAWANGWARE,,westlands,,,,,,,
ward,gatina,GATINA,,dagoretti_north,,,,,,,
ward,kileleshwa,KILELESHWA,,dagoretti_north,,,,,,,
ward,kabiro,KABIRO,,dagoretti_north,,,,,,,
ward,mutu-ini,MUTU-INI,,dagoretti_north,,,,,,,
ward,ngando,NGANDO,,dagoretti_north,,,,,,,
ward,riruta,RIRUTA,,dagoretti_south,,,,,,,
ward,uthiru_ruthimitu,UTHIRU/RUTHIMITU,,dagoretti_south,,,,,,,
ward,waithaka,WAITHAKA,,dagoretti_south,,,,,,,
ward,karen,KAREN,,dagoretti_south,,,,,,,
ward,nairobi_west,NAIROBI WEST,,dagoretti_south,,,,,,,
ward,mugumu-ini,MUGUMU-INI,,langata,,,,,,,
ward,south_c,SOUTH C,,langata,,,,,,,
ward,nyayo_highrise,NYAYO HIGHRISE,,langata,,,,,,,
ward,laini_saba,LAINI SABA,,langata,,,,,,,
ward,lindi,LINDI,,langata,,,,,,,
ward,makina,MAKINA,,kibra,,,,,,,
ward,woodley_kenyatta_golf_cou,WOODLEY/KENYATTA GOLF COU,,kibra,,,,,,,
ward,sarangombe,SARANGOMBE,,kibra,,,,,,,
ward,githurai,GITHURAI,,kibra,,,,,,,
ward,kahawa_west,KAHAWA WEST,,kibra,,,,,,,
ward,zimmerman,ZIMMERMAN,,roysambu,,,,,,,
ward,roysambu,ROYSAMBU,,roysambu,,,,,,,
ward,kahawa,KAHAWA,,roysambu,,,,,,,
ward,clay_city,CLAY CITY,,roysambu,,,,,,,
ward,mwiki,MWIKI,,roysambu,,,,,,,
ward,kasarani,KASARANI,,kasarani,,,,,,,
ward,njiru,NJIRU,,kasarani,,,,,,,
ward,ruai,RUAI,,kasarani,,,,,,,
ward,baba_dogo,BABA DOGO,,kasarani,,,,,,,
ward,utalii,UTALII,,kasarani,,,,,,,
ward,mathare_north,MATHARE NORTH,,ruaraka,,,,,,,
ward,lucky_summer,LUCKY SUMMER,,ruaraka,,,,,,,
ward,korogocho,KOROGOCHO,,ruaraka,,,,,,,
ward,imara_daima,IMARA DAIMA,,ruaraka,,,,,,,
ward,kwa_njenga,KWA NJENGA,,ruaraka,,,,,,,
ward,kwa_reuben,KWA REUBEN,,embakasi_south,,,,,,,
ward,pipeline,PIPELINE,,embakasi_south,,,,,,,
ward,kware,KWARE,,embakasi_south,,,,,,,
ward,kariobangi_north,KARIOBANGI NORTH,,embakasi_south,,,,,,,
ward,dandora_area_i,DANDORA AREA I,,embakasi_south,,,,,,,
ward,dandora_area_ii,DANDORA AREA II,,embakasi_north,,,,,,,
ward,dandora_area_iii,DANDORA AREA III,,embakasi_north,,,,,,,
ward,dandora_area_iv,DANDORA AREA IV,,embakasi_north,,,,,,,
ward,kayole_north,KAYOLE NORTH,,embakasi_north,,,,,,,
ward,kayole_central,KAYOLE CENTRAL,,embakasi_north,,,,,,,
ward,kayole_south,KAYOLE SOUTH,,embakasi_central,,,,,,,
ward,komarock,KOMAROCK,,embakasi_central,,,,,,,
ward,matopeni_spring_valley,MATOPENI/SPRING VALLEY,,embakasi_central,,,,,,,
ward,upper_savannah,UPPER SAVANNAH,,embakasi_central,,,,,,,
ward,lower_savannah,LOWER SAVANNAH,,embakasi_central,,,,,,,
ward,embakasi,EMBAKASI,,embakasi_east,,,,,,,
ward,utawala,UTAWALA,,embakasi_east,,,,,,,
ward,mihango,MIHANGO,,embakasi_east,,,,,,,
ward,umoja_i,UMOJA I,,embakasi_east,,,,,,,
ward,umoja_ii,UMOJA II,,embakasi_east,,,,,,,
ward,mowlem,MOWLEM,,embakasi_west,,,,,,,
ward,kariobangi_south,KARIOBANGI SOUTH,,embakasi_west,,,,,,,
ward,maringo_hamza,MARINGO/HAMZA,,embakasi_west,,,,,,,
ward,viwandani,VIWANDANI,,embakasi_west,,,,,,,
ward,harambee,HARAMBEE,,makadara,,,,,,,
ward,makongeni,MAKONGENI,,makadara,,,,,,,
ward,pumwani,PUMWANI,,makadara,,,,,,,
ward,eastleigh_north,EASTLEIGH NORTH,,makadara,,,,,,,
ward,eastleigh_south,EASTLEIGH SOUTH,,kamukunji,,,,,,,
ward,airbase,AIRBASE,,kamukunji,,,,,,,
ward,california,CALIFORNIA,,kamukunji,,,,,,,
ward,nairobi_central,NAIROBI CENTRAL,,kamukunji,,,,,,,
ward,ngara,NGARA,,kamukunji,,,,,,,
ward,pangani,PANGANI,,starehe,,,,,,,
ward,ziwani_kariokor,ZIWANI/KARIOKOR,,starehe,,,,,,,
ward,landimawe,LANDIMAWE,,starehe,,,,,,,
ward,nairobi_south,NAIROBI SOUTH,,starehe,,,,,,,
ward,hospital,HOSPITAL,,starehe,,,,,,,
ward,mabatini,MABATINI,,starehe,,,,,,,
ward,huruma,HURUMA,,mathare,,,,,,,
ward,ngei,NGEI,,mathare,,,,,,,
ward,mlango_kubwa,MLANGO KUBWA,,mathare,,,,,,,
ward,kiamaiko,KIAMAIKO,,mathare,,,,,,,
poll_station,bomu_primary_school,BOMU PRIMARY SCHOOL,,,,,,port_reitz,,10010001001,14
poll_station,mwijabu_primary_school,MWIJABU PRIMARY SCHOOL,,,,,,port_reitz,,10010001002,7
poll_station,lilongwe_garden,LILONGWE GARDEN,,,,,,port_reitz,,10010001003,5
poll_station,bomu_stadium,BOMU STADIUM,,,,,,port_reitz,,10010001004,1
poll_station,bomu_secondary_school,BOMU SECONDARY SCHOOL,,,,,,port_reitz,,10010001005,1
poll_station,full_gospel_church_ground,FULL GOSPEL CHURCH GROUND,,,,,,port_reitz,,10010001006,1
poll_station,umoja_primary_school,UMOJA PRIMARY SCHOOL,,,,,,kipevu,,10010002007,5
poll_station,kisumu_ndogo_ground,KISUMU NDOGO GROUND,,,,,,kipevu,,10010002008,5
poll_station,kwa_hola_primary_school,KWA HOLA PRIMARY SCHOOL,,,,,,kipevu,,10010002009,5
poll_station,cape_town_ground,CAPE TOWN GROUND,,,,,,kipevu,,10010002010,7
poll_station,kaloleni_ground,KALOLENI GROUND,,,,,,kipevu,,10010002011,3
poll_station,akamba_handcraft_coop_society,AKAMBA HANDCRAFT COOP. SOCIETY,,,,,,kipevu,,10010002012,1
poll_station,bokole_nursery_school,BOKOLE NURSERY SCHOOL,,,,,,airport,,10010003013,6
poll_station,baraka_village,BARAKA VILLAGE,,,,,,airport,,10010003014,6
poll_station,alirshadi_nursery_school,AL-IRSHADI NURSERY SCHOOL,,,,,,airport,,10010003015,8
poll_station,mwidani_social_hall,MWIDANI SOCIAL HALL,,,,,,airport,,10010003016,7
poll_station,portreitz_nursery_school,PORTREITZ NURSERY SCHOOL,,,,,,airport,,10010003017,2
poll_station,changamwe_social_hall,CHANGAMWE SOCIAL HALL,,,,,,changamwe,,10010004018,9
poll_station,changamwe_primary_school,CHANGAMWE PRIMARY SCHOOL,,,,,,changamwe,,10010004019,2
poll_station,st_lwanga_primary_school,ST. LWANGA PRIMARY SCHOOL,,,,,,changamwe,,10010004020,4
poll_station,changamwe_secondary_school,CHANGAMWE SECONDARY SCHOOL,,,,,,changamwe,,10010004021,2
poll_station,gome_primary_school,GOME PRIMARY SCHOOL,,,,,,changamwe,,10010004022,3
poll_station,magongo_primary_school,MAGONGO PRIMARY SCHOOL,,,,,,changamwe,,10010004023,4
poll_station,baptist_church_primary_school,BAPTIST CHURCH PRIMARY SCHOOL,,,,,,changamwe,,10010004024,4
poll_station,bishop_mkala_academy,BISHOP MKALA ACADEMY,,,,,,changamwe,,10010004025,1
poll_station,kimbilio_academy,KIMBILIO ACADEMY,,,,,,changamwe,,10010004026,1
poll_station,aic_church_hall,AIC CHURCH HALL,,,,,,changamwe,,10010004027,1
poll_station,chaani_social_hall,CHAANI SOCIAL HALL,,,,,,chaani,,10010005028,13
poll_station,kipevu_primary_school,KIPEVU PRIMARY SCHOOL,,,,,,chaani,,10010005029,5
poll_station,mikadini_primary_school,MIKADINI PRIMARY SCHOOL,,,,,,chaani,,10010005030,7
poll_station,chaani_primary_school,CHAANI PRIMARY SCHOOL,,,,,,chaani,,10010005031,9
poll_station,chaani_secondary_school,CHAANI SECONDARY SCHOOL,,,,,,chaani,,10010005032,1
poll_station,chaani_chiefs_office,CHAANI CHIEF'S OFFICE,,,,,,chaani,,10010005033,1
poll_station,kasarani_grounds,KASARANI GROUNDS,,,,,,chaani,,10010005034,1
poll_station,miritini_world_bank_primary_scho,MIRITINI WORLD BANK PRIMARY SCHO,,,,,,jomvu_kuu,,10020006001,8
poll_station,jomvu_kuu_primary_school,JOMVU KUU PRIMARY SCHOOL,,,,,,jomvu_kuu,,10020006002,9
poll_station,taratibu_social_hall,TARATIBU SOCIAL HALL,,,,,,jomvu_kuu,,10020006003,2
poll_station,mirironi_primary_school,MIRIRONI PRIMARY SCHOOL,,,,,,jomvu_kuu,,10020006004,1
poll_station,jomvu_narcol_nursery_school,JOMVU NARCOL NURSERY SCHOOL,,,,,,jomvu_kuu,,10020006005,3
poll_station,swaleh_khalid_social_hall,SWALEH KHALID SOCIAL HALL,,,,,,jomvu_kuu,,10020006006,3
poll_station,nuru_community_based_rehabilita,NURU COMMUNITY BASED REHABILITA,,,,,,jomvu_kuu,,10020006007,5
poll_station,badi_twalib_primary_school,BADI TWALIB PRIMARY SCHOOL,,,,,,jomvu_kuu,,10020006008,1
poll_station,aldinnah_open_grounds,ALDINNAH OPEN GROUNDS,,,,,,jomvu_kuu,,10020006009,7
poll_station,misufini_open_grounds,MISUFINI OPEN GROUNDS,,,,,,jomvu_kuu,,10020006010,1
poll_station,abuubaida_primary_school,ABU-UBAIDA PRIMARY SCHOOL,,,,,,miritini,,10020007011,6
poll_station,miritini_primary_school,MIRITINI PRIMARY SCHOOL,,,,,,miritini,,10020007012,6
poll_station,bamako_innitiative_miritini,BAMAKO INNITIATIVE MIRITINI,,,,,,miritini,,10020007013,3
poll_station,railway_station_hall,RAILWAY STATION HALL,,,,,,miritini,,10020007014,10
poll_station,mwamlai_primary_school,MWAMLAI PRIMARY SCHOOL,,,,,,miritini,,10020007015,4
poll_station,chabeat_open_ground_chamuny,CHABEAT OPEN GROUND - CHAMUNY,,,,,,miritini,,10020007016,1
poll_station,maganda_primary_school,MAGANDA PRIMARY SCHOOL,,,,,,miritini,,10020007017,1
poll_station,ministry_of_water_tanks,MINISTRY OF WATER TANKS,,,,,,mikindani,,10020008018,6
poll_station,owino_uhuru_nursery_school,OWINO UHURU NURSERY SCHOOL,,,,,,mikindani,,10020008019,3
poll_station,kwa_shee_primary_school,KWA SHEE PRIMARY SCHOOL,,,,,,mikindani,,10020008020,5
poll_station,amani_primary_school,AMANI PRIMARY SCHOOL,,,,,,mikindani,,10020008021,11
poll_station,st_marys_bangladesh_primary_sch,ST. MARY'S BANGLADESH PRIMARY SCH,,,,,,mikindani,,10020008022,7
poll_station,mikindani_primary_school,MIKINDANI PRIMARY SCHOOL,,,,,,mikindani,,10020008023,9
poll_station,new_kibarani_primary_school,NEW KIBARANI PRIMARY SCHOOL,,,,,,mikindani,,10020008024,1
poll_station,kajembe_high_school,KAJEMBE HIGH SCHOOL,,,,,,mikindani,,10020008025,10
poll_station,nazarene_nursery_school,NAZARENE NURSERY SCHOOL,,,,,,mikindani,,10020008026,1
poll_station,mwembeni_open_grounds,MWEMBENI OPEN GROUNDS,,,,,,mikindani,,10020008027,1
poll_station,kisauni_baptist_primary_school,KISAUNI BAPTIST PRIMARY SCHOOL,,,,,,mjambere,,10030009001,14
poll_station,kisauni_water_sewerage_offices,KISAUNI WATER & SEWERAGE OFFICES,,,,,,mjambere,,10030009002,7
poll_station,kadongo_grounds_mishomoron,KADONGO GROUNDS - MISHOMORON,,,,,,mjambere,,10030009003,9
poll_station,palani_grounds,PALANI GROUNDS,,,,,,mjambere,,10030009004,4
poll_station,manyani_grounds,MANYANI GROUNDS,,,,,,junda,,10030010005,5
poll_station,ifc_church,IFC CHURCH,,,,,,junda,,10030010006,10
poll_station,emmas_academy,EMMAS ACADEMY,,,,,,junda,,10030010007,6
poll_station,new_hope_secondary_school_mak,NEW HOPE SECONDARY SCHOOL - MAK,,,,,,junda,,10030010008,4
poll_station,assistant_chiefs_camp_machafuk,ASSISTANT CHIEF'S CAMP - MACHAFUK,,,,,,junda,,10030010009,8
poll_station,junda_assistant_chiefs_campwang,JUNDA ASSISTANT CHIEF'S CAMP-WANG,,,,,,junda,,10030010010,8
poll_station,kashani_primary_school,KASHANI PRIMARY SCHOOL,,,,,,bamburi,,10030011011,4
poll_station,majaoni_primary_school,MAJAONI PRIMARY SCHOOL,,,,,,bamburi,,10030011012,8
poll_station,kiembeni_primary_school,KIEMBENI PRIMARY SCHOOL,,,,,,bamburi,,10030011013,14
poll_station,st_elizabeth_academy,ST. ELIZABETH ACADEMY,,,,,,bamburi,,10030011014,5
poll_station,mdengerekeni_primary_school,MDENGEREKENI PRIMARY SCHOOL,,,,,,bamburi,,10030011015,1
poll_station,marimani_primary_school,MARIMANI PRIMARY SCHOOL,,,,,,mwakirunge,,10030012016,3
poll_station,colorado_primary_school,COLORADO PRIMARY SCHOOL,,,,,,mwakirunge,,10030012017,2
poll_station,voroni_community_primary_scho,VORONI COMMUNITY PRIMARY SCHO,,,,,,mwakirunge,,10030012018,2
poll_station,maunguja_primary_school,MAUNGUJA PRIMARY SCHOOL,,,,,,mwakirunge,,10030012019,1
poll_station,mwakirunge_primary_school,MWAKIRUNGE PRIMARY SCHOOL,,,,,,mwakirunge,,10030012020,3
poll_station,kiembeni_baptist_primary_school,KIEMBENI BAPTIST PRIMARY SCHOOL,,,,,,mtopanga,,10030013021,7
poll_station,mtopanga_primary_school,MTOPANGA PRIMARY SCHOOL,,,,,,mtopanga,,10030013022,10
poll_station,concordia_primary_school,CONCORDIA PRIMARY SCHOOL,,,,,,mtopanga,,10030013023,4
poll_station,community_of_christ_churchmt,COMMUNITY OF CHRIST CHURCH-MT,,,,,,mtopanga,,10030013024,4
poll_station,stjosephs_herman_primary_school,ST.JOSEPHS HERMAN PRIMARY SCHOOL,,,,,,mtopanga,,10030013025,4
poll_station,perma_sharp_grounds,PERMA SHARP GROUNDS,,,,,,mtopanga,,10030013026,3
poll_station,mishomoroni_junior_academy,MISHOMORONI JUNIOR ACADEMY,,,,,,magogoni,,10030014027,5
poll_station,mwandoni_kishada_play_ground,MWANDONI (KISHADA) PLAY GROUND,,,,,,magogoni,,10030014028,6
poll_station,barsheba_sokoni_grounds,BARSHEBA SOKONI GROUNDS,,,,,,magogoni,,10030014029,4
poll_station,mwandoni_blue_bench_grounds,MWANDONI BLUE BENCH GROUNDS,,,,,,magogoni,,10030014030,3
poll_station,mwandoni_kwa_mtumwa_ground,MWANDONI KWA MTUMWA GROUND,,,,,,magogoni,,10030014031,3
poll_station,mjahidina_muslim_school,MJAHIDINA MUSLIM SCHOOL,,,,,,magogoni,,10030014032,2
poll_station,mikoroshoni_primary_school,MIKOROSHONI PRIMARY SCHOOL,,,,,,shanzu,,10030015033,7
poll_station,utange_primary_school,UTANGE PRIMARY SCHOOL,,,,,,shanzu,,10030015034,4
poll_station,zimlat_primary_school,ZIMLAT PRIMARY SCHOOL,,,,,,shanzu,,10030015035,4
poll_station,bamburi_primary_school,BAMBURI PRIMARY SCHOOL,,,,,,shanzu,,10030015036,5
poll_station,shanzu_teachers_training_college,SHANZU TEACHERS TRAINING COLLEGE,,,,,,shanzu,,10030015037,11
poll_station,shimo_la_tewa_primary_school,SHIMO LA TEWA PRIMARY SCHOOL,,,,,,shanzu,,10030015038,4
poll_station,mwembelegeza_primary_school,MWEMBELEGEZA PRIMARY SCHOOL,,,,,,shanzu,,10030015039,6
poll_station,khadija_primary_school,KHADIJA PRIMARY SCHOOL,,,,,,frere_town,,10040016001,8
poll_station,fadhiladhym_primary_school,FADHIL-ADHYM PRIMARY SCHOOL,,,,,,frere_town,,10040016002,3
poll_station,mlaleo_primary_school,MLALEO PRIMARY SCHOOL,,,,,,frere_town,,10040016003,5
poll_station,frere_town_primary_school,FRERE TOWN PRIMARY SCHOOL,,,,,,frere_town,,10040016004,9
poll_station,mwandoni_kadiria_grounds,MWANDONI KADIRIA GROUNDS,,,,,,frere_town,,10040016005,3
poll_station,victoria_baptist_primary_school,VICTORIA BAPTIST PRIMARY SCHOOL,,,,,,frere_town,,10040016006,3
poll_station,sarajevo_grounds,SARAJEVO GROUNDS,,,,,,frere_town,,10040016007,5
poll_station,freretown_secondary_school,FRERETOWN SECONDARY SCHOOL,,,,,,frere_town,,10040016008,2
poll_station,khadija_secondary_school,KHADIJA SECONDARY SCHOOL,,,,,,frere_town,,10040016009,2
poll_station,national_industrial_training_aut,NATIONAL INDUSTRIAL TRAINING AUT,,,,,,ziwa_la_ngombe,,10040017010,6
poll_station,ziwa_la_ngombe_primary_school,ZIWA LA NG'OMBE PRIMARY SCHOOL,,,,,,ziwa_la_ngombe,,10040017011,14
poll_station,olive_rehabilitation_centre_mku,OLIVE REHABILITATION CENTRE - MKU,,,,,,ziwa_la_ngombe,,10040017012,4
poll_station,tumaini_academy_church_of_chris,TUMAINI ACADEMY/CHURCH OF CHRIS,,,,,,ziwa_la_ngombe,,10040017013,8
poll_station,kicodep_hall,KICODEP HALL,,,,,,ziwa_la_ngombe,,10040017014,3
poll_station,azhar_primary_school,AZHAR PRIMARY SCHOOL,,,,,,ziwa_la_ngombe,,10040017015,1
poll_station,maweni_primary_school,MAWENI PRIMARY SCHOOL,,,,,,mkomani,,10040018016,10
poll_station,ask_ground_gate_a,ASK GROUND - GATE 'A',,,,,,mkomani,,10040018017,8
poll_station,mkomani_grounds,MKOMANI GROUNDS,,,,,,mkomani,,10040018018,4
poll_station,pentrose_community_primary_sch,PENTROSE COMMUNITY PRIMARY SCH,,,,,,mkomani,,10040018019,11
poll_station,maweni_mixed_secondary_school,MAWENI MIXED SECONDARY SCHOOL,,,,,,mkomani,,10040018020,4
poll_station,kongowea_primary_school,KONGOWEA PRIMARY SCHOOL,,,,,,kongowea,,10040019021,12
poll_station,kwa_karama_grounds,KWA KARAMA GROUNDS,,,,,,kongowea,,10040019022,11
poll_station,kengeleni_primary_school,KENGELENI PRIMARY SCHOOL,,,,,,kongowea,,10040019023,5
poll_station,municipal_social_hall_kongowea,MUNICIPAL SOCIAL HALL - KONGOWEA,,,,,,kongowea,,10040019024,6
poll_station,methodist_church_kongowea,METHODIST CHURCH - KONGOWEA,,,,,,kongowea,,10040019025,8
poll_station,kongowea_secondary_school,KONGOWEA SECONDARY SCHOOL,,,,,,kongowea,,10040019026,2
poll_station,bombolulu_cultural_centre_work,BOMBOLULU CULTURAL CENTRE WORK,,,,,,kadzandani,,10040020027,3
poll_station,bahawani_primary_school,BAHAWANI PRIMARY SCHOOL,,,,,,kadzandani,,10040020028,4
poll_station,bashir_primary_school,BASHIR PRIMARY SCHOOL,,,,,,kadzandani,,10040020029,4
poll_station,kadzandani_primary_school,KADZANDANI PRIMARY SCHOOL,,,,,,kadzandani,,10040020030,6
poll_station,marianist_polytechnic,MARIANIST POLYTECHNIC,,,,,,kadzandani,,10040020031,3
poll_station,soweto_grounds,SOWETO GROUNDS,,,,,,kadzandani,,10040020032,5
poll_station,mwatamba_grounds,MWATAMBA GROUNDS,,,,,,kadzandani,,10040020033,6
poll_station,kwa_bullo_primary_secondary_sch,KWA BULLO PRIMARY/SECONDARY SCH,,,,,,kadzandani,,10040020034,6
poll_station,teman_junior_academy,TEMAN JUNIOR ACADEMY,,,,,,kadzandani,,10040020035,1
poll_station,mtongwe_primary_school,MTONGWE PRIMARY SCHOOL,,,,,,mtongwe,,10050021001,3
poll_station,longo_primary_school,LONGO PRIMARY SCHOOL,,,,,,mtongwe,,10050021002,3
poll_station,mtongwe_social_hall,MTONGWE SOCIAL HALL,,,,,,mtongwe,,10050021003,6
poll_station,vijiweni_primary_school,VIJIWENI PRIMARY SCHOOL,,,,,,mtongwe,,10050021004,3
poll_station,mwangala_primary_school,MWANGALA PRIMARY SCHOOL,,,,,,mtongwe,,10050021005,1
poll_station,mweza_primary_school,MWEZA PRIMARY SCHOOL,,,,,,mtongwe,,10050021006,2
poll_station,mkwajuni_market,MKWAJUNI MARKET,,,,,,mtongwe,,10050021007,1
poll_station,st_joseph_nursery_school,ST. JOSEPH NURSERY SCHOOL,,,,,,mtongwe,,10050021008,4
poll_station,mtongwe_vocational_training_ce,MTONGWE VOCATIONAL TRAINING CE,,,,,,mtongwe,,10050021009,1
poll_station,shika_adabu_primary_school,SHIKA ADABU PRIMARY SCHOOL,,,,,,shika_adabu,,10050022010,7
poll_station,consolata_primary_school,CONSOLATA PRIMARY SCHOOL,,,,,,shika_adabu,,10050022011,5
poll_station,vyemani_primary_school,VYEMANI PRIMARY SCHOOL,,,,,,shika_adabu,,10050022012,3
poll_station,vijiweni_grounds,VIJIWENI GROUNDS,,,,,,shika_adabu,,10050022013,2
poll_station,ujamaa_grounds,UJAMAA GROUNDS,,,,,,shika_adabu,,10050022014,6
poll_station,mishi_mboko_girls_secondary_scho,MISHI MBOKO GIRLS SECONDARY SCHO,,,,,,shika_adabu,,10050022015,1
poll_station,inspirations_primary_school,INSPIRATIONS PRIMARY SCHOOL,,,,,,shika_adabu,,10050022016,1
poll_station,shika_adabu_secondary_school,SHIKA ADABU SECONDARY SCHOOL,,,,,,shika_adabu,,10050022017,1
poll_station,daru_ulum_madrasa,DARU ULUM MADRASA,,,,,,bofu,,10050023018,10
poll_station,jamvi_la_wageni_primary_school,JAMVI LA WAGENI PRIMARY SCHOOL,,,,,,bofu,,10050023019,5
poll_station,peleleza_primary_school,PELELEZA PRIMARY SCHOOL,,,,,,bofu,,10050023020,3
poll_station,likoni_muslim_primary_school,LIKONI MUSLIM PRIMARY SCHOOL,,,,,,bofu,,10050023021,10
poll_station,bomani_football_ground,BOMANI FOOTBALL GROUND,,,,,,bofu,,10050023022,1
poll_station,likoni_primary_school,LIKONI PRIMARY SCHOOL,,,,,,likoni,,10050024023,13
poll_station,jesus_celebration_center_soweto,JESUS CELEBRATION CENTER (SOWETO),,,,,,likoni,,10050024024,6
poll_station,likoni_secondary_school,LIKONI SECONDARY SCHOOL,,,,,,likoni,,10050024025,2
poll_station,likoni_flats_social_hall,LIKONI FLATS SOCIAL HALL,,,,,,timbwani,,10050025026,3
poll_station,consolata_nursery_school,CONSOLATA NURSERY SCHOOL,,,,,,timbwani,,10050025027,7
poll_station,timbwani_primary_school,TIMBWANI PRIMARY SCHOOL,,,,,,timbwani,,10050025028,2
poll_station,mrima_primary_school,MRIMA PRIMARY SCHOOL,,,,,,timbwani,,10050025029,12
poll_station,ushindi_baptist_primary_school,USHINDI BAPTIST PRIMARY SCHOOL,,,,,,timbwani,,10050025030,13
poll_station,maji_safi_primary_school,MAJI SAFI PRIMARY SCHOOL,,,,,,timbwani,,10050025031,3
poll_station,licodep,LICODEP,,,,,,timbwani,,10050025032,10
poll_station,timbwani_secondary_school,TIMBWANI SECONDARY SCHOOL,,,,,,timbwani,,10050025033,1
poll_station,caltex_grounds,CALTEX GROUNDS,,,,,,timbwani,,10050025034,1
poll_station,timbwani_babtist_primary_school,TIMBWANI BABTIST PRIMARY SCHOOL,,,,,,timbwani,,10050025035,1
poll_station,kaderbhoy_old_town_dispensary,KADERBHOY OLD TOWN DISPENSARY,,,,,,mji_wa_kale_makadara,,10060026001,4
poll_station,fort_jesus_museum,FORT JESUS MUSEUM,,,,,,mji_wa_kale_makadara,,10060026002,4
poll_station,coast_girls_secondary_school,COAST GIRLS SECONDARY SCHOOL,,,,,,mji_wa_kale_makadara,,10060026003,3
poll_station,star_of_the_sea_primary_school,STAR OF THE SEA PRIMARY SCHOOL,,,,,,mji_wa_kale_makadara,,10060026004,4
poll_station,mbaraki_primary_school,MBARAKI PRIMARY SCHOOL,,,,,,mji_wa_kale_makadara,,10060026005,2
poll_station,sonara_social_hall,SONARA SOCIAL HALL,,,,,,mji_wa_kale_makadara,,10060026006,5
poll_station,allidina_visram_high_school,ALLIDINA VISRAM HIGH SCHOOL,,,,,,mji_wa_kale_makadara,,10060026007,2
poll_station,hajam_jamaat_hall,HAJAM JAMAAT HALL,,,,,,mji_wa_kale_makadara,,10060026008,3
poll_station,serani_primary_school,SERANI PRIMARY SCHOOL,,,,,,mji_wa_kale_makadara,,10060026009,2
poll_station,mombasa_primary_school,MOMBASA PRIMARY SCHOOL,,,,,,mji_wa_kale_makadara,,10060026010,3
poll_station,kenya_school_of_government,KENYA SCHOOL OF GOVERNMENT,,,,,,mji_wa_kale_makadara,,10060026011,3
poll_station,tijara_gardens,TIJARA GARDENS,,,,,,mji_wa_kale_makadara,,10060026012,5
poll_station,tudor_village_hall,TUDOR VILLAGE HALL,,,,,,tudor,,10060027013,6
poll_station,st_augustine_primary_school,ST. AUGUSTINE PRIMARY SCHOOL,,,,,,tudor,,10060027014,5
poll_station,tudor_primary_school,TUDOR PRIMARY SCHOOL,,,,,,tudor,,10060027015,3
poll_station,r_g_ngala_primary_school,R. G. NGALA PRIMARY SCHOOL,,,,,,tudor,,10060027016,3
poll_station,fahari_primary_school,FAHARI PRIMARY SCHOOL,,,,,,tudor,,10060027017,2
poll_station,sparki_primary_school,SPARKI PRIMARY SCHOOL,,,,,,tudor,,10060027018,2
poll_station,burhania_primary_school,BURHANIA PRIMARY SCHOOL,,,,,,tudor,,10060027019,3
poll_station,municipal_inspectorate_offices,MUNICIPAL INSPECTORATE OFFICES,,,,,,tudor,,10060027020,5
poll_station,tudor_day_secondary_school,TUDOR DAY SECONDARY SCHOOL,,,,,,tudor,,10060027021,2
poll_station,kpa_hall_makande,KPA HALL MAKANDE,,,,,,tudor,,10060027022,2
poll_station,khamisi_secondary_school,KHAMISI SECONDARY SCHOOL,,,,,,tudor,,10060027023,4
poll_station,mwembetayari_public_health_clin,MWEMBE-TAYARI PUBLIC HEALTH CLIN,,,,,,tononoka,,10060028024,5
poll_station,kumbar_primary_school,KUMBAR PRIMARY SCHOOL,,,,,,tononoka,,10060028025,4
poll_station,alamani_social_hall_floringi,AL-AMANI SOCIAL HALL - FLORINGI,,,,,,tononoka,,10060028026,3
poll_station,shariff_nassir_secondary_school,SHARIFF NASSIR SECONDARY SCHOOL,,,,,,tononoka,,10060028027,3
poll_station,chandaria_hall,CHANDARIA HALL,,,,,,tononoka,,10060028028,3
poll_station,kikowani_primary_school,KIKOWANI PRIMARY SCHOOL,,,,,,tononoka,,10060028029,2
poll_station,tononoka_social_hall,TONONOKA SOCIAL HALL,,,,,,tononoka,,10060028030,7
poll_station,tononoka_nursery_school,TONONOKA NURSERY SCHOOL,,,,,,tononoka,,10060028031,3
poll_station,municipal_stadium,MUNICIPAL STADIUM,,,,,,tononoka,,10060028032,5
poll_station,central_girls_primary_school,CENTRAL GIRLS PRIMARY SCHOOL,,,,,,tononoka,,10060028033,2
poll_station,buxton_estate_hall,BUXTON ESTATE HALL,,,,,,tononoka,,10060028034,3
poll_station,public_works_offices,PUBLIC WORKS OFFICES,,,,,,shimanzi_ganjoni,,10060029035,1
poll_station,makande_kpa_nursery_school,MAKANDE KPA NURSERY SCHOOL,,,,,,shimanzi_ganjoni,,10060029036,3
poll_station,makupa_primary_school,MAKUPA PRIMARY SCHOOL,,,,,,shimanzi_ganjoni,,10060029037,4
poll_station,makande_primary_school,MAKANDE PRIMARY SCHOOL,,,,,,shimanzi_ganjoni,,10060029038,3
poll_station,shimanzi_kpa_nursery_school,SHIMANZI KPA NURSERY SCHOOL,,,,,,shimanzi_ganjoni,,10060029039,2
poll_station,kpa_hall_high_level,KPA HALL HIGH LEVEL,,,,,,shimanzi_ganjoni,,10060029040,3
poll_station,little_theatre_club,LITTLE THEATRE CLUB,,,,,,shimanzi_ganjoni,,10060029041,3
poll_station,sacred_heart_primary_school,SACRED HEART PRIMARY SCHOOL,,,,,,shimanzi_ganjoni,,10060029042,6
poll_station,kpa_social_hall,KPA SOCIAL HALL,,,,,,shimanzi_ganjoni,,10060029043,1
poll_station,bandari_college,BANDARI COLLEGE,,,,,,shimanzi_ganjoni,,10060029044,2
poll_station,ganjoni_municipal_clinic,GANJONI MUNICIPAL CLINIC,,,,,,shimanzi_ganjoni,,10060029045,2
poll_station,majengo_primary_school,MAJENGO PRIMARY SCHOOL,,,,,,shimanzi_ganjoni,,10060029046,2
poll_station,kingorani_prison_jela_baridi,KING'ORANI PRISON (JELA BARIDI),,,,,,shimanzi_ganjoni,,10060029047,2
poll_station,patel_samaj_hall,PATEL SAMAJ HALL,,,,,,majengo,,10060030048,5
poll_station,guru_nanak_primary_school,GURU NANAK PRIMARY SCHOOL,,,,,,majengo,,10060030049,4
poll_station,mwembetayari_public_health_depa,MWEMBE-TAYARI PUBLIC HEALTH DEPA,,,,,,majengo,,10060030050,6
poll_station,koblenz_hall,KOBLENZ HALL,,,,,,majengo,,10060030051,2
poll_station,uhuru_gardens,UHURU GARDENS,,,,,,majengo,,10060030052,3
poll_station,lohana_hall,LOHANA HALL,,,,,,majengo,,10060030053,5
poll_station,lasco_social_hall_kpa,LASCO SOCIAL HALL (KPA),,,,,,majengo,,10060030054,3
poll_station,majengo_village_hall,MAJENGO VILLAGE HALL,,,,,,majengo,,10060030055,7
poll_station,sakina_hall,SAKINA HALL,,,,,,majengo,,10060030056,5
poll_station,mvita_primary_school,MVITA PRIMARY SCHOOL,,,,,,majengo,,10060030057,7
poll_station,mvita_boys_secondary_school,MVITA BOYS SECONDARY SCHOOL,,,,,,majengo,,10060030058,4
poll_station,mwaroni_primary_school,MWARONI PRIMARY SCHOOL,,,,,,gombato_bongwe,,20070031001,5
poll_station,mwakamba_nurseryschool,MWAKAMBA NURSERYSCHOOL,,,,,,gombato_bongwe,,20070031002,2
poll_station,shamu_primary_school,SHAMU PRIMARY SCHOOL,,,,,,gombato_bongwe,,20070031003,2
poll_station,mwamanga_primary_school,MWAMANGA PRIMARY SCHOOL,,,,,,gombato_bongwe,,20070031004,2
poll_station,mabokoni_primar_school,MABOKONI PRIMAR SCHOOL,,,,,,gombato_bongwe,,20070031005,1
poll_station,bongwe_primary_school,BONGWE PRIMARY SCHOOL,,,,,,gombato_bongwe,,20070031006,3
poll_station,mbuwani_primary_school,MBUWANI PRIMARY SCHOOL,,,,,,gombato_bongwe,,20070031007,1
poll_station,mwamambi_primary_school,MWAMAMBI PRIMARY SCHOOL,,,,,,gombato_bongwe,,20070031008,3
poll_station,jogoo_football_grounds,JOGOO FOOTBALL GROUNDS,,,,,,gombato_bongwe,,20070031009,10
poll_station,ministry_of_works_quarters,MINISTRY OF WORKS QUARTERS,,,,,,gombato_bongwe,,20070031010,3
poll_station,mlungu_nipa_primary_school,MLUNGU NIPA PRIMARY SCHOOL,,,,,,gombato_bongwe,,20070031011,1
poll_station,mwanjamba_primary_school,MWANJAMBA PRIMARY SCHOOL,,,,,,gombato_bongwe,,20070031012,1
poll_station,vukani_primary_school,VUKANI PRIMARY SCHOOL,,,,,,gombato_bongwe,,20070031013,1
poll_station,nngori_primary_school,NN'GORI PRIMARY SCHOOL,,,,,,gombato_bongwe,,20070031014,2
poll_station,chidzangoni_nursery_school,CHIDZANGONI NURSERY SCHOOL,,,,,,gombato_bongwe,,20070031015,1
poll_station,mwakigwena_primary_school,MWAKIGWENA PRIMARY SCHOOL,,,,,,ukunda,,20070032016,11
poll_station,mkwakwani_primary_school,MKWAKWANI PRIMARY SCHOOL,,,,,,ukunda,,20070032017,7
poll_station,magutu_primary_school,MAGUTU PRIMARY SCHOOL,,,,,,ukunda,,20070032018,7
poll_station,mvindeni_primary_school,MVINDENI PRIMARY SCHOOL,,,,,,ukunda,,20070032019,4
poll_station,ukunda_secondary_school,UKUNDA SECONDARY SCHOOL,,,,,,ukunda,,20070032020,4
poll_station,malalani_primary_school,MALALANI PRIMARY SCHOOL,,,,,,ukunda,,20070032021,2
poll_station,maweni_rainbow_school,MAWENI RAINBOW SCHOOL,,,,,,ukunda,,20070032022,2
poll_station,chilolapwa_b_nursery_school,CHILOLAPWA B NURSERY SCHOOL,,,,,,ukunda,,20070032023,1
poll_station,galu_primary_school,GALU PRIMARY SCHOOL,,,,,,kinondo,,20070033024,2
poll_station,muhaka_primary_school,MUHAKA PRIMARY SCHOOL,,,,,,kinondo,,20070033025,2
poll_station,kinondo_primary_school,KINONDO PRIMARY SCHOOL,,,,,,kinondo,,20070033026,2
poll_station,makongeni_primary_school,MAKONGENI PRIMARY SCHOOL,,,,,,kinondo,,20070033027,3
poll_station,zigira_primary_school,ZIGIRA PRIMARY SCHOOL,,,,,,kinondo,,20070033028,1
poll_station,mkwambani_primary_school,MKWAMBANI PRIMARY SCHOOL,,,,,,kinondo,,20070033029,2
poll_station,gazi_primary_school,GAZI PRIMARY SCHOOL,,,,,,kinondo,,20070033030,2
poll_station,magaoni_primary_school,MAGAONI PRIMARY SCHOOL,,,,,,kinondo,,20070033031,2
poll_station,mwaweche_trading_centre,MWAWECHE TRADING CENTRE,,,,,,kinondo,,20070033032,2
poll_station,madago_primary_school,MADAGO PRIMARY SCHOOL,,,,,,kinondo,,20070033033,2
poll_station,kilole_primary_school,KILOLE PRIMARY SCHOOL,,,,,,kinondo,,20070033034,1
poll_station,mwabungo_primary_school,MWABUNGO PRIMARY SCHOOL,,,,,,kinondo,,20070033035,3
poll_station,fihoni_primary_school,FIHONI PRIMARY SCHOOL,,,,,,kinondo,,20070033036,1
poll_station,ganja_la_simba_primary_school,GANJA LA SIMBA PRIMARY SCHOOL,,,,,,kinondo,,20070033037,1
poll_station,vingujini_primary_school,VINGUJINI PRIMARY SCHOOL,,,,,,ramisi,,20070034038,5
poll_station,msambweni_primary_school,MSAMBWENI PRIMARY SCHOOL,,,,,,ramisi,,20070034039,4
poll_station,jomokenyatta_primary_school,JOMOKENYATTA PRIMARY SCHOOL,,,,,,ramisi,,20070034040,4
poll_station,milalani_primary_school,MILALANI PRIMARY SCHOOL,,,,,,ramisi,,20070034041,3
poll_station,mwagundu_nursery_school,MWAGUNDU NURSERY SCHOOL,,,,,,ramisi,,20070034042,1
poll_station,nyumba_sita_nursery_school,NYUMBA SITA NURSERY SCHOOL,,,,,,ramisi,,20070034043,1
poll_station,gonjora_nursery_school,GONJORA NURSERY SCHOOL,,,,,,ramisi,,20070034044,1
poll_station,nganja_primary_school,NGANJA PRIMARY SCHOOL,,,,,,ramisi,,20070034045,1
poll_station,mivumoni_primary_school,MIVUMONI PRIMARY SCHOOL,,,,,,ramisi,,20070034046,1
poll_station,eshu_primary_school,ESHU PRIMARY SCHOOL,,,,,,ramisi,,20070034047,2
poll_station,mwachande_primary_school,MWACHANDE PRIMARY SCHOOL,,,,,,ramisi,,20070034048,1
poll_station,fingirika_nurseryschool,FINGIRIKA NURSERYSCHOOL,,,,,,ramisi,,20070034049,1
poll_station,mafisini_primary_school,MAFISINI PRIMARY SCHOOL,,,,,,ramisi,,20070034050,2
poll_station,magodi_primary_school,MAGODI PRIMARY SCHOOL,,,,,,ramisi,,20070034051,1
poll_station,kidzumbani_primary_school,KIDZUMBANI PRIMARY SCHOOL,,,,,,ramisi,,20070034052,1
poll_station,maphombe_primary_school,MAPHOMBE PRIMARY SCHOOL,,,,,,ramisi,,20070034053,1
poll_station,kingwede_primary_school,KINGWEDE PRIMARY SCHOOL,,,,,,ramisi,,20070034054,2
poll_station,munje_primary_school,MUNJE PRIMARY SCHOOL,,,,,,ramisi,,20070034055,2
poll_station,funzi_primary_school,FUNZI PRIMARY SCHOOL,,,,,,ramisi,,20070034056,1
poll_station,ramisi_primary_school,RAMISI PRIMARY SCHOOL,,,,,,ramisi,,20070034057,2
poll_station,bodo_primary_school,BODO PRIMARY SCHOOL,,,,,,ramisi,,20070034058,2
poll_station,shirazi_primary_school,SHIRAZI PRIMARY SCHOOL,,,,,,ramisi,,20070034059,1
poll_station,fahamuni_primary_school,FAHAMUNI PRIMARY SCHOOL,,,,,,ramisi,,20070034060,1
poll_station,ndzovuni_nursery_school,NDZOVUNI NURSERY SCHOOL,,,,,,ramisi,,20070034061,1
poll_station,vidungeni_trading_centre,VIDUNGENI TRADING CENTRE,,,,,,ramisi,,20070034062,1
poll_station,kilulu_primary_school,KILULU PRIMARY SCHOOL,,,,,,ramisi,,20070034063,1
poll_station,dzibwage_primary_school,DZIBWAGE PRIMARY SCHOOL,,,,,,ramisi,,20070034064,1
poll_station,darigube_nursery_school,DARIGUBE NURSERY SCHOOL,,,,,,ramisi,,20070034065,1
poll_station,marigiza_primary_school,MARIGIZA PRIMARY SCHOOL,,,,,,ramisi,,20070034066,1
poll_station,mabatani_primary_school,MABATANI PRIMARY SCHOOL,,,,,,ramisi,,20070034067,1
poll_station,munje_pwani_nursery,MUNJE PWANI NURSERY,,,,,,ramisi,,20070034068,1
poll_station,sawa_sawa_nursery_school,SAWA SAWA NURSERY SCHOOL,,,,,,ramisi,,20070034069,1
poll_station,mchinjirini_primary_school,MCHINJIRINI PRIMARY SCHOOL,,,,,,ramisi,,20070034070,1
poll_station,kiungani_nursery_school,KIUNGANI NURSERY SCHOOL,,,,,,ramisi,,20070034071,1
poll_station,shimoni_primary_school,SHIMONI PRIMARY SCHOOL,,,,,,pongwe_kikoneni,,20080035001,3
poll_station,kichaka_mkwaju_primary_school,KICHAKA MKWAJU PRIMARY SCHOOL,,,,,,pongwe_kikoneni,,20080035002,1
poll_station,wasini_primary_school,WASINI PRIMARY SCHOOL,,,,,,pongwe_kikoneni,,20080035003,1
poll_station,mkwiro_primary_school,MKWIRO PRIMARY SCHOOL,,,,,,pongwe_kikoneni,,20080035004,1
poll_station,kidimu_primary_school,KIDIMU PRIMARY SCHOOL,,,,,,pongwe_kikoneni,,20080035005,2
poll_station,tswaka_primary_school,TSWAKA PRIMARY SCHOOL,,,,,,pongwe_kikoneni,,20080035006,2
poll_station,mzizima_primary_school,MZIZIMA PRIMARY SCHOOL,,,,,,pongwe_kikoneni,,20080035007,1
poll_station,majoreni_primary_school,MAJORENI PRIMARY SCHOOL,,,,,,pongwe_kikoneni,,20080035008,3
poll_station,ganda_primary_school,GANDA PRIMARY SCHOOL,,,,,,pongwe_kikoneni,,20080035009,1
poll_station,mwangwei_primary_school,MWANGWEI PRIMARY SCHOOL,,,,,,pongwe_kikoneni,,20080035010,2
poll_station,chiromo_nursery_school,CHIROMO NURSERY SCHOOL,,,,,,pongwe_kikoneni,,20080035011,1
poll_station,mwazaro_nursery_school,MWAZARO NURSERY SCHOOL,,,,,,pongwe_kikoneni,,20080035012,1
poll_station,mzizima_dispensary,MZIZIMA DISPENSARY,,,,,,pongwe_kikoneni,,20080035013,1
poll_station,kikoneni_primary_school,KIKONENI PRIMARY SCHOOL,,,,,,pongwe_kikoneni,,20080035014,2
poll_station,mwandeo_primary_school,MWANDEO PRIMARY SCHOOL,,,,,,pongwe_kikoneni,,20080035015,1
poll_station,mabafweni_primary_school,MABAFWENI PRIMARY SCHOOL,,,,,,pongwe_kikoneni,,20080035016,1
poll_station,vwivwini_primary_school,VWIVWINI PRIMARY SCHOOL,,,,,,pongwe_kikoneni,,20080035017,2
poll_station,mwambalazi_primary_school,MWAMBALAZI PRIMARY SCHOOL,,,,,,pongwe_kikoneni,,20080035018,1
poll_station,kigombero_primary_school,KIGOMBERO PRIMARY SCHOOL,,,,,,pongwe_kikoneni,,20080035019,2
poll_station,mshiu_primary_school,MSHIU PRIMARY SCHOOL,,,,,,pongwe_kikoneni,,20080035020,1
poll_station,kiruku_primary_school,KIRUKU PRIMARY SCHOOL,,,,,,pongwe_kikoneni,,20080035021,2
poll_station,kanana_nursery_school,KANANA NURSERY SCHOOL,,,,,,pongwe_kikoneni,,20080035022,2
poll_station,nikaphu_nursery_school,NIKAPHU NURSERY SCHOOL,,,,,,pongwe_kikoneni,,20080035023,1
poll_station,mwauga_nursery_school,MWAUGA NURSERY SCHOOL,,,,,,pongwe_kikoneni,,20080035024,1
poll_station,bwiti_primary_school,BWITI PRIMARY SCHOOL,,,,,,pongwe_kikoneni,,20080035025,1
poll_station,mwarutswa_trading_centre,MWARUTSWA TRADING CENTRE,,,,,,pongwe_kikoneni,,20080035026,1
poll_station,magoma_nursery_school,MAGOMA NURSERY SCHOOL,,,,,,pongwe_kikoneni,,20080035027,1
poll_station,pongwe_primary_school,PONGWE PRIMARY SCHOOL,,,,,,pongwe_kikoneni,,20080035028,1
poll_station,mkono_wa_ndugu_primary_schoo,MKONO WA NDUGU PRIMARY SCHOO,,,,,,pongwe_kikoneni,,20080035029,1
poll_station,kaogeswa_mangawani_nursery_sc,KAOGESWA MANGAWANI NURSERY SC,,,,,,pongwe_kikoneni,,20080035030,1
poll_station,nguzo_nursery_school,NGUZO NURSERY SCHOOL,,,,,,pongwe_kikoneni,,20080035031,1
poll_station,kivuleni_primary_school,KIVULENI PRIMARY SCHOOL,,,,,,pongwe_kikoneni,,20080035032,1
poll_station,kivindo_nursery_school,KIVINDO NURSERY SCHOOL,,,,,,pongwe_kikoneni,,20080035033,1
poll_station,mwananyamala_primary_school,MWANANYAMALA PRIMARY SCHOOL,,,,,,dzombo,,20080036034,2
poll_station,mamba_primary_school,MAMBA PRIMARY SCHOOL,,,,,,dzombo,,20080036035,3
poll_station,mrima_primary_school,MRIMA PRIMARY SCHOOL,,,,,,dzombo,,20080036029,3
poll_station,mgome_primary_school,MGOME PRIMARY SCHOOL,,,,,,dzombo,,20080036037,1
poll_station,mwanguda_primary_school,MWANGUDA PRIMARY SCHOOL,,,,,,dzombo,,20080036038,2
poll_station,vitsangalaweni_primary_school,VITSANGALAWENI PRIMARY SCHOOL,,,,,,dzombo,,20080036039,2
poll_station,menza_mwenye_primary_school,MENZA MWENYE PRIMARY SCHOOL,,,,,,dzombo,,20080036040,2
poll_station,bengo_primary_school,BENGO PRIMARY SCHOOL,,,,,,dzombo,,20080036041,2
poll_station,kiranze_primary_school,KIRANZE PRIMARY SCHOOL,,,,,,dzombo,,20080036042,1
poll_station,dzombo_primary_school,DZOMBO PRIMARY SCHOOL,,,,,,dzombo,,20080036043,2
poll_station,kitungure_primary_school,KITUNGURE PRIMARY SCHOOL,,,,,,dzombo,,20080036044,1
poll_station,kinyungu_primary_school,KINYUNGU PRIMARY SCHOOL,,,,,,dzombo,,20080036045,1
poll_station,nguluku_primary_school,NGULUKU PRIMARY SCHOOL,,,,,,dzombo,,20080036046,2
poll_station,bandu_primary_school,BANDU PRIMARY SCHOOL,,,,,,dzombo,,20080036047,1
poll_station,kikonde_primary_school,KIKONDE PRIMARY SCHOOL,,,,,,dzombo,,20080036048,2
poll_station,makambani_trading_centre,MAKAMBANI TRADING CENTRE,,,,,,dzombo,,20080036049,1
poll_station,pangani_primary_school,PANGANI PRIMARY SCHOOL,,,,,,mwereni,,20080037050,2
poll_station,kasemeni_primary_school,KASEMENI PRIMARY SCHOOL,,,,,,mwereni,,20080037051,1
poll_station,mzuri_nursery_school,MZURI NURSERY SCHOOL,,,,,,mwereni,,20080037052,1
poll_station,mabambarani_primary_school,MABAMBARANI PRIMARY SCHOOL,,,,,,mwereni,,20080037053,2
poll_station,mwena_primary_school,MWENA PRIMARY SCHOOL,,,,,,mwereni,,20080037054,2
poll_station,maledi_primary_school,MALEDI PRIMARY SCHOOL,,,,,,mwereni,,20080037055,2
poll_station,mwangulu_primary_school,MWANGULU PRIMARY SCHOOL,,,,,,mwereni,,20080037056,3
poll_station,manda_primary_school,MANDA PRIMARY SCHOOL,,,,,,mwereni,,20080037057,1
poll_station,mbuji_primary_school,MBUJI PRIMARY SCHOOL,,,,,,mwereni,,20080037058,1
poll_station,kilimangodo_primary_school,KILIMANGODO PRIMARY SCHOOL,,,,,,mwereni,,20080037059,2
poll_station,magombani_primary_school,MAGOMBANI PRIMARY SCHOOL,,,,,,mwereni,,20080037060,1
poll_station,mwakalanga_primary_school,MWAKALANGA PRIMARY SCHOOL,,,,,,mwereni,,20080037061,1
poll_station,bidinimole_primary_school,BIDINIMOLE PRIMARY SCHOOL,,,,,,mwereni,,20080037062,2
poll_station,mtumwa_primary_school,MTUMWA PRIMARY SCHOOL,,,,,,mwereni,,20080037063,2
poll_station,mteza_primary_school,MTEZA PRIMARY SCHOOL,,,,,,mwereni,,20080037064,1
poll_station,mwereni_primary_school,MWERENI PRIMARY SCHOOL,,,,,,mwereni,,20080037065,1
poll_station,maringoni_feeder_school,MARINGONI FEEDER SCHOOL,,,,,,mwereni,,20080037066,1
poll_station,mtsunga_primary_school,MTSUNGA PRIMARY SCHOOL,,,,,,mwereni,,20080037067,1
poll_station,mwereni_secondary_school,MWERENI SECONDARY SCHOOL,,,,,,mwereni,,20080037068,1
poll_station,kalalani_primary_school,KALALANI PRIMARY SCHOOL,,,,,,mwereni,,20080037069,1
poll_station,mwamtsefu_primary_school,MWAMTSEFU PRIMARY SCHOOL,,,,,,mwereni,,20080037070,1
poll_station,kidziweni_trading_centre,KIDZIWENI TRADING CENTRE,,,,,,mwereni,,20080037071,1
poll_station,kibaya_ecdc,KIBAYA ECDC,,,,,,mwereni,,20080037072,1
poll_station,dzirihini_ecdc,DZIRIHINI ECDC,,,,,,mwereni,,20080037073,1
poll_station,tingani_ecdc,TINGANI ECDC,,,,,,mwereni,,20080037074,1
poll_station,maduduni_ecdc,MADUDUNI ECDC,,,,,,mwereni,,20080037075,1
poll_station,vibandani_kwa_bita_ecdc,VIBANDANI KWA BITA ECDC,,,,,,mwereni,,20080037076,1
poll_station,mwatoni_ecdc,MWATONI ECDC,,,,,,mwereni,,20080037077,1
poll_station,chindi_primary_school,CHINDI PRIMARY SCHOOL,,,,,,mwereni,,20080037078,1
poll_station,mikamini_primary_school,MIKAMINI PRIMARY SCHOOL,,,,,,mwereni,,20080037079,1
poll_station,petulani_ecdc,PETULANI ECDC,,,,,,mwereni,,20080037080,1
poll_station,mikuwani_b_ecdc,MIKUWANI B ECDC,,,,,,mwereni,,20080037081,1
poll_station,naserian_primary_school,NASERIAN PRIMARY SCHOOL,,,,,,mwereni,,20080037082,1
poll_station,vichenjeleni_primary_school,VICHENJELENI PRIMARY SCHOOL,,,,,,mwereni,,20080037083,1
poll_station,ada_ecdc,ADA ECDC,,,,,,mwereni,,20080037084,1
poll_station,lwayoni_primary_school,LWAYONI PRIMARY SCHOOL,,,,,,mwereni,,20080037085,1
poll_station,vanga_primary_school,VANGA PRIMARY SCHOOL,,,,,,vanga,,20080038086,4
poll_station,kiwegu_primary_school,KIWEGU PRIMARY SCHOOL,,,,,,vanga,,20080038087,2
poll_station,kidomaya_primary_school,KIDOMAYA PRIMARY SCHOOL,,,,,,vanga,,20080038088,2
poll_station,mwamose_primary_school,MWAMOSE PRIMARY SCHOOL,,,,,,vanga,,20080038089,2
poll_station,tsuini_primary_school,TSUINI PRIMARY SCHOOL,,,,,,vanga,,20080038090,2
poll_station,mwalewa_primary_school,MWALEWA PRIMARY SCHOOL,,,,,,vanga,,20080038091,1
poll_station,ngathini_primary_school,NGATHINI PRIMARY SCHOOL,,,,,,vanga,,20080038092,1
poll_station,jego_primary_school,JEGO PRIMARY SCHOOL,,,,,,vanga,,20080038093,2
poll_station,mgombezi_primary_school,MGOMBEZI PRIMARY SCHOOL,,,,,,vanga,,20080038094,2
poll_station,mahuruni_primary_school,MAHURUNI PRIMARY SCHOOL,,,,,,vanga,,20080038095,2
poll_station,lunga_lunga_primary_school,LUNGA LUNGA PRIMARY SCHOOL,,,,,,vanga,,20080038096,5
poll_station,perani_primary_school,PERANI PRIMARY SCHOOL,,,,,,vanga,,20080038097,2
poll_station,makwenyeni_primary_school,MAKWENYENI PRIMARY SCHOOL,,,,,,vanga,,20080038098,1
poll_station,godo_primary_school,GODO PRIMARY SCHOOL,,,,,,vanga,,20080038099,1
poll_station,jua_kali_nursery_school,JUA KALI NURSERY SCHOOL,,,,,,vanga,,20080038100,1
poll_station,galana_nursery_school,GALANA NURSERY SCHOOL,,,,,,tsimba_golini,,20090039001,1
poll_station,mwananyahi_nursery_school,MWANANYAHI NURSERY SCHOOL,,,,,,tsimba_golini,,20090039002,1
poll_station,chirimani_primary_school,CHIRIMANI PRIMARY SCHOOL,,,,,,tsimba_golini,,20090039003,2
poll_station,dima_primary_school,DIMA PRIMARY SCHOOL,,,,,,tsimba_golini,,20090039004,1
poll_station,jorori_primary_school,JORORI PRIMARY SCHOOL,,,,,,tsimba_golini,,20090039005,1
poll_station,mwamgunga_primary_school,MWAMGUNGA PRIMARY SCHOOL,,,,,,tsimba_golini,,20090039006,2
poll_station,vuga_primary_school,VUGA PRIMARY SCHOOL,,,,,,tsimba_golini,,20090039007,3
poll_station,bila_shaka_primary_school,BILA SHAKA PRIMARY SCHOOL,,,,,,tsimba_golini,,20090039008,1
poll_station,kwale_primary_school,KWALE PRIMARY SCHOOL,,,,,,tsimba_golini,,20090039009,2
poll_station,ziwani_primary_school,ZIWANI PRIMARY SCHOOL,,,,,,tsimba_golini,,20090039010,2
poll_station,golini_primary_school,GOLINI PRIMARY SCHOOL,,,,,,tsimba_golini,,20090039011,2
poll_station,vyongwani_primary_school,VYONGWANI PRIMARY SCHOOL,,,,,,tsimba_golini,,20090039012,1
poll_station,mteza_primary_school,MTEZA PRIMARY SCHOOL,,,,,,tsimba_golini,,20090039064,1
poll_station,mbuguni_primary_school,MBUGUNI PRIMARY SCHOOL,,,,,,tsimba_golini,,20090039014,2
poll_station,mwambara_primary_school,MWAMBARA PRIMARY SCHOOL,,,,,,tsimba_golini,,20090039015,1
poll_station,kitsanze_primary_school,KITSANZE PRIMARY SCHOOL,,,,,,tsimba_golini,,20090039016,1
poll_station,godoni_chinarini_nursery_school,GODONI CHINARINI NURSERY SCHOOL,,,,,,tsimba_golini,,20090039017,2
poll_station,madrasa_iqra_nursery_school,MADRASA IQRA NURSERY SCHOOL,,,,,,tsimba_golini,,20090039018,1
poll_station,mwanzwani_nursery_school,MWANZWANI NURSERY SCHOOL,,,,,,tsimba_golini,,20090039019,1
poll_station,lunguma_primary_school,LUNGUMA PRIMARY SCHOOL,,,,,,tsimba_golini,,20090039020,1
poll_station,mwangaza_visionary_primary_sch,MWANGAZA VISIONARY PRIMARY SCH,,,,,,tsimba_golini,,20090039021,1
poll_station,kwale_high_school,KWALE HIGH SCHOOL,,,,,,tsimba_golini,,20090039022,2
poll_station,kwale_baraza_park_grounds,KWALE BARAZA PARK GROUNDS,,,,,,tsimba_golini,,20090039023,5
poll_station,public_works_workshop_zungu,PUBLIC WORKS WORKSHOP ZUNGU,,,,,,tsimba_golini,,20090039024,1
poll_station,msulwa_primary_school,MSULWA PRIMARY SCHOOL,,,,,,tsimba_golini,,20090039025,1
poll_station,boyani_primary_school,BOYANI PRIMARY SCHOOL,,,,,,tsimba_golini,,20090039026,1
poll_station,kwale_medium_prison,KWALE MEDIUM PRISON,,,,,,tsimba_golini,,20090039027,1
poll_station,mbegani_nursery_school,MBEGANI NURSERY SCHOOL,,,,,,tsimba_golini,,20090039028,1
poll_station,mwabuga_nursery_school,MWABUGA NURSERY SCHOOL,,,,,,tsimba_golini,,20090039029,1
poll_station,gopha_primary_school,GOPHA PRIMARY SCHOOL,,,,,,tsimba_golini,,20090039030,1
poll_station,kwale_boma_primary_school,KWALE BOMA PRIMARY SCHOOL,,,,,,tsimba_golini,,20090039031,1
poll_station,mkwadzuni_nursery_school,MKWADZUNI NURSERY SCHOOL,,,,,,tsimba_golini,,20090039032,1
poll_station,mtsarani_nursery_school,MTSARANI NURSERY SCHOOL,,,,,,tsimba_golini,,20090039033,1
poll_station,mwachome_primary_school,MWACHOME PRIMARY SCHOOL,,,,,,tsimba_golini,,20090039034,1
poll_station,bumbani_nursery_school,BUMBANI NURSERY SCHOOL,,,,,,tsimba_golini,,20090039035,1
poll_station,vidorini_nursery_school,VIDORINI NURSERY SCHOOL,,,,,,tsimba_golini,,20090039036,1
poll_station,magombani_primary_school,MAGOMBANI PRIMARY SCHOOL,,,,,,tsimba_golini,,20090039060,1
poll_station,jamia_nursery_school,JAMIA NURSERY SCHOOL,,,,,,waa,,20090040038,1
poll_station,kiteje_primary_school,KITEJE PRIMARY SCHOOL,,,,,,waa,,20090040039,2
poll_station,ningawa_primary_school,NINGAWA PRIMARY SCHOOL,,,,,,waa,,20090040040,1
poll_station,mkumbi_primary_school,MKUMBI PRIMARY SCHOOL,,,,,,waa,,20090040041,1
poll_station,pungu_primary_school,PUNGU PRIMARY SCHOOL,,,,,,waa,,20090040042,2
poll_station,zibani_primary_school,ZIBANI PRIMARY SCHOOL,,,,,,waa,,20090040043,2
poll_station,ng_ombeni_primary_school,NG OMBENI PRIMARY SCHOOL,,,,,,waa,,20090040044,4
poll_station,denyenye_primary_school,DENYENYE PRIMARY SCHOOL,,,,,,waa,,20090040045,4
poll_station,waa_primary_school,WAA PRIMARY SCHOOL,,,,,,waa,,20090040046,2
poll_station,mkokoni_primary_school,MKOKONI PRIMARY SCHOOL,,,,,,waa,,20090040047,2
poll_station,matuga_primary_school,MATUGA PRIMARY SCHOOL,,,,,,waa,,20090040048,3
poll_station,yeje_primary_school,YEJE PRIMARY SCHOOL,,,,,,waa,,20090040049,3
poll_station,sheep_and_goats_social_hall,SHEEP AND GOATS SOCIAL HALL,,,,,,waa,,20090040050,1
poll_station,kombani_primary_school,KOMBANI PRIMARY SCHOOL,,,,,,waa,,20090040051,4
poll_station,bowa_primary_school,BOWA PRIMARY SCHOOL,,,,,,waa,,20090040052,2
poll_station,bararabu_nursery_school,BARARABU NURSERY SCHOOL,,,,,,waa,,20090040053,1
poll_station,voroni_primary_school,VORONI PRIMARY SCHOOL,,,,,,waa,,20090040054,1
poll_station,mbweka_primary_school,MBWEKA PRIMARY SCHOOL,,,,,,waa,,20090040055,1
poll_station,magaoni_nursery_school,MAGAONI NURSERY SCHOOL,,,,,,waa,,20090040056,1
poll_station,kombani_social_hall,KOMBANI SOCIAL HALL,,,,,,waa,,20090040057,1
poll_station,chidzumu_primary_school,CHIDZUMU PRIMARY SCHOOL,,,,,,waa,,20090040058,1
poll_station,madibwani_nursery_school,MADIBWANI NURSERY SCHOOL,,,,,,waa,,20090040059,1
poll_station,pungu_nursery_school,PUNGU NURSERY SCHOOL,,,,,,waa,,20090040060,1
poll_station,mtakuja_adult_centre,MTAKUJA ADULT CENTRE,,,,,,waa,,20090040061,1
poll_station,birikani_nursery_school,BIRIKANI NURSERY SCHOOL,,,,,,waa,,20090040062,1
poll_station,vinuni_primary_school,VINUNI PRIMARY SCHOOL,,,,,,tiwi,,20090041063,2
poll_station,chai_primary_school,CHAI PRIMARY SCHOOL,,,,,,tiwi,,20090041064,2
poll_station,mwaligulu_primary_school,MWALIGULU PRIMARY SCHOOL,,,,,,tiwi,,20090041065,2
poll_station,tiwi_primary_school,TIWI PRIMARY SCHOOL,,,,,,tiwi,,20090041066,2
poll_station,kirudi_primary_school,KIRUDI PRIMARY SCHOOL,,,,,,tiwi,,20090041067,2
poll_station,mwadinda_primary_school,MWADINDA PRIMARY SCHOOL,,,,,,tiwi,,20090041068,2
poll_station,mwachema_primary_school,MWACHEMA PRIMARY SCHOOL,,,,,,tiwi,,20090041069,2
poll_station,nimuyumba_primary_school,NIMUYUMBA PRIMARY SCHOOL,,,,,,tiwi,,20090041070,2
poll_station,chongolo_primary_school,CHONGOLO PRIMARY SCHOOL,,,,,,tiwi,,20090041071,2
poll_station,muungano_primary_school,MUUNGANO PRIMARY SCHOOL,,,,,,tiwi,,20090041072,1
poll_station,mwamlongo_madrassa,MWAMLONGO MADRASSA,,,,,,tiwi,,20090041073,1
poll_station,mwamivi_primary_school,MWAMIVI PRIMARY SCHOOL,,,,,,tiwi,,20090041074,1
poll_station,tiwi_spot_madrassa,TIWI SPOT MADRASSA,,,,,,tiwi,,20090041075,1
poll_station,chibwaga_nursery_school,CHIBWAGA NURSERY SCHOOL,,,,,,tiwi,,20090041076,1
poll_station,ndugu_nursery_school,NDUGU NURSERY SCHOOL,,,,,,tiwi,,20090041077,1
poll_station,tiwi_sokoni_madrassa,TIWI SOKONI MADRASSA,,,,,,tiwi,,20090041078,1
poll_station,kivyogo_nursery_school,KIVYOGO NURSERY SCHOOL,,,,,,tiwi,,20090041079,1
poll_station,lukore_primary_school,LUKORE PRIMARY SCHOOL,,,,,,kubo_south,,20090042080,2
poll_station,mkanda_primary_school,MKANDA PRIMARY SCHOOL,,,,,,kubo_south,,20090042081,1
poll_station,kichaka_simba_primary_school,KICHAKA SIMBA PRIMARY SCHOOL,,,,,,kubo_south,,20090042082,1
poll_station,mwaluvanga_primary_school,MWALUVANGA PRIMARY SCHOOL,,,,,,kubo_south,,20090042083,1
poll_station,mwagodzo_primary_school,MWAGODZO PRIMARY SCHOOL,,,,,,kubo_south,,20090042084,1
poll_station,kidongo_primary_school,KIDONGO PRIMARY SCHOOL,,,,,,kubo_south,,20090042085,1
poll_station,kipambani_primary_school,KIPAMBANI PRIMARY SCHOOL,,,,,,kubo_south,,20090042086,1
poll_station,shimbahills_secondary_school,SHIMBAHILLS SECONDARY SCHOOL,,,,,,kubo_south,,20090042087,2
poll_station,makobe_primary_school,MAKOBE PRIMARY SCHOOL,,,,,,kubo_south,,20090042088,1
poll_station,stephen_kanja_primary_school,STEPHEN KANJA PRIMARY SCHOOL,,,,,,kubo_south,,20090042089,1
poll_station,mwapala_primary_school,MWAPALA PRIMARY SCHOOL,,,,,,kubo_south,,20090042090,1
poll_station,simanya_primary_school,SIMANYA PRIMARY SCHOOL,,,,,,kubo_south,,20090042091,1
poll_station,kibuyuni_primary_school,KIBUYUNI PRIMARY SCHOOL,,,,,,kubo_south,,20090042092,1
poll_station,mkanda_1_nursery_school,MKANDA 1 NURSERY SCHOOL,,,,,,kubo_south,,20090042093,1
poll_station,mwaleni_nursery_school,MWALENI NURSERY SCHOOL,,,,,,kubo_south,,20090042094,1
poll_station,mkundi_primary_school,MKUNDI PRIMARY SCHOOL,,,,,,kubo_south,,20090042095,1
poll_station,mawia_adult_centre,MAWIA ADULT CENTRE,,,,,,kubo_south,,20090042096,1
poll_station,katangini_nursery_school,KATANGINI NURSERY SCHOOL,,,,,,kubo_south,,20090042097,1
poll_station,msulwa_village_trading_centre,MSULWA VILLAGE TRADING CENTRE,,,,,,kubo_south,,20090042098,2
poll_station,boyani_village_shopping_centre,BOYANI VILLAGE SHOPPING CENTRE,,,,,,kubo_south,,20090042099,2
poll_station,magwasheni_primary_school,MAGWASHENI PRIMARY SCHOOL,,,,,,kubo_south,,20090042100,1
poll_station,mangawani_primary_school,MANGAWANI PRIMARY SCHOOL,,,,,,kubo_south,,20090042101,1
poll_station,mnyalatsoni_primary_school,MNYALATSONI PRIMARY SCHOOL,,,,,,kubo_south,,20090042102,1
poll_station,mwanamkuu_primary_school,MWANAMKUU PRIMARY SCHOOL,,,,,,kubo_south,,20090042103,1
poll_station,maji_moto_primary_school,MAJI MOTO PRIMARY SCHOOL,,,,,,kubo_south,,20090042104,1
poll_station,mkunguni_nursery_school,MKUNGUNI NURSERY SCHOOL,,,,,,kubo_south,,20090042105,1
poll_station,maloloni_nursery_school,MALOLONI NURSERY SCHOOL,,,,,,kubo_south,,20090042106,1
poll_station,kaseveni_nursery_school,KASEVENI NURSERY SCHOOL,,,,,,kubo_south,,20090042107,1
poll_station,pumwani_nursery_school,PUMWANI NURSERY SCHOOL,,,,,,mkongani,,20090043108,1
poll_station,maponda_primary_school,MAPONDA PRIMARY SCHOOL,,,,,,mkongani,,20090043109,1
poll_station,kibarani_nursery_school,KIBARANI NURSERY SCHOOL,,,,,,mkongani,,20090043110,1
poll_station,mbararani_nursery_school,MBARARANI NURSERY SCHOOL,,,,,,mkongani,,20090043111,1
poll_station,deri_nursery_school,DERI NURSERY SCHOOL,,,,,,mkongani,,20090043112,1
poll_station,mkomba_primary_school,MKOMBA PRIMARY SCHOOL,,,,,,mkongani,,20090043113,2
poll_station,tiribe_primary_school,TIRIBE PRIMARY SCHOOL,,,,,,mkongani,,20090043114,3
poll_station,mkongani_primary_school,MKONGANI PRIMARY SCHOOL,,,,,,mkongani,,20090043115,2
poll_station,mtsamviani_primary_school,MTSAMVIANI PRIMARY SCHOOL,,,,,,mkongani,,20090043116,2
poll_station,mzinji_primary_school,MZINJI PRIMARY SCHOOL,,,,,,mkongani,,20090043117,2
poll_station,miamba_primary_school,MIAMBA PRIMARY SCHOOL,,,,,,mkongani,,20090043118,1
poll_station,mbegani_primary_school,MBEGANI PRIMARY SCHOOL,,,,,,mkongani,,20090043119,2
poll_station,kizibe_primary_school,KIZIBE PRIMARY SCHOOL,,,,,,mkongani,,20090043120,2
poll_station,mirihini_primary_school,MIRIHINI PRIMARY SCHOOL,,,,,,mkongani,,20090043121,1
poll_station,kajiweni_primary_school,KAJIWENI PRIMARY SCHOOL,,,,,,mkongani,,20090043122,1
poll_station,miatsani_primary_school,MIATSANI PRIMARY SCHOOL,,,,,,mkongani,,20090043123,1
poll_station,mlafyeni_primary_school,MLAFYENI PRIMARY SCHOOL,,,,,,mkongani,,20090043124,1
poll_station,tserezani_primary_school,TSEREZANI PRIMARY SCHOOL,,,,,,mkongani,,20090043125,2
poll_station,mtsangatamu_primary_school,MTSANGATAMU PRIMARY SCHOOL,,,,,,mkongani,,20090043126,1
poll_station,burani_primary_school,BURANI PRIMARY SCHOOL,,,,,,mkongani,,20090043127,2
poll_station,bahakanda_primary_school,BAHAKANDA PRIMARY SCHOOL,,,,,,mkongani,,20090043128,2
poll_station,mwaryarya_nursery_school,MWARYARYA NURSERY SCHOOL,,,,,,mkongani,,20090043129,1
poll_station,mwamtobo_nursery_school,MWAMTOBO NURSERY SCHOOL,,,,,,mkongani,,20090043130,1
poll_station,kaoyeni_nursery_school,KAOYENI NURSERY SCHOOL,,,,,,mkongani,,20090043131,1
poll_station,pengo_nursery_school,PENGO NURSERY SCHOOL,,,,,,mkongani,,20090043132,1
poll_station,sabrina_primary_school,SABRINA PRIMARY SCHOOL,,,,,,mkongani,,20090043133,1
poll_station,mbadzi_nursery_school,MBADZI NURSERY SCHOOL,,,,,,mkongani,,20090043134,1
poll_station,muyugutu_nursery_school,MUYUGUTU NURSERY SCHOOL,,,,,,mkongani,,20090043135,1
poll_station,milalani_kizibe_nursery_school,MILALANI KIZIBE NURSERY SCHOOL,,,,,,mkongani,,20090043136,1
poll_station,mafusi_primary_school,MAFUSI PRIMARY SCHOOL,,,,,,mkongani,,20090043137,1
poll_station,miridzani_nursery_school,MIRIDZANI NURSERY SCHOOL,,,,,,mkongani,,20090043138,1
poll_station,umoja_mwalolo_nursery_school,UMOJA MWALOLO NURSERY SCHOOL,,,,,,mkongani,,20090043139,1
poll_station,mwele_primary_school,MWELE PRIMARY SCHOOL,,,,,,mkongani,,20090043140,1
poll_station,mabanda_nursery_school,MABANDA NURSERY SCHOOL,,,,,,mkongani,,20090043141,1
poll_station,chanyiro_primary_school,CHANYIRO PRIMARY SCHOOL,,,,,,mkongani,,20090043142,1
poll_station,vumirira_nursery_school,VUMIRIRA NURSERY SCHOOL,,,,,,mkongani,,20090043143,1
poll_station,dzanikeni_nursery_school,DZANIKENI NURSERY SCHOOL,,,,,,mkongani,,20090043144,1
poll_station,boyani_west_primary_school,BOYANI WEST PRIMARY SCHOOL,,,,,,mkongani,,20090043145,1
poll_station,chidzugani_primary_school,CHIDZUGANI PRIMARY SCHOOL,,,,,,mkongani,,20090043146,1
poll_station,ngauro_primary_school,NGAURO PRIMARY SCHOOL,,,,,,ndavaya,,20100044001,1
poll_station,mwalukombe_primary_school,MWALUKOMBE PRIMARY SCHOOL,,,,,,ndavaya,,20100044002,2
poll_station,magodzoni_primary_school,MAGODZONI PRIMARY SCHOOL,,,,,,ndavaya,,20100044003,1
poll_station,kifyonzo_primary_school,KIFYONZO PRIMARY SCHOOL,,,,,,ndavaya,,20100044004,2
poll_station,maphanga_primary_school,MAPHANGA PRIMARY SCHOOL,,,,,,ndavaya,,20100044005,1
poll_station,ndauni_primary_school,NDAUNI PRIMARY SCHOOL,,,,,,ndavaya,,20100044006,1
poll_station,mabanda_primary_school,MABANDA PRIMARY SCHOOL,,,,,,ndavaya,,20100044007,1
poll_station,gulanze_primary_school,GULANZE PRIMARY SCHOOL,,,,,,ndavaya,,20100044008,2
poll_station,mwachanda_primary_school,MWACHANDA PRIMARY SCHOOL,,,,,,ndavaya,,20100044009,1
poll_station,gulanze_youth_polytechnic,GULANZE YOUTH POLYTECHNIC,,,,,,ndavaya,,20100044010,1
poll_station,ndavaya_primary_school,NDAVAYA PRIMARY SCHOOL,,,,,,ndavaya,,20100044011,2
poll_station,gandini_south_primary_school,GANDINI SOUTH PRIMARY SCHOOL,,,,,,ndavaya,,20100044012,1
poll_station,bomani_primary_school,BOMANI PRIMARY SCHOOL,,,,,,ndavaya,,20100044013,1
poll_station,mkangombe_primary_school,MKANG'OMBE PRIMARY SCHOOL,,,,,,ndavaya,,20100044014,1
poll_station,mbwaleni_primary_school,MBWALENI PRIMARY SCHOOL,,,,,,ndavaya,,20100044015,1
poll_station,mbita_primary_school,MBITA PRIMARY SCHOOL,,,,,,ndavaya,,20100044016,1
poll_station,mwakijembe_primary_school,MWAKIJEMBE PRIMARY SCHOOL,,,,,,ndavaya,,20100044017,1
poll_station,mwaluvuno_primary_school,MWALUVUNO PRIMARY SCHOOL,,,,,,ndavaya,,20100044018,1
poll_station,vyogato_primary_school,VYOGATO PRIMARY SCHOOL,,,,,,ndavaya,,20100044019,1
poll_station,dzoyahewa_nursery_school,DZOYAHEWA NURSERY SCHOOL,,,,,,ndavaya,,20100044020,1
poll_station,mbuluni_primary_school,MBULUNI PRIMARY SCHOOL,,,,,,ndavaya,,20100044021,2
poll_station,mwandimu_primary_school,MWANDIMU PRIMARY SCHOOL,,,,,,ndavaya,,20100044022,1
poll_station,bumani_primary_school,BUMANI PRIMARY SCHOOL,,,,,,ndavaya,,20100044023,1
poll_station,kawelu_nursery_school,KAWELU NURSERY SCHOOL,,,,,,ndavaya,,20100044024,1
poll_station,mafundani_nursery_school,MAFUNDANI NURSERY SCHOOL,,,,,,ndavaya,,20100044025,1
poll_station,zia_ra_dundo,ZIA RA DUNDO,,,,,,ndavaya,,20100044026,1
poll_station,mwangaure_ecd,MWANGAURE ECD,,,,,,ndavaya,,20100044027,1
poll_station,jitegemee_primary_school,JITEGEMEE PRIMARY SCHOOL,,,,,,ndavaya,,20100044028,1
poll_station,dudu_ecde,DUDU ECDE,,,,,,ndavaya,,20100044029,1
poll_station,chirima_cha_uha_primary_school,CHIRIMA CHA UHA PRIMARY SCHOOL,,,,,,puma,,20100045030,1
poll_station,mazol_a_primary_school,MAZOL A PRIMARY SCHOOL,,,,,,puma,,20100045031,2
poll_station,mabamani_primary_school,MABAMANI PRIMARY SCHOOL,,,,,,puma,,20100045032,1
poll_station,gangani_primary_school,GANGANI PRIMARY SCHOOL,,,,,,puma,,20100045033,1
poll_station,kisimani_primary_school,KISIMANI PRIMARY SCHOOL,,,,,,puma,,20100045034,1
poll_station,banga_primary_school,BANG'A PRIMARY SCHOOL,,,,,,puma,,20100045035,1
poll_station,malungoni_primary_school,MALUNGONI PRIMARY SCHOOL,,,,,,puma,,20100045036,1
poll_station,bishop_kalu_primary_school,BISHOP KALU PRIMARY SCHOOL,,,,,,puma,,20100045037,1
poll_station,rorogi_primary_school,ROROGI PRIMARY SCHOOL,,,,,,puma,,20100045038,1
poll_station,vigurungani_primary_school,VIGURUNGANI PRIMARY SCHOOL,,,,,,puma,,20100045039,2
poll_station,mwangoni_primary_school,MWANGONI PRIMARY SCHOOL,,,,,,puma,,20100045040,2
poll_station,maendeleo_primary_school,MAENDELEO PRIMARY SCHOOL,,,,,,puma,,20100045041,1
poll_station,tata_primary_school,TATA PRIMARY SCHOOL,,,,,,puma,,20100045042,1
poll_station,nyango_primary_school,NYANGO PRIMARY SCHOOL,,,,,,puma,,20100045043,1
poll_station,mbilini_primary_school,MBILINI PRIMARY SCHOOL,,,,,,puma,,20100045044,1
poll_station,kasageni_primary_school,KASAGENI PRIMARY SCHOOL,,,,,,puma,,20100045045,1
poll_station,dzimanya_primary_school,DZIMANYA PRIMARY SCHOOL,,,,,,puma,,20100045046,1
poll_station,gozani_primary_school,GOZANI PRIMARY SCHOOL,,,,,,puma,,20100045047,1
poll_station,banga_nursery_school,BANG'A NURSERY SCHOOL,,,,,,puma,,20100045048,1
poll_station,kideri_primary_school,KIDERI PRIMARY SCHOOL,,,,,,puma,,20100045049,1
poll_station,wamasa_primary_school,WAMASA PRIMARY SCHOOL,,,,,,puma,,20100045050,1
poll_station,mulingo_nursery_school,MULINGO NURSERY SCHOOL,,,,,,puma,,20100045051,1
poll_station,karyaka_primary_school,KARYAKA PRIMARY SCHOOL,,,,,,puma,,20100045052,1
poll_station,metani_nursery_school,METANI NURSERY SCHOOL,,,,,,puma,,20100045053,1
poll_station,magongoni_nursery_school,MAGONGONI NURSERY SCHOOL,,,,,,puma,,20100045054,1
poll_station,kinango_primary_school,KINANGO PRIMARY SCHOOL,,,,,,kinango,,20100046055,4
poll_station,gwadu_primary_school,GWADU PRIMARY SCHOOL,,,,,,kinango,,20100046056,1
poll_station,amani_primary_school,AMANI PRIMARY SCHOOL,,,,,,kinango,,20100046021,1
poll_station,amkeni_nursery_school,AMKENI NURSERY SCHOOL,,,,,,kinango,,20100046058,1
poll_station,st_joseph_primary_school,ST. JOSEPH PRIMARY SCHOOL,,,,,,kinango,,20100046059,2
poll_station,st_lukes_primary_school,ST. LUKE'S PRIMARY SCHOOL,,,,,,kinango,,20100046060,1
poll_station,moyeni_primary_school,MOYENI PRIMARY SCHOOL,,,,,,kinango,,20100046061,1
poll_station,ngonzini_primary_school,NG'ONZINI PRIMARY SCHOOL,,,,,,kinango,,20100046062,1
poll_station,dumbule_primary_school,DUMBULE PRIMARY SCHOOL,,,,,,kinango,,20100046063,1
poll_station,mwaluganje_primary_school,MWALUGANJE PRIMARY SCHOOL,,,,,,kinango,,20100046064,1
poll_station,gandini_central_primary_school,GANDINI CENTRAL PRIMARY SCHOOL,,,,,,kinango,,20100046065,1
poll_station,chifusini_primary_school,CHIFUSINI PRIMARY SCHOOL,,,,,,kinango,,20100046066,1
poll_station,lutsangani_primary_school,LUTSANGANI PRIMARY SCHOOL,,,,,,kinango,,20100046067,2
poll_station,dzivani_primary_school,DZIVANI PRIMARY SCHOOL,,,,,,kinango,,20100046068,2
poll_station,tsunza_primary_school,TSUNZA PRIMARY SCHOOL,,,,,,kinango,,20100046069,2
poll_station,mkilo_primary_school,MKILO PRIMARY SCHOOL,,,,,,kinango,,20100046070,1
poll_station,chizini_primary_school,CHIZINI PRIMARY SCHOOL,,,,,,kinango,,20100046071,1
poll_station,sembe_primary_school,SEMBE PRIMARY SCHOOL,,,,,,kinango,,20100046072,1
poll_station,nzovuni_primary_school,NZOVUNI PRIMARY SCHOOL,,,,,,kinango,,20100046073,1
poll_station,yapha_primary_school,YAPHA PRIMARY SCHOOL,,,,,,kinango,,20100046074,1
poll_station,kibandaongo_primary_school,KIBANDAONGO PRIMARY SCHOOL,,,,,,kinango,,20100046075,1
poll_station,mitangani_nursery_school,MITANGANI NURSERY SCHOOL,,,,,,kinango,,20100046076,1
poll_station,mikanjuni_nursery_school,MIKANJUNI NURSERY SCHOOL,,,,,,kinango,,20100046077,1
poll_station,dzendereni_primary_school,DZENDERENI PRIMARY SCHOOL,,,,,,kinango,,20100046078,1
poll_station,mwangani_primary_school,MWANGANI PRIMARY SCHOOL,,,,,,kinango,,20100046079,1
poll_station,tsahuni_nursery_school,TSAHUNI NURSERY SCHOOL,,,,,,kinango,,20100046080,1
poll_station,mbandi_primary_school,MBANDI PRIMARY SCHOOL,,,,,,kinango,,20100046081,1
poll_station,kidogoeni_ecde,KIDOGOENI ECDE,,,,,,kinango,,20100046082,1
poll_station,maili_nane_ecde,MAILI NANE ECDE,,,,,,kinango,,20100046083,1
poll_station,sagalato_ecde,SAGALATO ECDE,,,,,,kinango,,20100046084,1
poll_station,mwanyundo_ecde,MWANYUNDO ECDE,,,,,,kinango,,20100046085,1
poll_station,chidunguni_ecde,CHIDUNGUNI ECDE,,,,,,kinango,,20100046086,1
poll_station,kilibasi_primary_school,KILIBASI PRIMARY SCHOOL,,,,,,mackinnon_road,,20100047087,1
poll_station,busho_primary_school,BUSHO PRIMARY SCHOOL,,,,,,mackinnon_road,,20100047088,1
poll_station,mgalani_primary_school,MGALANI PRIMARY SCHOOL,,,,,,mackinnon_road,,20100047089,1
poll_station,jeffery_primary_school,JEFFERY PRIMARY SCHOOL,,,,,,mackinnon_road,,20100047090,2
poll_station,cafgem_primary_school,CAFGEM PRIMARY SCHOOL,,,,,,mackinnon_road,,20100047091,2
poll_station,bahakwenu_primary_school,BAHAKWENU PRIMARY SCHOOL,,,,,,mackinnon_road,,20100047092,1
poll_station,fuleye_primary_school,FULEYE PRIMARY SCHOOL,,,,,,mackinnon_road,,20100047093,1
poll_station,magale_primary_school,MAGALE PRIMARY SCHOOL,,,,,,mackinnon_road,,20100047094,1
poll_station,taru_primary_school,TARU PRIMARY SCHOOL,,,,,,mackinnon_road,,20100047095,4
poll_station,gurujo_nursery_school,GURUJO NURSERY SCHOOL,,,,,,mackinnon_road,,20100047096,1
poll_station,chigutu_primary_school,CHIGUTU PRIMARY SCHOOL,,,,,,mackinnon_road,,20100047097,1
poll_station,vinyunduni_primary_school,VINYUNDUNI PRIMARY SCHOOL,,,,,,mackinnon_road,,20100047098,2
poll_station,kituu_primary_school,KITUU PRIMARY SCHOOL,,,,,,mackinnon_road,,20100047099,1
poll_station,makamini_primary_school,MAKAMINI PRIMARY SCHOOL,,,,,,mackinnon_road,,20100047100,2
poll_station,bumburi_primary_school,BUMBURI PRIMARY SCHOOL,,,,,,mackinnon_road,,20100047101,1
poll_station,egu_primary_school,EGU PRIMARY SCHOOL,,,,,,mackinnon_road,,20100047102,1
poll_station,nyari_primary_school,NYARI PRIMARY SCHOOL,,,,,,mackinnon_road,,20100047103,1
poll_station,meti_nursery_school,METI NURSERY SCHOOL,,,,,,mackinnon_road,,20100047104,1
poll_station,dzisuhuni_primary_school,DZISUHUNI PRIMARY SCHOOL,,,,,,mackinnon_road,,20100047105,1
poll_station,mdomo_primary_school,MDOMO PRIMARY SCHOOL,,,,,,mackinnon_road,,20100047106,1
poll_station,melikubwa_primary_school,MELI-KUBWA PRIMARY SCHOOL,,,,,,mackinnon_road,,20100047107,2
poll_station,mlunguni_primary_school,MLUNGUNI PRIMARY SCHOOL,,,,,,mackinnon_road,,20100047108,2
poll_station,maiyini_primary_school,MAIYINI PRIMARY SCHOOL,,,,,,mackinnon_road,,20100047109,1
poll_station,mwanatibu_railway_stationdispe,MWANATIBU RAILWAY STATION(DISPE,,,,,,mackinnon_road,,20100047110,1
poll_station,silaloni_primary_school,SILALONI PRIMARY SCHOOL,,,,,,chengoni_samburu,,20100048111,2
poll_station,mwarovesa_primary_school,MWAROVESA PRIMARY SCHOOL,,,,,,chengoni_samburu,,20100048112,1
poll_station,shauri_moyo_primary_school,SHAURI MOYO PRIMARY SCHOOL,,,,,,chengoni_samburu,,20100048113,1
poll_station,maji_ya_chumvi_primary_school,MAJI YA CHUMVI PRIMARY SCHOOL,,,,,,chengoni_samburu,,20100048114,1
poll_station,chanzou_primary_school,CHANZOU PRIMARY SCHOOL,,,,,,chengoni_samburu,,20100048115,1
poll_station,mtulu_primary_school,MTULU PRIMARY SCHOOL,,,,,,chengoni_samburu,,20100048116,1
poll_station,chengoni_primary_school,CHENGONI PRIMARY SCHOOL,,,,,,chengoni_samburu,,20100048117,2
poll_station,ndohivyo_primary_school,NDOHIVYO PRIMARY SCHOOL,,,,,,chengoni_samburu,,20100048118,5
poll_station,samburu_primary_school,SAMBURU PRIMARY SCHOOL,,,,,,chengoni_samburu,,20100048119,1
poll_station,kinagoni_primary_school,KINAGONI PRIMARY SCHOOL,,,,,,chengoni_samburu,,20100048120,2
poll_station,mwangea_primary_school,MWANGEA PRIMARY SCHOOL,,,,,,chengoni_samburu,,20100048121,2
poll_station,kwa_kadogo_primary_school,KWA KADOGO PRIMARY SCHOOL,,,,,,chengoni_samburu,,20100048122,2
poll_station,kazamoyo_primary_school,KAZAMOYO PRIMARY SCHOOL,,,,,,chengoni_samburu,,20100048123,1
poll_station,mwembeni_primary_school,MWEMBENI PRIMARY SCHOOL,,,,,,chengoni_samburu,,20100048124,1
poll_station,gora_primary_school,GORA PRIMARY SCHOOL,,,,,,chengoni_samburu,,20100048125,1
poll_station,mwandoni_primary_school,MWANDONI PRIMARY SCHOOL,,,,,,chengoni_samburu,,20100048126,1
poll_station,mwambani_primary_school,MWAMBANI PRIMARY SCHOOL,,,,,,chengoni_samburu,,20100048127,2
poll_station,mwangoloto_primary_school,MWANGOLOTO PRIMARY SCHOOL,,,,,,chengoni_samburu,,20100048128,1
poll_station,chituoni_nursery_school,CHITUONI NURSERY SCHOOL,,,,,,chengoni_samburu,,20100048129,1
poll_station,kanyumbuni_primary_school,KANYUMBUNI PRIMARY SCHOOL,,,,,,chengoni_samburu,,20100048130,1
poll_station,mwabila_primary_school,MWABILA PRIMARY SCHOOL,,,,,,mwavumbo,,20100049131,1
poll_station,chigombero_primary_school,CHIGOMBERO PRIMARY SCHOOL,,,,,,mwavumbo,,20100049132,1
poll_station,matumbi_primary_school,MATUMBI PRIMARY SCHOOL,,,,,,mwavumbo,,20100049133,1
poll_station,chidzipwa_primary_school,CHIDZIPWA PRIMARY SCHOOL,,,,,,mwavumbo,,20100049134,1
poll_station,pemba_primary_school,PEMBA PRIMARY SCHOOL,,,,,,mwavumbo,,20100049135,1
poll_station,ni_hutu_primary_school,NI HUTU PRIMARY SCHOOL,,,,,,mwavumbo,,20100049136,1
poll_station,vitsakaviri_primary_school,VITSAKAVIRI PRIMARY SCHOOL,,,,,,mwavumbo,,20100049137,1
poll_station,mavirivirini_primary_school,MAVIRIVIRINI PRIMARY SCHOOL,,,,,,mwavumbo,,20100049138,2
poll_station,mgandini_primary_school,MGANDINI PRIMARY SCHOOL,,,,,,mwavumbo,,20100049139,2
poll_station,madikoni_primary_school,MADIKONI PRIMARY SCHOOL,,,,,,mwavumbo,,20100049140,1
poll_station,mwashanga_primary_school,MWASHANGA PRIMARY SCHOOL,,,,,,mwavumbo,,20100049141,1
poll_station,kafuduni_primary_school,KAFUDUNI PRIMARY SCHOOL,,,,,,mwavumbo,,20100049142,3
poll_station,maweu_primary_school,MAWEU PRIMARY SCHOOL,,,,,,mwavumbo,,20100049143,1
poll_station,kaluweni_primary_school,KALUWENI PRIMARY SCHOOL,,,,,,mwavumbo,,20100049144,1
poll_station,kalalani_social_hall,KALALANI SOCIAL HALL,,,,,,mwavumbo,,20100049145,2
poll_station,sega_primary_school,SEGA PRIMARY SCHOOL,,,,,,mwavumbo,,20100049146,1
poll_station,mwanda_primary_school,MWANDA PRIMARY SCHOOL,,,,,,mwavumbo,,20100049147,2
poll_station,dzombo_primary_school,DZOMBO PRIMARY SCHOOL,,,,,,mwavumbo,,20100049043,1
poll_station,gwasheni_primary_school,GWASHENI PRIMARY SCHOOL,,,,,,mwavumbo,,20100049149,2
poll_station,kaphingo_primary_school,KAPHINGO PRIMARY SCHOOL,,,,,,mwavumbo,,20100049150,1
poll_station,mariakani_roman_primary_schoo,MARIAKANI ROMAN PRIMARY SCHOO,,,,,,mwavumbo,,20100049151,4
poll_station,julani_primary_school,JULANI PRIMARY SCHOOL,,,,,,mwavumbo,,20100049152,1
poll_station,kumbulu_primary_school,KUMBULU PRIMARY SCHOOL,,,,,,mwavumbo,,20100049153,1
poll_station,lutsangani_north_primary_scho,LUTSANGANI- NORTH PRIMARY SCHO,,,,,,mwavumbo,,20100049154,1
poll_station,mlola_nursery_school,MLOLA NURSERY SCHOOL,,,,,,mwavumbo,,20100049155,1
poll_station,mubande_primary_school,MUBANDE PRIMARY SCHOOL,,,,,,mwavumbo,,20100049156,1
poll_station,mavarata_ecde,MAVARATA ECDE,,,,,,mwavumbo,,20100049157,1
poll_station,bofu_primary_school,BOFU PRIMARY SCHOOL,,,,,,kasemeni,,20100050158,1
poll_station,mkanyeni_primary_school,MKANYENI PRIMARY SCHOOL,,,,,,kasemeni,,20100050159,1
poll_station,nunguni_primary_school,NUNGUNI PRIMARY SCHOOL,,,,,,kasemeni,,20100050160,1
poll_station,gona_primary_school,GONA PRIMARY SCHOOL,,,,,,kasemeni,,20100050161,1
poll_station,guro_primary_school,GURO PRIMARY SCHOOL,,,,,,kasemeni,,20100050162,1
poll_station,mabesheni_primary_school,MABESHENI PRIMARY SCHOOL,,,,,,kasemeni,,20100050163,1
poll_station,mtaa_primary_school,MTAA PRIMARY SCHOOL,,,,,,kasemeni,,20100050164,1
poll_station,boyani_primary_school,BOYANI PRIMARY SCHOOL,,,,,,kasemeni,,20100050026,1
poll_station,mazeras_primary_school,MAZERAS PRIMARY SCHOOL,,,,,,kasemeni,,20100050166,3
poll_station,mpirani_primary_school,MPIRANI PRIMARY SCHOOL,,,,,,kasemeni,,20100050167,2
poll_station,fulugani_primary_school,FULUGANI PRIMARY SCHOOL,,,,,,kasemeni,,20100050168,1
poll_station,mwamdudu_primary_school,MWAMDUDU PRIMARY SCHOOL,,,,,,kasemeni,,20100050169,1
poll_station,bonje_primary_school,BONJE PRIMARY SCHOOL,,,,,,kasemeni,,20100050170,1
poll_station,vikolani_primary_school,VIKOLANI PRIMARY SCHOOL,,,,,,kasemeni,,20100050171,2
poll_station,mnyenzeni_primary_school,MNYENZENI PRIMARY SCHOOL,,,,,,kasemeni,,20100050172,2
poll_station,miyani_primary_school,MIYANI PRIMARY SCHOOL,,,,,,kasemeni,,20100050173,2
poll_station,mwache_primary_school,MWACHE PRIMARY SCHOOL,,,,,,kasemeni,,20100050174,2
poll_station,miguneni_primary_school,MIGUNENI PRIMARY SCHOOL,,,,,,kasemeni,,20100050175,2
poll_station,mbujani_nursery_school,MBUJANI NURSERY SCHOOL,,,,,,kasemeni,,20100050176,1
poll_station,majengo_primary_school,MAJENGO PRIMARY SCHOOL,,,,,,kasemeni,,20100050046,2
poll_station,chikuyu_primary_school,CHIKUYU PRIMARY SCHOOL,,,,,,kasemeni,,20100050178,1
poll_station,chikwakwani_primary_school,CHIKWAKWANI PRIMARY SCHOOL,,,,,,kasemeni,,20100050179,1
poll_station,mabirikani_nursery_school,MABIRIKANI NURSERY SCHOOL,,,,,,kasemeni,,20100050180,1
poll_station,chidzuvini_nursery_school,CHIDZUVINI NURSERY SCHOOL,,,,,,kasemeni,,20100050181,1
poll_station,mkulungombe_nursey_school,MKULUNG'OMBE NURSEY SCHOOL,,,,,,kasemeni,,20100050182,1
poll_station,nyando_nursery_school,NYANDO NURSERY SCHOOL,,,,,,kasemeni,,20100050183,1
poll_station,muungano_primary_school,MUUNGANO PRIMARY SCHOOL,,,,,,kasemeni,,20100050072,1
poll_station,majaoni_primary_school,MAJAONI PRIMARY SCHOOL,,,,,,tezo,,30110051012,3
poll_station,mtondia_primary_school,MTONDIA PRIMARY SCHOOL,,,,,,tezo,,30110051002,5
poll_station,tezo_primary_school,TEZO PRIMARY SCHOOL,,,,,,tezo,,30110051003,1
poll_station,bahari_primary_school,BAHARI PRIMARY SCHOOL,,,,,,tezo,,30110051004,2
poll_station,mikingirini_primary_school,MIKINGIRINI PRIMARY SCHOOL,,,,,,tezo,,30110051005,2
poll_station,ngerenya_primary_school,NGERENYA PRIMARY SCHOOL,,,,,,tezo,,30110051006,4
poll_station,zowerani_primary_school,ZOWERANI PRIMARY SCHOOL,,,,,,tezo,,30110051007,1
poll_station,soyosoyo_primary_schoolngeren,SOYOSOYO PRIMARY SCHOOL(NGEREN,,,,,,tezo,,30110051008,2
poll_station,bahati_primary_school,BAHATI PRIMARY SCHOOL,,,,,,tezo,,30110051009,4
poll_station,zowerani_vdc_nursery_school,ZOWERANI VDC NURSERY SCHOOL,,,,,,tezo,,30110051010,2
poll_station,bofa_primary_school,BOFA PRIMARY SCHOOL,,,,,,tezo,,30110051011,1
poll_station,kibaoni_primary_school,KIBAONI PRIMARY SCHOOL,,,,,,sokoni,,30110052012,11
poll_station,kiwandani_primary_school,KIWANDANI PRIMARY SCHOOL,,,,,,sokoni,,30110052013,8
poll_station,kilifi_primary_school,KILIFI PRIMARY SCHOOL,,,,,,sokoni,,30110052014,8
poll_station,uwanjani_nursery_school,UWANJANI NURSERY SCHOOL,,,,,,sokoni,,30110052015,6
poll_station,stthomas_primary_school,ST.THOMAS PRIMARY SCHOOL,,,,,,sokoni,,30110052016,4
poll_station,mdzongoloni_primary_school,MDZONGOLONI PRIMARY SCHOOL,,,,,,kibarani,,30110053017,2
poll_station,kibarani_primary_school,KIBARANI PRIMARY SCHOOL,,,,,,kibarani,,30110053018,4
poll_station,korosho_academy,KOROSHO ACADEMY,,,,,,kibarani,,30110053019,2
poll_station,basi_primary_school,BASI PRIMARY SCHOOL,,,,,,kibarani,,30110053020,3
poll_station,konjora_primary_school,KONJORA PRIMARY SCHOOL,,,,,,kibarani,,30110053021,3
poll_station,fumbini_primary_school,FUMBINI PRIMARY SCHOOL,,,,,,kibarani,,30110053022,4
poll_station,mrima_wa_kuku_primary_school,MRIMA WA KUKU PRIMARY SCHOOL,,,,,,kibarani,,30110053023,1
poll_station,mkombe_primary_school,MKOMBE PRIMARY SCHOOL,,,,,,kibarani,,30110053024,2
poll_station,jezazhom_primary_school,JEZAZHOM PRIMARY SCHOOL,,,,,,kibarani,,30110053025,1
poll_station,mtsanganyiko_nursery_school,MTSANGANYIKO NURSERY SCHOOL,,,,,,kibarani,,30110053026,1
poll_station,angaza_nursery_school,ANGAZA NURSERY SCHOOL,,,,,,kibarani,,30110053027,2
poll_station,tumaini_dera_primary_school,TUMAINI DERA PRIMARY SCHOOL,,,,,,kibarani,,30110053028,2
poll_station,ezamoyo_primary_school,EZAMOYO PRIMARY SCHOOL,,,,,,kibarani,,30110053029,1
poll_station,kilimo_primary_school,KILIMO PRIMARY SCHOOL,,,,,,kibarani,,30110053030,2
poll_station,dongokundu_primary_school,DONGOKUNDU PRIMARY SCHOOL.,,,,,,dabaso,,30110054031,2
poll_station,dabaso_primary_school,DABASO PRIMARY SCHOOL,,,,,,dabaso,,30110054032,5
poll_station,children_of_the_rising_sun_primar,CHILDREN OF THE RISING SUN PRIMAR,,,,,,dabaso,,30110054033,2
poll_station,msabaha_primary_school,MSABAHA PRIMARY SCHOOL,,,,,,dabaso,,30110054034,1
poll_station,mkangagani_primary_school,MKANGAGANI PRIMARY SCHOOL,,,,,,dabaso,,30110054035,2
poll_station,mida_primary_school,MIDA PRIMARY SCHOOL,,,,,,dabaso,,30110054036,2
poll_station,mzizima_primary_school,MZIZIMA PRIMARY SCHOOL,,,,,,dabaso,,30110054007,1
poll_station,mabuani_football_ground,MABUANI FOOTBALL GROUND,,,,,,dabaso,,30110054038,2
poll_station,gede_youth_polytechnic,GEDE YOUTH POLYTECHNIC,,,,,,dabaso,,30110054039,4
poll_station,mijomboni_primary_school,MIJOMBONI PRIMARY SCHOOL,,,,,,dabaso,,30110054040,3
poll_station,roka_primary_school,ROKA PRIMARY SCHOOL,,,,,,matsangoni,,30110055041,2
poll_station,roka_maweni_primary_school,ROKA MAWENI PRIMARY SCHOOL,,,,,,matsangoni,,30110055042,3
poll_station,chumani_primary_school,CHUMANI PRIMARY SCHOOL,,,,,,matsangoni,,30110055043,4
poll_station,kararacha_primary_school,KARARACHA PRIMARY SCHOOL,,,,,,matsangoni,,30110055044,2
poll_station,kaoyeni_nursery_school,KAOYENI NURSERY SCHOOL,,,,,,matsangoni,,30110055131,1
poll_station,mkunguni_nursery_school,MKUNGUNI NURSERY SCHOOL,,,,,,matsangoni,,30110055105,1
poll_station,uyombo_primary_school,UYOMBO PRIMARY SCHOOL,,,,,,matsangoni,,30110055047,3
poll_station,chipande_primary_school,CHIPANDE PRIMARY SCHOOL,,,,,,matsangoni,,30110055048,2
poll_station,sidzeni_nursery_school,SIDZENI NURSERY SCHOOL,,,,,,matsangoni,,30110055049,1
poll_station,kilodi_primary_school,KILODI PRIMARY SCHOOL,,,,,,matsangoni,,30110055050,1
poll_station,matsangoni_primary_school,MATSANGONI PRIMARY SCHOOL,,,,,,matsangoni,,30110055051,4
poll_station,mkongani_primary_school,MKONGANI PRIMARY SCHOOL,,,,,,matsangoni,,30110055115,2
poll_station,marafiki_primary_school,MARAFIKI PRIMARY SCHOOL,,,,,,matsangoni,,30110055053,1
poll_station,ufuoni_primary_school,UFUONI PRIMARY SCHOOL,,,,,,matsangoni,,30110055054,1
poll_station,mpendakula_nursery_school,MPENDAKULA NURSERY SCHOOL,,,,,,matsangoni,,30110055055,1
poll_station,bethel_nursery_school,BETHEL NURSERY SCHOOL,,,,,,watamu,,30110056056,1
poll_station,jimba_gede_primary_school,JIMBA GEDE PRIMARY SCHOOL,,,,,,watamu,,30110056057,3
poll_station,gerald_bakhita_primary_school,GERALD/ BAKHITA PRIMARY SCHOOL,,,,,,watamu,,30110056058,1
poll_station,mbaraka_chembe_primary_school,MBARAKA CHEMBE PRIMARY SCHOOL,,,,,,watamu,,30110056059,2
poll_station,kanani_primary_school,KANANI PRIMARY SCHOOL,,,,,,watamu,,30110056060,1
poll_station,watamu_sda_primary_school,WATAMU SDA PRIMARY SCHOOL,,,,,,watamu,,30110056061,3
poll_station,rita_nursery_school,RITA NURSERY SCHOOL,,,,,,watamu,,30110056062,2
poll_station,watamu_primary_school,WATAMU PRIMARY SCHOOL,,,,,,watamu,,30110056063,9
poll_station,gede_primary_school,GEDE PRIMARY SCHOOL,,,,,,watamu,,30110056064,2
poll_station,soyosoyo_primary_schoolkizingo,SOYOSOYO PRIMARY SCHOOL(KIZINGO,,,,,,watamu,,30110056065,1
poll_station,kizingo_baptist_church,KIZINGO BAPTIST CHURCH,,,,,,watamu,,30110056066,2
poll_station,jacaranda_beach_primary_school,JACARANDA BEACH PRIMARY SCHOOL,,,,,,watamu,,30110056067,1
poll_station,majajani_primary_school,MAJAJANI PRIMARY SCHOOL,,,,,,mnarani,,30110057068,3
poll_station,mavueni_primary_school,MAVUENI PRIMARY SCHOOL,,,,,,mnarani,,30110057069,3
poll_station,mitangoni_primary_school,MITANGONI PRIMARY SCHOOL,,,,,,mnarani,,30110057070,1
poll_station,kiriba_primary_school,KIRIBA PRIMARY SCHOOL,,,,,,mnarani,,30110057071,1
poll_station,kadzinuni_primary_school,KADZINUNI PRIMARY SCHOOL,,,,,,mnarani,,30110057072,2
poll_station,shaurimoyo_primary_school,SHAURIMOYO PRIMARY SCHOOL,,,,,,mnarani,,30110057073,2
poll_station,mkwajuni_primary_school,MKWAJUNI PRIMARY SCHOOL,,,,,,mnarani,,30110057074,3
poll_station,takaungu_primary_school,TAKAUNGU PRIMARY SCHOOL,,,,,,mnarani,,30110057075,3
poll_station,mnarani_primary_school,MNARANI PRIMARY SCHOOL,,,,,,mnarani,,30110057076,8
poll_station,kilifi_plantation_nursery_school,KILIFI PLANTATION NURSERY SCHOOL,,,,,,mnarani,,30110057077,1
poll_station,vuma_primary_school,VUMA PRIMARY SCHOOL,,,,,,mnarani,,30110057078,1
poll_station,mwakuhenga_primary_school,MWAKUHENGA PRIMARY SCHOOL,,,,,,mnarani,,30110057079,1
poll_station,vijiweni_nursery_school,VIJIWENI NURSERY SCHOOL,,,,,,mnarani,,30110057080,1
poll_station,mbogolo_nursery_school,MBOGOLO NURSERY SCHOOL,,,,,,mnarani,,30110057081,1
poll_station,mkomani_primary_school,MKOMANI PRIMARY SCHOOL,,,,,,mnarani,,30110057082,1
poll_station,kireme_primary_school,KIREME PRIMARY SCHOOL,,,,,,junju,,30120058001,3
poll_station,junju_primary_school,JUNJU PRIMARY SCHOOL,,,,,,junju,,30120058002,2
poll_station,kolewa_primary_school,KOLEWA PRIMARY SCHOOL,,,,,,junju,,30120058003,2
poll_station,gongoni_primary_school,GONGONI PRIMARY SCHOOL,,,,,,junju,,30120058004,2
poll_station,vipingo_primary_school,VIPINGO PRIMARY SCHOOL,,,,,,junju,,30120058005,2
poll_station,mapawa_primary_school,MAPAWA PRIMARY SCHOOL,,,,,,junju,,30120058006,1
poll_station,shariani_primary_school,SHARIANI PRIMARY SCHOOL,,,,,,junju,,30120058007,5
poll_station,kapecha_primary_school,KAPECHA PRIMARY SCHOOL,,,,,,junju,,30120058008,1
poll_station,bodoi_primary_school,BODOI PRIMARY SCHOOL,,,,,,junju,,30120058009,1
poll_station,chodari_primary_school,CHODARI PRIMARY SCHOOL,,,,,,junju,,30120058010,1
poll_station,vipingo_central_primary_school,VIPINGO CENTRAL PRIMARY SCHOOL,,,,,,junju,,30120058011,7
poll_station,mwembetsungu_primary_school,MWEMBETSUNGU PRIMARY SCHOOL,,,,,,junju,,30120058012,1
poll_station,pingilikani_primary_school,PINGILIKANI PRIMARY SCHOOL,,,,,,mwarakaya,,30120059013,2
poll_station,kidutani_primary_school,KIDUTANI PRIMARY SCHOOL,,,,,,mwarakaya,,30120059014,2
poll_station,mwarakaya_primary_school,MWARAKAYA PRIMARY SCHOOL,,,,,,mwarakaya,,30120059015,3
poll_station,mbuyuni_primary_school,M'BUYUNI PRIMARY SCHOOL,,,,,,mwarakaya,,30120059016,2
poll_station,chengoni_primary_school,CHENGONI PRIMARY SCHOOL,,,,,,mwarakaya,,30120059117,1
poll_station,kizingo_primary_school,KIZINGO PRIMARY SCHOOL,,,,,,mwarakaya,,30120059018,3
poll_station,gandini_chonyi_primary_school,GANDINI CHONYI PRIMARY SCHOOL,,,,,,mwarakaya,,30120059019,2
poll_station,vwevwesi_primary_school,VWEVWESI PRIMARY SCHOOL,,,,,,mwarakaya,,30120059020,2
poll_station,bokini_primary_school,BOKINI PRIMARY SCHOOL,,,,,,mwarakaya,,30120059021,1
poll_station,stmartins_primary_school,ST.MARTINS PRIMARY SCHOOL,,,,,,mwarakaya,,30120059022,3
poll_station,chije_primary_school,CHIJE PRIMARY SCHOOL,,,,,,mwarakaya,,30120059023,1
poll_station,mwezangombe_primary_school,MWEZANG'OMBE PRIMARY SCHOOL,,,,,,mwarakaya,,30120059024,1
poll_station,mtomondoni_primary_school,MTOMONDONI PRIMARY SCHOOL,,,,,,shimo_la_tewa,,30120060025,15
poll_station,mtwapa_agriculture_training_cen,MTWAPA AGRICULTURE TRAINING CEN,,,,,,shimo_la_tewa,,30120060026,4
poll_station,mtwapa_primary_school,MTWAPA PRIMARY SCHOOL,,,,,,shimo_la_tewa,,30120060027,8
poll_station,mtwapa_chiefs_office,MTWAPA CHIEF'S OFFICE,,,,,,shimo_la_tewa,,30120060028,18
poll_station,golden_key_academy,GOLDEN KEY ACADEMY,,,,,,shimo_la_tewa,,30120060029,2
poll_station,furaha_junior_academy,FURAHA JUNIOR ACADEMY,,,,,,shimo_la_tewa,,30120060030,1
poll_station,mtomondoni_scheme_primary_sch,MTOMONDONI SCHEME PRIMARY SCH,,,,,,shimo_la_tewa,,30120060031,1
poll_station,timboni_nursery_school,TIMBONI NURSERY SCHOOL,,,,,,shimo_la_tewa,,30120060032,1
poll_station,ziani_primary_school,ZIANI PRIMARY SCHOOL,,,,,,chasimba,,30120061033,3
poll_station,katikirieni_primary_school,KATIKIRIENI PRIMARY SCHOOL,,,,,,chasimba,,30120061034,3
poll_station,dindiri_primary_school,DINDIRI PRIMARY SCHOOL,,,,,,chasimba,,30120061035,2
poll_station,makata_primary_school,MAKATA PRIMARY SCHOOL,,,,,,chasimba,,30120061036,2
poll_station,chasimba_primary_school,CHASIMBA PRIMARY SCHOOL,,,,,,chasimba,,30120061037,2
poll_station,kolongoni_primary_school,KOLONGONI PRIMARY SCHOOL,,,,,,chasimba,,30120061038,3
poll_station,bungu_primary_school,BUNGU PRIMARY SCHOOL,,,,,,chasimba,,30120061039,1
poll_station,mbomboni_primary_school,M'BOMBONI PRIMARY SCHOOL,,,,,,chasimba,,30120061040,1
poll_station,dzitsoni_primary_school,DZITSONI PRIMARY SCHOOL,,,,,,chasimba,,30120061041,2
poll_station,bundacho_primary_school,BUNDACHO PRIMARY SCHOOL,,,,,,chasimba,,30120061042,2
poll_station,kitsoeni_primary_school,KITSOENI PRIMARY SCHOOL,,,,,,chasimba,,30120061043,1
poll_station,ngombeni_primary_school,NG'OMBENI PRIMARY SCHOOL,,,,,,chasimba,,30120061044,1
poll_station,lutsangani_secondary_school,LUTSANGANI SECONDARY SCHOOL,,,,,,chasimba,,30120061045,1
poll_station,lubondo_primary_school,LUBONDO PRIMARY SCHOOL,,,,,,chasimba,,30120061046,1
poll_station,karimboni_primary_school,KARIMBONI PRIMARY SCHOOL,,,,,,chasimba,,30120061047,1
poll_station,kaole_primary_school,KAOLE PRIMARY SCHOOL,,,,,,chasimba,,30120061048,1
poll_station,bembo_primary_school,BEMBO PRIMARY SCHOOL,,,,,,chasimba,,30120061049,2
poll_station,barani_primary_school,BARANI PRIMARY SCHOOL,,,,,,mtepeni,,30120062050,5
poll_station,mtepeni_primary_school,MTEPENI PRIMARY SCHOOL,,,,,,mtepeni,,30120062051,4
poll_station,tunzanani_primary_school,TUNZANANI PRIMARY SCHOOL,,,,,,mtepeni,,30120062052,1
poll_station,riziki_women_group_hall,RIZIKI WOMEN GROUP HALL,,,,,,mtepeni,,30120062053,1
poll_station,makio_social_hall,MAKIO SOCIAL HALL,,,,,,mtepeni,,30120062054,12
poll_station,kikambala_primary_school,KIKAMBALA PRIMARY SCHOOL,,,,,,mtepeni,,30120062055,5
poll_station,msumarini_secondary_school,MSUMARINI SECONDARY SCHOOL,,,,,,mtepeni,,30120062056,3
poll_station,baharini_primary_school,BAHARINI PRIMARY SCHOOL,,,,,,mtepeni,,30120062057,2
poll_station,ushindi_nursery_school,USHINDI NURSERY SCHOOL,,,,,,mtepeni,,30120062058,3
poll_station,mtwapa_north_secondary_school,MTWAPA NORTH SECONDARY SCHOOL,,,,,,mtepeni,,30120062059,1
poll_station,mbewau_primary_school,MBEWAU PRIMARY SCHOOL,,,,,,mtepeni,,30120062060,1
poll_station,mariakani_primary_school,MARIAKANI PRIMARY SCHOOL,,,,,,mariakani,,30130063001,3
poll_station,shangia_primary_school,SHANGIA PRIMARY SCHOOL,,,,,,mariakani,,30130063002,2
poll_station,garrison_primary_school,GARRISON PRIMARY SCHOOL,,,,,,mariakani,,30130063003,2
poll_station,mwareni_primary_school,MWARENI PRIMARY SCHOOL,,,,,,mariakani,,30130063004,3
poll_station,mariakani_dairy,MARIAKANI DAIRY,,,,,,mariakani,,30130063005,9
poll_station,kari_premises,KARI PREMISES,,,,,,mariakani,,30130063006,1
poll_station,kibandahasara_primary_school,KIBANDAHASARA PRIMARY SCHOOL,,,,,,mariakani,,30130063007,2
poll_station,madzimbani_primary_school,MADZIMBANI PRIMARY SCHOOL,,,,,,mariakani,,30130063008,2
poll_station,kadzandani_primary_school,KADZANDANI PRIMARY SCHOOL,,,,,,mariakani,,30130063030,1
poll_station,muungano_primary_school,MUUNGANO PRIMARY SCHOOL,,,,,,mariakani,,30130063072,1
poll_station,mariakani_secondary_school,MARIAKANI SECONDARY SCHOOL,,,,,,mariakani,,30130063011,4
poll_station,dzihoshe_trading_centre,DZIHOSHE TRADING CENTRE,,,,,,mariakani,,30130063012,1
poll_station,migundini_primary_school,MIGUNDINI PRIMARY SCHOOL,,,,,,mariakani,,30130063013,2
poll_station,moi_kadzonzo_primary_school,MOI KADZONZO PRIMARY SCHOOL,,,,,,mariakani,,30130063014,2
poll_station,mariakani_dc_offices,MARIAKANI DC OFFICES,,,,,,mariakani,,30130063015,2
poll_station,mnyenzeni_primary_school,MNYENZENI PRIMARY SCHOOL,,,,,,kayafungo,,30130064172,1
poll_station,kavuka_primary_school,KAVUKA PRIMARY SCHOOL,,,,,,kayafungo,,30130064017,1
poll_station,kirumbi_primary_school,KIRUMBI PRIMARY SCHOOL,,,,,,kayafungo,,30130064018,1
poll_station,pangayambo_primary_school,PANGAYAMBO PRIMARY SCHOOL,,,,,,kayafungo,,30130064019,2
poll_station,kibaokiche_primary_school,KIBAOKICHE PRIMARY SCHOOL,,,,,,kayafungo,,30130064020,2
poll_station,gandini_primary_school,GANDINI PRIMARY SCHOOL,,,,,,kayafungo,,30130064021,2
poll_station,kidzini_primary_school,KIDZINI PRIMARY SCHOOL,,,,,,kayafungo,,30130064022,2
poll_station,gogoraruhe_primary_school,GOGORARUHE PRIMARY SCHOOL,,,,,,kayafungo,,30130064023,1
poll_station,mwijo_primary_school,MWIJO PRIMARY SCHOOL,,,,,,kayafungo,,30130064024,2
poll_station,stmicheal_primary_school,ST.MICHEAL PRIMARY SCHOOL,,,,,,kayafungo,,30130064025,2
poll_station,magogoni_nursery_school,MAGOGONI NURSERY SCHOOL,,,,,,kayafungo,,30130064026,1
poll_station,mitsikitsini_primary_school,MITSIKITSINI PRIMARY SCHOOL,,,,,,kayafungo,,30130064027,1
poll_station,ndatani_primary_school,NDATANI PRIMARY SCHOOL,,,,,,kayafungo,,30130064028,2
poll_station,mukuluni_nursery_school,MUKULUNI NURSERY SCHOOL,,,,,,kayafungo,,30130064029,1
poll_station,tsangatsini_primary_school,TSANGATSINI PRIMARY SCHOOL,,,,,,kayafungo,,30130064030,3
poll_station,dzengoni_nursery_school,DZENGONI NURSERY SCHOOL,,,,,,kayafungo,,30130064031,1
poll_station,kinagoni_primary_school,KINAGONI PRIMARY SCHOOL,,,,,,kayafungo,,30130064120,2
poll_station,uhuru_primary_school,UHURU PRIMARY SCHOOL,,,,,,kayafungo,,30130064033,1
poll_station,miyani_primary_school,MIYANI PRIMARY SCHOOL,,,,,,kayafungo,,30130064173,1
poll_station,kasemeni_nursery_school,KASEMENI NURSERY SCHOOL,,,,,,kayafungo,,30130064035,1
poll_station,kaloleni_social_hall,KALOLENI SOCIAL HALL,,,,,,kaloleni,,30130065036,7
poll_station,vishakani_primary_school,VISHAKANI PRIMARY SCHOOL,,,,,,kaloleni,,30130065037,2
poll_station,kizurini_primary_school,KIZURINI PRIMARY SCHOOL,,,,,,kaloleni,,30130065038,2
poll_station,milalani_nurery_school,MILALANI NURERY SCHOOL,,,,,,kaloleni,,30130065039,2
poll_station,imani_primary_school,IMANI PRIMARY SCHOOL,,,,,,kaloleni,,30130065040,2
poll_station,mwamleka_primary_school,MWAMLEKA PRIMARY SCHOOL,,,,,,kaloleni,,30130065041,2
poll_station,mukululu_nusery_school,MUKULULU NUSERY SCHOOL,,,,,,kaloleni,,30130065042,1
poll_station,kinani_primary_school,KINANI PRIMARY SCHOOL,,,,,,kaloleni,,30130065043,2
poll_station,makomboani_primary_school,MAKOMBOANI PRIMARY SCHOOL,,,,,,kaloleni,,30130065044,2
poll_station,mihingoni_primary_school,MIHINGONI PRIMARY SCHOOL,,,,,,kaloleni,,30130065045,2
poll_station,chalani_primary_school,CHALANI PRIMARY SCHOOL,,,,,,kaloleni,,30130065046,2
poll_station,chanagande_primary_school,CHANAGANDE PRIMARY SCHOOL,,,,,,kaloleni,,30130065047,3
poll_station,mikiriani_primary_school,MIKIRIANI PRIMARY SCHOOL,,,,,,kaloleni,,30130065048,2
poll_station,mwambani_primary_school,MWAMBANI PRIMARY SCHOOL,,,,,,kaloleni,,30130065127,1
poll_station,kitsomeni_nursery_school,KITSOMENI NURSERY SCHOOL,,,,,,kaloleni,,30130065050,1
poll_station,chilulu_primary_school,CHILULU PRIMARY SCHOOL,,,,,,kaloleni,,30130065051,2
poll_station,mkwajuni_nursery_school,MKWAJUNI NURSERY SCHOOL,,,,,,kaloleni,,30130065052,1
poll_station,vuga_nursery_school,VUGA NURSERY SCHOOL,,,,,,kaloleni,,30130065053,1
poll_station,nyalani_nursery_school,NYALANI NURSERY SCHOOL,,,,,,kaloleni,,30130065054,1
poll_station,mtendani_trading_centre,MTENDANI TRADING CENTRE,,,,,,kaloleni,,30130065055,1
poll_station,tsunguni_primary_school,TSUNGUNI PRIMARY SCHOOL,,,,,,kaloleni,,30130065056,1
poll_station,tsakarolovu_primary_school,TSAKAROLOVU PRIMARY SCHOOL,,,,,,kaloleni,,30130065057,2
poll_station,mwandaza_primary_school,MWANDAZA PRIMARY SCHOOL,,,,,,kaloleni,,30130065058,2
poll_station,maandani_primary_school,MAANDANI PRIMARY SCHOOL,,,,,,kaloleni,,30130065059,2
poll_station,mgamboni_primary_school,MGAMBONI PRIMARY SCHOOL,,,,,,kaloleni,,30130065060,1
poll_station,walea_primary_school,WALEA PRIMARY SCHOOL,,,,,,kaloleni,,30130065061,2
poll_station,tsagwa_primary_school,TSAGWA PRIMARY SCHOOL,,,,,,kaloleni,,30130065062,2
poll_station,mwembe_tayari_nursery_school,MWEMBE TAYARI NURSERY SCHOOL,,,,,,kaloleni,,30130065063,1
poll_station,mwanawiji_nursery_school,MWANAWIJI NURSERY SCHOOL,,,,,,kaloleni,,30130065064,1
poll_station,kakomani_primary_school,KAKOMANI PRIMARY SCHOOL,,,,,,mwanamwinga,,30130066065,1
poll_station,viragoni_primary_school,VIRAGONI PRIMARY SCHOOL,,,,,,mwanamwinga,,30130066066,2
poll_station,mtulu_nursery_school,MTULU NURSERY SCHOOL,,,,,,mwanamwinga,,30130066067,1
poll_station,mnazi_mwenga_primary_school,MNAZI MWENGA PRIMARY SCHOOL,,,,,,mwanamwinga,,30130066068,2
poll_station,ikanga_primary_school,IKANGA PRIMARY SCHOOL,,,,,,mwanamwinga,,30130066069,2
poll_station,kabatheni_primary_school,KABATHENI PRIMARY SCHOOL,,,,,,mwanamwinga,,30130066070,1
poll_station,mwanamwinga_nurery_school,MWANAMWINGA NURERY SCHOOL,,,,,,mwanamwinga,,30130066071,1
poll_station,kinarani_primary_school,KINARANI PRIMARY SCHOOL,,,,,,mwanamwinga,,30130066072,3
poll_station,migwaleni_nursery_school,MIGWALENI NURSERY SCHOOL,,,,,,mwanamwinga,,30130066073,1
poll_station,nguluweni_primary_school,NGULUWENI PRIMARY SCHOOL,,,,,,mwanamwinga,,30130066074,2
poll_station,kitengwani_nursery_school,KITENGWANI NURSERY SCHOOL,,,,,,mwanamwinga,,30130066075,1
poll_station,hademu_primary_school,HADEMU PRIMARY SCHOOL,,,,,,mwanamwinga,,30130066076,2
poll_station,mtsengo_primary_school,MTSENGO PRIMARY SCHOOL,,,,,,mwanamwinga,,30130066077,3
poll_station,bedida_primary_school,BEDIDA PRIMARY SCHOOL,,,,,,mwawesa,,30140067001,2
poll_station,chiferi_primary_school,CHIFERI PRIMARY SCHOOL,,,,,,mwawesa,,30140067002,2
poll_station,mkapuni_cattle_dip,MKAPUNI CATTLE DIP,,,,,,mwawesa,,30140067003,3
poll_station,chonyi_nursery_school,CHONYI NURSERY SCHOOL,,,,,,mwawesa,,30140067004,2
poll_station,changombe_primary_school,CHANG'OMBE PRIMARY SCHOOL,,,,,,mwawesa,,30140067005,2
poll_station,bwagamoyo_primary_school,BWAGAMOYO PRIMARY SCHOOL,,,,,,mwawesa,,30140067006,3
poll_station,kanyumbuni_primary_school,KANYUMBUNI PRIMARY SCHOOL,,,,,,mwawesa,,30140067130,3
poll_station,makanzani_primary_school,MAKANZANI PRIMARY SCHOOL,,,,,,ruruma,,30140068008,1
poll_station,mleji_primary_school,MLEJI PRIMARY SCHOOL,,,,,,ruruma,,30140068009,1
poll_station,kasidi_primary_school,KASIDI PRIMARY SCHOOL,,,,,,ruruma,,30140068010,3
poll_station,mawemabomu_nursery_school,MAWEMABOMU NURSERY SCHOOL,,,,,,ruruma,,30140068011,2
poll_station,mikomani_primary_school,MIKOMANI PRIMARY SCHOOL,,,,,,ruruma,,30140068012,2
poll_station,kawala_primary_school,KAWALA PRIMARY SCHOOL,,,,,,ruruma,,30140068013,3
poll_station,bofu_primary_school,BOFU PRIMARY SCHOOL,,,,,,ruruma,,30140068158,3
poll_station,batani_nursery_school,BATANI NURSERY SCHOOL,,,,,,ruruma,,30140068015,3
poll_station,jimba_primary_school,JIMBA PRIMARY SCHOOL,,,,,,ruruma,,30140068016,3
poll_station,masaani_nursery_school,MASAANI NURSERY SCHOOL,,,,,,ruruma,,30140068017,1
poll_station,mwandodo_primary_school,MWANDODO PRIMARY SCHOOL,,,,,,kambe_ribe,,30140069018,3
poll_station,mbungoni_primary_school,M'BUNGONI PRIMARY SCHOOL,,,,,,kambe_ribe,,30140069019,3
poll_station,ziro_primary_school,ZIRO PRIMARY SCHOOL,,,,,,kambe_ribe,,30140069020,2
poll_station,pangani_primary_school,PANGANI PRIMARY SCHOOL,,,,,,kambe_ribe,,30140069050,1
poll_station,maereni_primary_school,MAERENI PRIMARY SCHOOL,,,,,,kambe_ribe,,30140069022,2
poll_station,jeuri_primary_school,JEURI PRIMARY SCHOOL,,,,,,kambe_ribe,,30140069023,1
poll_station,timboni_primary_school,TIMBONI PRIMARY SCHOOL,,,,,,kambe_ribe,,30140069024,1
poll_station,malau_primary_school,MALAU PRIMARY SCHOOL,,,,,,kambe_ribe,,30140069025,2
poll_station,pangani_nursery_school,PANGANI NURSERY SCHOOL,,,,,,kambe_ribe,,30140069026,2
poll_station,makobeni_primary_school,MAKOBENI PRIMARY SCHOOL,,,,,,kambe_ribe,,30140069027,2
poll_station,ribe_primary_school,RIBE PRIMARY SCHOOL,,,,,,kambe_ribe,,30140069028,2
poll_station,kinunguna_primary_school,KINUNGUNA PRIMARY SCHOOL,,,,,,kambe_ribe,,30140069029,1
poll_station,mitsajeni_primary_school,MITSAJENI PRIMARY SCHOOL,,,,,,kambe_ribe,,30140069030,1
poll_station,kaliangombe_primary_school,KALIANG'OMBE PRIMARY SCHOOL,,,,,,rabai_kisurutini,,30140070031,5
poll_station,boyani_primary_school,BOYANI PRIMARY SCHOOL,,,,,,rabai_kisurutini,,30140070026,3
poll_station,gigiri_nursery_school,GIGIRI NURSERY SCHOOL,,,,,,rabai_kisurutini,,30140070033,2
poll_station,mwele_nursery_school,MWELE NURSERY SCHOOL,,,,,,rabai_kisurutini,,30140070034,2
poll_station,kailo_primary_school,KAILO PRIMARY SCHOOL,,,,,,rabai_kisurutini,,30140070035,2
poll_station,lugwe_primary,LUGWE PRIMARY,,,,,,rabai_kisurutini,,30140070036,3
poll_station,isaac_nyondo_prischool,ISAAC NYONDO PRI.SCHOOL,,,,,,rabai_kisurutini,,30140070037,2
poll_station,rahma_nursery_school,RAHMA NURSERY SCHOOL,,,,,,rabai_kisurutini,,30140070038,4
poll_station,kinyakani_nursery_school,KINYAKANI NURSERY SCHOOL,,,,,,rabai_kisurutini,,30140070039,2
poll_station,kajiwe_primary_school,KAJIWE PRIMARY SCHOOL,,,,,,rabai_kisurutini,,30140070040,4
poll_station,benyoka_primary_school,BENYOKA PRIMARY SCHOOL,,,,,,rabai_kisurutini,,30140070041,3
poll_station,mwangutwa_primary_school,MWANGUTWA PRIMARY SCHOOL,,,,,,rabai_kisurutini,,30140070042,4
poll_station,muungano_7_vdc,MUUNGANO 7 VDC,,,,,,rabai_kisurutini,,30140070043,2
poll_station,buni_primary_school,BUNI PRIMARY SCHOOL,,,,,,rabai_kisurutini,,30140070044,1
poll_station,mwatsama_primary_school,MWATSAMA PRIMARY SCHOOL,,,,,,rabai_kisurutini,,30140070045,2
poll_station,buni_nursery_school,BUNI NURSERY SCHOOL,,,,,,rabai_kisurutini,,30140070046,2
poll_station,mwanzagu_trading_centre,MWANZAGU TRADING CENTRE,,,,,,rabai_kisurutini,,30140070047,2
poll_station,railway_trading_centre_mazeras,RAILWAY TRADING CENTRE MAZERAS,,,,,,rabai_kisurutini,,30140070048,4
poll_station,mirihini_primary_school,MIRIHINI PRIMARY SCHOOL,,,,,,ganze,,30150071121,1
poll_station,katendewa_primary_school,KATENDEWA PRIMARY SCHOOL,,,,,,ganze,,30150071002,1
poll_station,jila_primary_school,JILA PRIMARY SCHOOL,,,,,,ganze,,30150071003,2
poll_station,dodosa_primary_school,DODOSA PRIMARY SCHOOL,,,,,,ganze,,30150071004,1
poll_station,ganze_primary_school,GANZE PRIMARY SCHOOL,,,,,,ganze,,30150071005,3
poll_station,tsangalaweni_primary_school,TSANGALAWENI PRIMARY SCHOOL,,,,,,ganze,,30150071006,1
poll_station,malomani_primary_school,MALOMANI PRIMARY SCHOOL,,,,,,ganze,,30150071007,1
poll_station,vilwakwe_primary_school,VILWAKWE PRIMARY SCHOOL,,,,,,ganze,,30150071008,1
poll_station,petanguo_primary_school,PETANGUO PRIMARY SCHOOL,,,,,,ganze,,30150071009,2
poll_station,masemo_primary_school,MASEMO PRIMARY SCHOOL,,,,,,ganze,,30150071010,1
poll_station,migodomani_primary_school,MIGODOMANI PRIMARY SCHOOL,,,,,,ganze,,30150071011,1
poll_station,dungicha_primary_school,DUNGICHA PRIMARY SCHOOL,,,,,,ganze,,30150071012,2
poll_station,bahero_primary_school,BAHERO PRIMARY SCHOOL,,,,,,ganze,,30150071013,1
poll_station,sokoke_primary_school,SOKOKE PRIMARY SCHOOL,,,,,,ganze,,30150071014,2
poll_station,silala_primary_school,SILALA PRIMARY SCHOOL,,,,,,ganze,,30150071015,2
poll_station,danicha_primary_school,DANICHA PRIMARY SCHOOL,,,,,,ganze,,30150071016,1
poll_station,nyari_primary_school,NYARI PRIMARY SCHOOL,,,,,,ganze,,30150071103,2
poll_station,sokoke_secondary_school,SOKOKE SECONDARY SCHOOL,,,,,,ganze,,30150071018,3
poll_station,rare_primary_school,RARE PRIMARY SCHOOL,,,,,,ganze,,30150071019,1
poll_station,kachororoni_primary_school,KACHORORONI PRIMARY SCHOOL,,,,,,ganze,,30150071020,2
poll_station,mgamboni_primary_school,MGAMBONI PRIMARY SCHOOL,,,,,,ganze,,30150071060,1
poll_station,mwaeba_primary_school,MWAEBA PRIMARY SCHOOL,,,,,,ganze,,30150071022,1
poll_station,mlungu_wa_mawe_primary_school,MLUNGU WA MAWE PRIMARY SCHOOL,,,,,,ganze,,30150071023,1
poll_station,dungicha_secondary_school,DUNGICHA SECONDARY SCHOOL,,,,,,ganze,,30150071024,1
poll_station,fudumulo_primary_school,FUDUMULO PRIMARY SCHOOL,,,,,,ganze,,30150071025,1
poll_station,midoina_primary_school,MIDOINA PRIMARY SCHOOL,,,,,,bamba,,30150072026,1
poll_station,mnago_wa_dola_primary_school,MNAGO WA DOLA PRIMARY SCHOOL,,,,,,bamba,,30150072027,1
poll_station,jira_primary_school,JIRA PRIMARY SCHOOL,,,,,,bamba,,30150072028,2
poll_station,goshi_primary_school,GOSHI PRIMARY SCHOOL,,,,,,bamba,,30150072029,1
poll_station,mnagoni_primary_school,MNAGONI PRIMARY SCHOOL,,,,,,bamba,,30150072030,2
poll_station,rima_ra_pera_primary_school,RIMA RA PERA PRIMARY SCHOOL,,,,,,bamba,,30150072031,1
poll_station,bamba_primary_school,BAMBA PRIMARY SCHOOL,,,,,,bamba,,30150072032,3
poll_station,chapungu_primary_school,CHAPUNGU PRIMARY SCHOOL,,,,,,bamba,,30150072033,2
poll_station,nzovuni_primary_school,NZOVUNI PRIMARY SCHOOL,,,,,,bamba,,30150072073,2
poll_station,mwakwala_primary_school,MWAKWALA PRIMARY SCHOOL,,,,,,bamba,,30150072035,1
poll_station,maryango_primary_school,MARYANGO PRIMARY SCHOOL,,,,,,bamba,,30150072036,2
poll_station,mtsara_wa_tsatsu_primary,MTSARA WA TSATSU PRIMARY,,,,,,bamba,,30150072037,2
poll_station,kidemu_primary_school,KIDEMU PRIMARY SCHOOL,,,,,,bamba,,30150072038,1
poll_station,muyuni_primary_school,MUYUNI PRIMARY SCHOOL,,,,,,bamba,,30150072039,1
poll_station,paziani_primary_school,PAZIANI PRIMARY SCHOOL,,,,,,bamba,,30150072040,2
poll_station,mikamini_primary_school,MIKAMINI PRIMARY SCHOOL,,,,,,bamba,,30150072079,1
poll_station,mitsemerini_primary_school,MITSEMERINI PRIMARY SCHOOL,,,,,,bamba,,30150072042,2
poll_station,bandari_primary_school,BANDARI PRIMARY SCHOOL,,,,,,bamba,,30150072043,2
poll_station,karimani_primary_school,KARIMANI PRIMARY SCHOOL,,,,,,bamba,,30150072044,1
poll_station,kathoroni_nursery_school,KATHORONI NURSERY SCHOOL,,,,,,bamba,,30150072045,1
poll_station,ziara_wimbi_primary_school,ZIARA WIMBI PRIMARY SCHOOL,,,,,,bamba,,30150072046,1
poll_station,mweza_moyo_primary_school,MWEZA MOYO PRIMARY SCHOOL,,,,,,bamba,,30150072047,1
poll_station,mengo_nursery_school,MENGO NURSERY SCHOOL,,,,,,bamba,,30150072048,1
poll_station,kabelengani_primary_school,KABELENGANI PRIMARY SCHOOL,,,,,,bamba,,30150072049,2
poll_station,shaka_primary_school,SHAKA PRIMARY SCHOOL,,,,,,bamba,,30150072050,1
poll_station,bada_nursery_school,BADA NURSERY SCHOOL,,,,,,bamba,,30150072051,1
poll_station,keresa_primary_school,KERESA PRIMARY SCHOOL,,,,,,bamba,,30150072052,1
poll_station,kalongoni_primary_school,KALONGONI PRIMARY SCHOOL,,,,,,bamba,,30150072053,1
poll_station,migujini_primary_school,MIGUJINI PRIMARY SCHOOL,,,,,,bamba,,30150072054,1
poll_station,kirimani_primary_school,KIRIMANI PRIMARY SCHOOL,,,,,,jaribuni,,30150073055,1
poll_station,palakumi_primary_school,PALAKUMI PRIMARY SCHOOL,,,,,,jaribuni,,30150073056,2
poll_station,migumo_miri_primary_school,MIGUMO MIRI PRIMARY SCHOOL,,,,,,jaribuni,,30150073057,1
poll_station,tsanzuni_primary_school,TSANZUNI PRIMARY SCHOOL,,,,,,jaribuni,,30150073058,1
poll_station,vitsapuni_primary_school,VITSAPUNI PRIMARY SCHOOL,,,,,,jaribuni,,30150073059,1
poll_station,mariani_primary_school,MARIANI PRIMARY SCHOOL,,,,,,jaribuni,,30150073060,2
poll_station,katofeni_primary_school,KATOFENI PRIMARY SCHOOL,,,,,,jaribuni,,30150073061,1
poll_station,mayowe_primary_school,MAYOWE PRIMARY SCHOOL,,,,,,jaribuni,,30150073062,2
poll_station,jaribuni_primary_school,JARIBUNI PRIMARY SCHOOL,,,,,,jaribuni,,30150073063,2
poll_station,kwa_maya_nursery_school,KWA MAYA NURSERY SCHOOL,,,,,,jaribuni,,30150073064,1
poll_station,mikuluni_primary_school,MIKULUNI PRIMARY SCHOOL,,,,,,jaribuni,,30150073065,2
poll_station,marere_primary_school,MARERE PRIMARY SCHOOL,,,,,,jaribuni,,30150073066,2
poll_station,magogoni_primary_school,MAGOGONI PRIMARY SCHOOL,,,,,,jaribuni,,30150073067,2
poll_station,mwapula_primary_school,MWAPULA PRIMARY SCHOOL,,,,,,jaribuni,,30150073068,1
poll_station,mwenge_primary_school,MWENGE PRIMARY SCHOOL,,,,,,jaribuni,,30150073069,1
poll_station,makalangeni_primary_school,MAKALANGENI PRIMARY SCHOOL,,,,,,jaribuni,,30150073070,1
poll_station,vyambani_secondary_school,VYAMBANI SECONDARY SCHOOL,,,,,,jaribuni,,30150073071,2
poll_station,juhudi_primary_school,JUHUDI PRIMARY SCHOOL,,,,,,jaribuni,,30150073072,2
poll_station,boponi_centre,BOPONI CENTRE,,,,,,jaribuni,,30150073073,1
poll_station,dunguni_primary_school,DUNGUNI PRIMARY SCHOOL,,,,,,jaribuni,,30150073074,1
poll_station,mangororo_primary_school,MANGORORO PRIMARY SCHOOL,,,,,,jaribuni,,30150073075,1
poll_station,mbonga_primary_school,MBONGA PRIMARY SCHOOL,,,,,,jaribuni,,30150073076,1
poll_station,ndigiria_primary_school,NDIGIRIA PRIMARY SCHOOL,,,,,,sokoke,,30150074077,2
poll_station,milore_primary_school,MILORE PRIMARY SCHOOL,,,,,,sokoke,,30150074078,1
poll_station,murya_chakwe_primary_school,MURYA CHAKWE PRIMARY SCHOOL,,,,,,sokoke,,30150074079,1
poll_station,dulukiza_primary_school,DULUKIZA PRIMARY SCHOOL,,,,,,sokoke,,30150074080,1
poll_station,murima_wa_ndege_primary,MURIMA WA NDEGE PRIMARY,,,,,,sokoke,,30150074081,2
poll_station,kafuloni_primary_school,KAFULONI PRIMARY SCHOOL,,,,,,sokoke,,30150074082,1
poll_station,madamani_primary_school,MADAMANI PRIMARY SCHOOL,,,,,,sokoke,,30150074083,2
poll_station,mangudho_primary_school,MANGUDHO PRIMARY SCHOOL,,,,,,sokoke,,30150074084,1
poll_station,vitengeni_primary_school,VITENGENI PRIMARY SCHOOL,,,,,,sokoke,,30150074085,2
poll_station,dida_primary_school,DIDA PRIMARY SCHOOL,,,,,,sokoke,,30150074086,2
poll_station,kahingoni_primary_school,KAHINGONI PRIMARY SCHOOL,,,,,,sokoke,,30150074087,1
poll_station,mitsedzini_primary_school,MITSEDZINI PRIMARY SCHOOL,,,,,,sokoke,,30150074088,1
poll_station,bale_primary_school,BALE PRIMARY SCHOOL,,,,,,sokoke,,30150074089,2
poll_station,kangamboni_primary_school,KANG'AMBONI PRIMARY SCHOOL,,,,,,sokoke,,30150074090,1
poll_station,mwarandinda_primary_school,MWARANDINDA PRIMARY SCHOOL,,,,,,sokoke,,30150074091,1
poll_station,boga_machuko_primary_school,BOGA MACHUKO PRIMARY SCHOOL,,,,,,sokoke,,30150074092,2
poll_station,dzikunze_primary_school,DZIKUNZE PRIMARY SCHOOL,,,,,,sokoke,,30150074093,2
poll_station,ndugu_munani_primary_school,NDUGU MUNANI PRIMARY SCHOOL,,,,,,sokoke,,30150074094,1
poll_station,madzeni_primary_school,MADZENI PRIMARY SCHOOL,,,,,,sokoke,,30150074095,1
poll_station,mihuhuni_primary_school,MIHUHUNI PRIMARY SCHOOL,,,,,,sokoke,,30150074096,1
poll_station,mwahera_primary_school,MWAHERA PRIMARY SCHOOL,,,,,,sokoke,,30150074097,1
poll_station,sita_nursery_school,SITA NURSERY SCHOOL,,,,,,sokoke,,30150074098,1
poll_station,mwangea_primary_school,MWANGEA PRIMARY SCHOOL,,,,,,sokoke,,30150074121,1
poll_station,vitengeni_cattle_dip,VITENGENI CATTLE DIP,,,,,,sokoke,,30150074100,1
poll_station,sosodemu_primary_school,SOSODEMU PRIMARY SCHOOL,,,,,,sokoke,,30150074101,1
poll_station,kafitsoni_primary_school,KAFITSONI PRIMARY SCHOOL,,,,,,sokoke,,30150074102,1
poll_station,malanga_primary_school,MALANGA PRIMARY SCHOOL,,,,,,sokoke,,30150074103,2
poll_station,yembe_primary_school,YEMBE PRIMARY SCHOOL,,,,,,sokoke,,30150074104,1
poll_station,ngamani_primary_school,NGAMANI PRIMARY SCHOOL,,,,,,sokoke,,30150074105,1
poll_station,bahati_primary_school,BAHATI PRIMARY SCHOOL,,,,,,sokoke,,30150074009,2
poll_station,bungale_primary_school,BUNGALE PRIMARY SCHOOL,,,,,,sokoke,,30150074107,1
poll_station,kwa_dadu_primary_school,KWA DADU PRIMARY SCHOOL,,,,,,sokoke,,30150074108,1
poll_station,misufini_primary_school,MISUFINI PRIMARY SCHOOL,,,,,,sokoke,,30150074109,1
poll_station,ziwani_primary_school,ZIWANI PRIMARY SCHOOL,,,,,,sokoke,,30150074010,1
poll_station,ranch_primary_school,RANCH PRIMARY SCHOOL,,,,,,sokoke,,30150074111,1
poll_station,gandini_primary_school,GANDINI PRIMARY SCHOOL,,,,,,jilore,,30160075021,1
poll_station,jilore_primary_school,JILORE PRIMARY SCHOOL,,,,,,jilore,,30160075002,2
poll_station,kakoneni_primary_school,KAKONENI PRIMARY SCHOOL,,,,,,jilore,,30160075003,2
poll_station,marikano_primary_school,MARIKANO PRIMARY SCHOOL,,,,,,jilore,,30160075004,1
poll_station,shononeka_nursery_school,SHONONEKA NURSERY SCHOOL,,,,,,jilore,,30160075005,1
poll_station,maji_langobaya_primary_school,MAJI LANGOBAYA PRIMARY SCHOOL,,,,,,jilore,,30160075006,3
poll_station,girimacha_primary_school,GIRIMACHA PRIMARY SCHOOL,,,,,,jilore,,30160075007,1
poll_station,sosobora_primary_school,SOSOBORA PRIMARY SCHOOL,,,,,,jilore,,30160075008,1
poll_station,pishimwenga_primary_school,PISHIMWENGA PRIMARY SCHOOL,,,,,,jilore,,30160075009,1
poll_station,majengo_nursery_school,MAJENGO NURSERY SCHOOL,,,,,,jilore,,30160075010,1
poll_station,viriko_primary_school,VIRIKO PRIMARY SCHOOL,,,,,,jilore,,30160075011,1
poll_station,khombeni_primary_school,KHOMBENI PRIMARY SCHOOL,,,,,,jilore,,30160075012,1
poll_station,mkondoni_primary_school,MKONDONI PRIMARY SCHOOL,,,,,,jilore,,30160075013,1
poll_station,timboni_primary_school,TIMBONI PRIMARY SCHOOL,,,,,,jilore,,30160075024,1
poll_station,mambo_sasa_nursery_school,MAMBO SASA NURSERY SCHOOL,,,,,,jilore,,30160075015,1
poll_station,sosoni_primary_school,SOSONI PRIMARY SCHOOL,,,,,,jilore,,30160075016,2
poll_station,langobaya_dispensar_open_groun,LANGOBAYA DISPENSAR OPEN GROUN,,,,,,jilore,,30160075017,1
poll_station,kakuyuni_boys_secondary_school,KAKUYUNI BOYS SECONDARY SCHOOL,,,,,,kakuyuni,,30160076018,1
poll_station,mongotini_primary_school,MONGOTINI PRIMARY SCHOOL,,,,,,kakuyuni,,30160076019,1
poll_station,kakuyuni_primary_school,KAKUYUNI PRIMARY SCHOOL,,,,,,kakuyuni,,30160076020,2
poll_station,madunguni_primary_school,MADUNGUNI PRIMARY SCHOOL,,,,,,kakuyuni,,30160076021,2
poll_station,goshi_primary_school,GOSHI PRIMARY SCHOOL,,,,,,kakuyuni,,30160076029,2
poll_station,baguo_primary_school,BAGUO PRIMARY SCHOOL,,,,,,kakuyuni,,30160076023,1
poll_station,mmangani_primary_school,MMANGANI PRIMARY SCHOOL,,,,,,kakuyuni,,30160076024,2
poll_station,kavunyalalo_primary_school,KAVUNYALALO PRIMARY SCHOOL,,,,,,kakuyuni,,30160076025,2
poll_station,mgandini_nursery_school,MGANDINI NURSERY SCHOOL,,,,,,kakuyuni,,30160076026,1
poll_station,mwangaza_nursery_school,MWANGAZA NURSERY SCHOOL,,,,,,kakuyuni,,30160076027,1
poll_station,arabuko_primary_school,ARABUKO PRIMARY SCHOOL,,,,,,kakuyuni,,30160076028,1
poll_station,kisiwani_nursery_school,KISIWANI NURSERY SCHOOL,,,,,,kakuyuni,,30160076029,2
poll_station,milimani_nursery_school,MILIMANI NURSERY SCHOOL,,,,,,ganda,,30160077030,2
poll_station,mashamba_primary_school,MASHAMBA PRIMARY SCHOOL,,,,,,ganda,,30160077031,2
poll_station,kijiwetanga_primary_school,KIJIWETANGA PRIMARY SCHOOL,,,,,,ganda,,30160077032,5
poll_station,msabaha_football_grounds,MSABAHA FOOTBALL GROUNDS,,,,,,ganda,,30160077033,3
poll_station,mkaomoto_primary_school,MKAOMOTO PRIMARY SCHOOL,,,,,,ganda,,30160077034,2
poll_station,pendukiani_nursery_school,PENDUKIANI NURSERY SCHOOL,,,,,,ganda,,30160077035,1
poll_station,takaye_primary_school,TAKAYE PRIMARY SCHOOL,,,,,,ganda,,30160077036,4
poll_station,kwa_upanga_primary_school,KWA UPANGA PRIMARY SCHOOL,,,,,,ganda,,30160077037,2
poll_station,mere_primary_school,MERE PRIMARY SCHOOL,,,,,,ganda,,30160077038,3
poll_station,maziwani_primary_school,MAZIWANI PRIMARY SCHOOL,,,,,,ganda,,30160077039,4
poll_station,gahaleni_primary_school,GAHALENI PRIMARY SCHOOL,,,,,,ganda,,30160077040,3
poll_station,mshongoleni_dispensary,MSHONGOLENI DISPENSARY,,,,,,ganda,,30160077041,1
poll_station,miwani_primary_school,MIWANI PRIMARY SCHOOL,,,,,,ganda,,30160077042,1
poll_station,mkunguni_primary_school,MKUNGUNI PRIMARY SCHOOL,,,,,,ganda,,30160077043,1
poll_station,majivuni_primary_school,MAJIVUNI PRIMARY SCHOOL,,,,,,malindi_town,,30160078044,2
poll_station,mtangani_pema_church_nursery_s,MTANGANI PEMA CHURCH NURSERY S,,,,,,malindi_town,,30160078045,5
poll_station,malindi_primary_school_hgm,MALINDI PRIMARY SCHOOL (HGM),,,,,,malindi_town,,30160078046,8
poll_station,st_andrews_primary_school,ST. ANDREWS PRIMARY SCHOOL,,,,,,malindi_town,,30160078047,6
poll_station,malindi_central_primary_school,MALINDI CENTRAL PRIMARY SCHOOL,,,,,,malindi_town,,30160078048,6
poll_station,barani_secondary_school,BARANI SECONDARY SCHOOL,,,,,,malindi_town,,30160078049,8
poll_station,malindi_municipal_stadium_nurser,MALINDI MUNICIPAL STADIUM NURSER,,,,,,malindi_town,,30160078050,5
poll_station,ganda_primary_school,GANDA PRIMARY SCHOOL,,,,,,malindi_town,,30160078009,3
poll_station,kasimbiji_primary_school,KASIMBIJI PRIMARY SCHOOL,,,,,,malindi_town,,30160078052,2
poll_station,malindi_guiding_star_academy,MALINDI GUIDING STAR ACADEMY,,,,,,malindi_town,,30160078053,3
poll_station,kanyangwa_baptist_academy,KANYANGWA BAPTIST ACADEMY,,,,,,malindi_town,,30160078054,1
poll_station,greenfield_academy_alaskan,GREENFIELD ACADEMY ( ALASKAN),,,,,,malindi_town,,30160078055,1
poll_station,airport_primary_school,AIRPORT PRIMARY SCHOOL,,,,,,shella,,30160079056,4
poll_station,malindi_high_school,MALINDI HIGH SCHOOL,,,,,,shella,,30160079057,3
poll_station,karima_primary_school,KARIMA PRIMARY SCHOOL,,,,,,shella,,30160079058,10
poll_station,upweoni_primary_school,UPWEONI PRIMARY SCHOOL,,,,,,shella,,30160079059,5
poll_station,sir_ali_bin_salim_primary_school,SIR ALI BIN SALIM PRIMARY SCHOOL,,,,,,shella,,30160079060,8
poll_station,al_nidhamia_women_group_hall,AL NIDHAMIA WOMEN GROUP HALL,,,,,,shella,,30160079061,4
poll_station,uhuru_gardens,UHURU GARDENS,,,,,,shella,,30160079052,5
poll_station,town_primary_school,TOWN PRIMARY SCHOOL,,,,,,shella,,30160079063,3
poll_station,soweto_trading_center_open_gro,SOWETO TRADING CENTER OPEN GRO,,,,,,shella,,30160079064,1
poll_station,kajajini_primary_school,KAJAJINI PRIMARY SCHOOL,,,,,,shella,,30160079065,1
poll_station,kabiboni_primary_school,KABIBONI PRIMARY SCHOOL,,,,,,marafa,,30170080001,1
poll_station,waresa_primary_school,WARESA PRIMARY SCHOOL,,,,,,marafa,,30170080002,1
poll_station,kavunyalalo_primary_school,KAVUNYALALO PRIMARY SCHOOL,,,,,,marafa,,30170080025,1
poll_station,kanyumbuni_primary_school,KANYUMBUNI PRIMARY SCHOOL,,,,,,marafa,,30170080130,1
poll_station,watala_primary_school,WATALA PRIMARY SCHOOL,,,,,,marafa,,30170080005,1
poll_station,soso_chamari_primary_school,SOSO CHAMARI PRIMARY SCHOOL,,,,,,marafa,,30170080006,2
poll_station,vithunguni_primary_school,VITHUNGUNI PRIMARY SCHOOL,,,,,,marafa,,30170080007,1
poll_station,marafa_primary_school,MARAFA PRIMARY SCHOOL,,,,,,marafa,,30170080008,2
poll_station,kotayo_primary_school,KOTAYO PRIMARY SCHOOL,,,,,,marafa,,30170080009,1
poll_station,baraka_primary_school,BARAKA PRIMARY SCHOOL,,,,,,marafa,,30170080010,2
poll_station,amkeni_primary_school,AMKENI PRIMARY SCHOOL,,,,,,marafa,,30170080011,1
poll_station,danisa_primary_school,DANISA PRIMARY SCHOOL,,,,,,marafa,,30170080012,1
poll_station,ziwani_primary_school,ZIWANI PRIMARY SCHOOL,,,,,,marafa,,30170080010,2
poll_station,shakadulo_primary_school,SHAKADULO PRIMARY SCHOOL,,,,,,marafa,,30170080014,1
poll_station,mawazo_primary_school,MAWAZO PRIMARY SCHOOL,,,,,,marafa,,30170080015,1
poll_station,mekatilili_primary_school,MEKATILILI PRIMARY SCHOOL,,,,,,marafa,,30170080016,1
poll_station,dakacha_primary_school,DAKACHA PRIMARY SCHOOL,,,,,,marafa,,30170080017,1
poll_station,mulunguni_primary_school,MULUNGUNI PRIMARY SCHOOL,,,,,,marafa,,30170080018,1
poll_station,mwele_primary_school,MWELE PRIMARY SCHOOL,,,,,,marafa,,30170080140,1
poll_station,mogole_primary_school,MOGOLE PRIMARY SCHOOL,,,,,,marafa,,30170080020,1
poll_station,kasikini_nursery_school,KASIKINI NURSERY SCHOOL,,,,,,marafa,,30170080021,1
poll_station,tangini_nursery_school,TANGINI NURSERY SCHOOL,,,,,,marafa,,30170080022,1
poll_station,st_peters_nursery_school,ST PETERS NURSERY SCHOOL,,,,,,marafa,,30170080023,1
poll_station,mkondoni_primary_school,MKONDONI PRIMARY SCHOOL,,,,,,magarini,,30170081013,3
poll_station,majenjeni_primary_school,MAJENJENI PRIMARY SCHOOL,,,,,,magarini,,30170081025,2
poll_station,mambrui_primary_school,MAMBRUI PRIMARY SCHOOL,,,,,,magarini,,30170081026,2
poll_station,kagombani_primary_school,KAGOMBANI PRIMARY SCHOOL,,,,,,magarini,,30170081027,4
poll_station,mjanaheri_primary_school,MJANAHERI PRIMARY SCHOOL,,,,,,magarini,,30170081028,4
poll_station,marikebuni_primary_school,MARIKEBUNI PRIMARY SCHOOL,,,,,,magarini,,30170081029,2
poll_station,masheheni_primary_school,MASHEHENI PRIMARY SCHOOL,,,,,,magarini,,30170081030,2
poll_station,burangi_primary_school,BURANGI PRIMARY SCHOOL,,,,,,magarini,,30170081031,1
poll_station,majahazini_primary_school,MAJAHAZINI PRIMARY SCHOOL,,,,,,magarini,,30170081032,1
poll_station,mpirani_primary_school,MPIRANI PRIMARY SCHOOL,,,,,,magarini,,30170081167,1
poll_station,pumwani_primary_school,PUMWANI PRIMARY SCHOOL,,,,,,magarini,,30170081034,1
poll_station,kadzifitseni_primary_school,KADZIFITSENI PRIMARY SCHOOL,,,,,,magarini,,30170081035,1
poll_station,mwangatini_primary_school,MWANGATINI PRIMARY SCHOOL,,,,,,magarini,,30170081036,2
poll_station,bomani_primary_school,BOMANI PRIMARY SCHOOL,,,,,,magarini,,30170081013,3
poll_station,kaembeni_primary_school,KAEMBENI PRIMARY SCHOOL,,,,,,magarini,,30170081038,2
poll_station,magarini_primary_school,MAGARINI PRIMARY SCHOOL,,,,,,magarini,,30170081039,1
poll_station,ngandu_primary_school,NG'ANDU PRIMARY SCHOOL,,,,,,magarini,,30170081040,1
poll_station,magarini_secondary_school,MAGARINI SECONDARY SCHOOL,,,,,,magarini,,30170081041,1
poll_station,kipangajeni_primary_school,KIPANGAJENI PRIMARY SCHOOL,,,,,,magarini,,30170081042,1
poll_station,mbaoni_primary_school,MBAONI PRIMARY SCHOOL,,,,,,magarini,,30170081043,1
poll_station,mfulani_primary_school,MFULANI PRIMARY SCHOOL,,,,,,magarini,,30170081044,1
poll_station,mapimo_central_primary_school,MAPIMO CENTRAL PRIMARY SCHOOL,,,,,,magarini,,30170081045,1
poll_station,mapimo_primary_school,MAPIMO PRIMARY SCHOOL,,,,,,gongoni,,30170082046,5
poll_station,kinyaule_nursery_school,KINYAULE NURSERY SCHOOL,,,,,,gongoni,,30170082047,1
poll_station,mnagoni_nursery_school,MNAGONI NURSERY SCHOOL,,,,,,gongoni,,30170082048,1
poll_station,mapimo_youth_polytechnic,MAPIMO YOUTH POLYTECHNIC,,,,,,gongoni,,30170082049,6
poll_station,kadzuhoni_primary_school,KADZUHONI PRIMARY SCHOOL,,,,,,gongoni,,30170082050,2
poll_station,kibaoni_primary_school,KIBAONI PRIMARY SCHOOL,,,,,,gongoni,,30170082012,2
poll_station,kambi_ya_waya_primary_school,KAMBI YA WAYA PRIMARY SCHOOL,,,,,,gongoni,,30170082052,1
poll_station,fundiissa_primary_school,FUNDI-ISSA PRIMARY SCHOOL,,,,,,gongoni,,30170082053,1
poll_station,sogorosa_primary_school,SOGOROSA PRIMARY SCHOOL,,,,,,gongoni,,30170082054,2
poll_station,mtsangamali_primary_school,MTSANGAMALI PRIMARY SCHOOL,,,,,,gongoni,,30170082055,1
poll_station,midodoni_primary_school,MIDODONI PRIMARY SCHOOL,,,,,,gongoni,,30170082056,1
poll_station,boyani_primary_school,BOYANI PRIMARY SCHOOL,,,,,,gongoni,,30170082026,1
poll_station,sosoni_primary_school,SOSONI PRIMARY SCHOOL,,,,,,gongoni,,30170082016,2
poll_station,shomela_primary_school,SHOMELA PRIMARY SCHOOL,,,,,,gongoni,,30170082059,1
poll_station,majengo_primary_school,MAJENGO PRIMARY SCHOOL,,,,,,gongoni,,30170082046,5
poll_station,kasimani_primary_school,KASIMANI PRIMARY SCHOOL,,,,,,gongoni,,30170082061,1
poll_station,garithe_primary_school,GARITHE PRIMARY SCHOOL,,,,,,gongoni,,30170082062,2
poll_station,bahari_ya_kati_nursery_school,BAHARI YA KATI NURSERY SCHOOL,,,,,,gongoni,,30170082063,1
poll_station,baharini_primary_school,BAHARINI PRIMARY SCHOOL,,,,,,gongoni,,30170082057,1
poll_station,ngomeni_primary_school,NGOMENI PRIMARY SCHOOL,,,,,,gongoni,,30170082065,2
poll_station,milimani_primary_school,MILIMANI PRIMARY SCHOOL,,,,,,gongoni,,30170082066,1
poll_station,rasi_primary_school,RASI PRIMARY SCHOOL,,,,,,gongoni,,30170082067,1
poll_station,mwaeba_primary_school,MWAEBA PRIMARY SCHOOL,,,,,,gongoni,,30170082022,1
poll_station,midodoni_central_primary_schoo,MIDODONI CENTRAL PRIMARY SCHOO,,,,,,gongoni,,30170082069,1
poll_station,borabora_nursery_school,BORABORA NURSERY SCHOOL,,,,,,gongoni,,30170082070,1
poll_station,povuni_primary_school,POVUNI PRIMARY SCHOOL,,,,,,gongoni,,30170082071,1
poll_station,mapimo_girls_secodary_school,MAPIMO GIRLS SECODARY SCHOOL,,,,,,gongoni,,30170082072,1
poll_station,bandacho_primary_school,BANDACHO PRIMARY SCHOOL,,,,,,adu,,30170083073,1
poll_station,kanagoni_primary_school,KANAGONI PRIMARY SCHOOL,,,,,,adu,,30170083074,2
poll_station,muyu_wa_kae_primary_school,MUYU WA KAE PRIMARY SCHOOL,,,,,,adu,,30170083075,1
poll_station,marereni_primary_school,MARERENI PRIMARY SCHOOL,,,,,,adu,,30170083076,5
poll_station,kurawa_primary_school,KURAWA PRIMARY SCHOOL,,,,,,adu,,30170083077,2
poll_station,mtoroni_primary_school,MTORONI PRIMARY SCHOOL,,,,,,adu,,30170083078,1
poll_station,vuga_primary_school,VUGA PRIMARY SCHOOL,,,,,,adu,,30170083007,1
poll_station,dhololobula_nursery_school,DHOLOLOBULA NURSERY SCHOOL,,,,,,adu,,30170083080,1
poll_station,kambicha_primary_school,KAMBICHA PRIMARY SCHOOL,,,,,,adu,,30170083081,1
poll_station,yedhi_primary_school,YEDHI PRIMARY SCHOOL,,,,,,adu,,30170083082,1
poll_station,kadzandani_primary_school,KADZANDANI PRIMARY SCHOOL,,,,,,adu,,30170083030,1
poll_station,kaoyeni_primary_school,KAOYENI PRIMARY SCHOOL,,,,,,adu,,30170083084,1
poll_station,ramada_primary_school,RAMADA PRIMARY SCHOOL,,,,,,adu,,30170083085,2
poll_station,blue_glue_primary_school,BLUE GLUE PRIMARY SCHOOL,,,,,,adu,,30170083086,1
poll_station,adu_primary_school,ADU PRIMARY SCHOOL,,,,,,adu,,30170083087,2
poll_station,barakajembe_primary_school,BARAKAJEMBE PRIMARY SCHOOL,,,,,,adu,,30170083088,1
poll_station,nyamala_sinene_primary_school,NYAMALA SINENE PRIMARY SCHOOL,,,,,,adu,,30170083089,1
poll_station,kamale_primary_school,KAMALE PRIMARY SCHOOL,,,,,,adu,,30170083090,1
poll_station,bofu_primary_school,BOFU PRIMARY SCHOOL,,,,,,adu,,30170083158,1
poll_station,kathama_primary_school,KATHAMA PRIMARY SCHOOL,,,,,,adu,,30170083092,1
poll_station,adimaye_primary_school,ADIMAYE PRIMARY SCHOOL,,,,,,adu,,30170083093,1
poll_station,chakama_primary_school,CHAKAMA PRIMARY SCHOOL,,,,,,adu,,30170083094,2
poll_station,shakahola_primary_school,SHAKAHOLA PRIMARY SCHOOL,,,,,,adu,,30170083095,1
poll_station,kulalu_primary_school,KULALU PRIMARY SCHOOL,,,,,,adu,,30170083096,1
poll_station,matolani_primary_school,MATOLANI PRIMARY SCHOOL,,,,,,adu,,30170083097,1
poll_station,hawe_wanje_primary_school,HAWE WANJE PRIMARY SCHOOL,,,,,,adu,,30170083098,1
poll_station,pcea_bombi_primary_school,PCEA BOMBI PRIMARY SCHOOL,,,,,,adu,,30170083099,1
poll_station,galana_ranch_primary_school,GALANA RANCH PRIMARY SCHOOL,,,,,,adu,,30170083100,1
poll_station,binzaro_nursery_school,BINZARO NURSERY SCHOOL,,,,,,adu,,30170083101,1
poll_station,kalongoni_nursery_school,KALONGONI NURSERY SCHOOL,,,,,,adu,,30170083102,1
poll_station,chanjalo_primary_school,CHANJALO PRIMARY SCHOOL,,,,,,adu,,30170083103,1
poll_station,muungano_primary_school,MUUNGANO PRIMARY SCHOOL,,,,,,adu,,30170083072,1
poll_station,balaga_primary_school,BALAGA PRIMARY SCHOOL,,,,,,adu,,30170083105,1
poll_station,thethesa_primary_school,THETHESA PRIMARY SCHOOL,,,,,,adu,,30170083106,1
poll_station,timboni_primary_school,TIMBONI PRIMARY SCHOOL,,,,,,adu,,30170083024,1
poll_station,marafa_youth_polytechnic,MARAFA YOUTH POLYTECHNIC,,,,,,garashi,,30170084108,1
poll_station,kata_primary_school,KATA PRIMARY SCHOOL,,,,,,garashi,,30170084109,1
poll_station,bodoi_primary_school,BODOI PRIMARY SCHOOL,,,,,,garashi,,30170084009,1
poll_station,makumba_primary_school,MAKUMBA PRIMARY SCHOOL,,,,,,garashi,,30170084111,1
poll_station,karimboni_primary_school,KARIMBONI PRIMARY SCHOOL,,,,,,garashi,,30170084047,2
poll_station,dhololo_primary_school,DHOLOLO PRIMARY SCHOOL,,,,,,garashi,,30170084113,1
poll_station,mugumoni_primary_school,MUGUMONI PRIMARY SCHOOL,,,,,,garashi,,30170084114,2
poll_station,bate_primary_school,BATE PRIMARY SCHOOL,,,,,,garashi,,30170084115,2
poll_station,bura_primary_school,BURA PRIMARY SCHOOL,,,,,,garashi,,30170084116,1
poll_station,kaya_dagamra_primary_school,KAYA DAGAMRA PRIMARY SCHOOL,,,,,,garashi,,30170084117,1
poll_station,kundeni_primary_school,KUNDENI PRIMARY SCHOOL,,,,,,garashi,,30170084118,1
poll_station,boresingwaya_primary_school,BORESINGWAYA PRIMARY SCHOOL,,,,,,garashi,,30170084119,1
poll_station,garashi_primary_school,GARASHI PRIMARY SCHOOL,,,,,,garashi,,30170084120,2
poll_station,masindeni_primary_school,MASINDENI PRIMARY SCHOOL,,,,,,garashi,,30170084121,1
poll_station,katsangatifu_nursery_school,KATSANGATIFU NURSERY SCHOOL,,,,,,garashi,,30170084122,1
poll_station,mikuyuni_primary_school,MIKUYUNI PRIMARY SCHOOL,,,,,,garashi,,30170084123,1
poll_station,singwaya_primary_school,SINGWAYA PRIMARY SCHOOL,,,,,,garashi,,30170084124,1
poll_station,bungale_primary_school,BUNGALE PRIMARY SCHOOL,,,,,,garashi,,30170084107,1
poll_station,baricho_primary_school,BARICHO PRIMARY SCHOOL,,,,,,garashi,,30170084126,2
poll_station,ulaya_primary_school,ULAYA PRIMARY SCHOOL,,,,,,garashi,,30170084127,1
poll_station,kakuhani_primary_school,KAKUHANI PRIMARY SCHOOL,,,,,,garashi,,30170084128,1
poll_station,jongeni_primary_school,JONGENI PRIMARY SCHOOL,,,,,,garashi,,30170084129,1
poll_station,chumba_cha_tsuwi_nursery_schoo,CHUMBA CHA TSUWI NURSERY SCHOO,,,,,,garashi,,30170084130,1
poll_station,kaguguta_primary_school,KAGUGUTA PRIMARY SCHOOL,,,,,,garashi,,30170084131,1
poll_station,laini_nursery_school,LAINI NURSERY SCHOOL,,,,,,garashi,,30170084132,1
poll_station,sabaki_primary_school,SABAKI PRIMARY SCHOOL,,,,,,sabaki,,30170085133,4
poll_station,kibokoni_primary_school,KIBOKONI PRIMARY SCHOOL,,,,,,sabaki,,30170085134,4
poll_station,kwandomo_trading_centre,KWANDOMO TRADING CENTRE,,,,,,sabaki,,30170085135,5
poll_station,malindi_gk_prison_dispensary,MALINDI GK PRISON DISPENSARY,,,,,,sabaki,,30170085136,2
poll_station,mtangani_pamoja_primary_school,MTANGANI PAMOJA PRIMARY SCHOOL,,,,,,sabaki,,30170085137,1
poll_station,katsangani_nursery_school,KATSANGANI NURSERY SCHOOL,,,,,,sabaki,,30170085138,1
poll_station,moi_nursery_school,MOI NURSERY SCHOOL,,,,,,sabaki,,30170085139,1
poll_station,kipini_primary_school,KIPINI PRIMARY SCHOOL,,,,,,kipini_east,,40180086001,3
poll_station,ziwani_primary_school,ZIWANI PRIMARY SCHOOL,,,,,,kipini_east,,40180086010,3
poll_station,shauri_moyo_primary_school,SHAURI MOYO PRIMARY SCHOOL,,,,,,kipini_east,,40180086113,1
poll_station,kizuiliyani_nursery_school,KIZUILIYANI NURSERY SCHOOL,,,,,,kipini_east,,40180086004,1
poll_station,mchelelo_primary_school,MCHELELO PRIMARY SCHOOL,,,,,,kipini_east,,40180086005,1
poll_station,matangeni_primary_school,MATANGENI PRIMARY SCHOOL,,,,,,kipini_east,,40180086006,1
poll_station,gatundu_primary_school,GATUNDU PRIMARY SCHOOL,,,,,,kipini_east,,40180086007,1
poll_station,majiweni_primary_school,MAJIWENI PRIMARY SCHOOL,,,,,,kipini_east,,40180086008,1
poll_station,mapunga_primary_school,MAPUNGA PRIMARY SCHOOL,,,,,,kipini_east,,40180086009,1
poll_station,kilelengwani_primary_school,KILELENGWANI PRIMARY SCHOOL,,,,,,kipini_east,,40180086010,3
poll_station,kau_primary_school,KAU PRIMARY SCHOOL,,,,,,kipini_east,,40180086011,1
poll_station,reketa_primary_school,REKETA PRIMARY SCHOOL,,,,,,kipini_east,,40180086012,1
poll_station,ozi_primary_school,OZI PRIMARY SCHOOL,,,,,,kipini_east,,40180086013,1
poll_station,mpeketoni_nursery_school,MPEKETONI NURSERY SCHOOL,,,,,,kipini_east,,40180086014,1
poll_station,kipini_secondary_school,KIPINI SECONDARY SCHOOL,,,,,,kipini_east,,40180086015,1
poll_station,kaloleni_nursery_school,KALOLENI NURSERY SCHOOL,,,,,,kipini_east,,40180086016,1
poll_station,kibaoni_nursery_school,KIBAONI NURSERY SCHOOL,,,,,,kipini_east,,40180086017,1
poll_station,idsowe_primary_school,IDSOWE PRIMARY SCHOOL,,,,,,garsen_south,,40180087018,2
poll_station,minjila_nursery_school,MINJILA NURSERY SCHOOL,,,,,,garsen_south,,40180087019,2
poll_station,didaade_primary_school,DIDAADE PRIMARY SCHOOL,,,,,,garsen_south,,40180087020,2
poll_station,kibusu_primary_school,KIBUSU PRIMARY SCHOOL,,,,,,garsen_south,,40180087021,1
poll_station,dalu_primary_school,DALU PRIMARY SCHOOL,,,,,,garsen_south,,40180087022,1
poll_station,tarasaa_secondary_school,TARASAA SECONDARY SCHOOL,,,,,,garsen_south,,40180087023,1
poll_station,tarasaa_primary_school,TARASAA PRIMARY SCHOOL,,,,,,garsen_south,,40180087024,2
poll_station,hiari_community_hall,HIARI COMMUNITY HALL,,,,,,garsen_south,,40180087025,1
poll_station,arap_moi_primary_school,ARAP MOI PRIMARY SCHOOL,,,,,,garsen_south,,40180087026,1
poll_station,ngao_social_hall,NGAO SOCIAL HALL,,,,,,garsen_south,,40180087027,1
poll_station,golbanti_primary_school,GOLBANTI PRIMARY SCHOOL,,,,,,garsen_south,,40180087028,1
poll_station,furaha_primary_school,FURAHA PRIMARY SCHOOL,,,,,,garsen_south,,40180087029,2
poll_station,bura_kofira_primary_school,BURA KOFIRA PRIMARY SCHOOL,,,,,,garsen_south,,40180087030,1
poll_station,onwardei_primary_school,ON-WARDEI PRIMARY SCHOOL,,,,,,garsen_south,,40180087031,1
poll_station,gubani_nursery_school,GUBANI NURSERY SCHOOL,,,,,,garsen_south,,40180087032,1
poll_station,oda_secondary_school,ODA SECONDARY SCHOOL,,,,,,garsen_south,,40180087033,1
poll_station,dalu_secondary_school,DALU SECONDARY SCHOOL,,,,,,garsen_south,,40180087034,1
poll_station,ushindi_primary_school,USHINDI PRIMARY SCHOOL,,,,,,garsen_south,,40180087035,1
poll_station,ramada_primary_school,RAMADA PRIMARY SCHOOL,,,,,,garsen_south,,40180087085,1
poll_station,handaraku_primary_school,HANDARAKU PRIMARY SCHOOL,,,,,,kipini_west,,40180088037,2
poll_station,tara_koshoro_centre,TARA KOSHORO CENTRE,,,,,,kipini_west,,40180088038,2
poll_station,kikomo_primary_school,KIKOMO PRIMARY SCHOOL,,,,,,kipini_west,,40180088039,1
poll_station,nduru_primary_school,NDURU PRIMARY SCHOOL,,,,,,kipini_west,,40180088040,1
poll_station,semikaro_primary_school,SEMIKARO PRIMARY SCHOOL,,,,,,kipini_west,,40180088041,1
poll_station,chamwanamuma_primary_school,CHAMWANAMUMA PRIMARY SCHOOL,,,,,,kipini_west,,40180088042,1
poll_station,shirikisho_primary_school,SHIRIKISHO PRIMARY SCHOOL,,,,,,kipini_west,,40180088043,1
poll_station,darga_galge_nursery_school,DARGA GALGE NURSERY SCHOOL,,,,,,kipini_west,,40180088044,1
poll_station,odole_nursery_school,ODOLE NURSERY SCHOOL,,,,,,kipini_west,,40180088045,1
poll_station,muanja_centre,MUANJA CENTRE,,,,,,kipini_west,,40180088046,1
poll_station,reketa_centre,REKETA CENTRE,,,,,,kipini_west,,40180088047,1
poll_station,tana_salt_nursery_school,TANA SALT NURSERY SCHOOL,,,,,,kipini_west,,40180088048,1
poll_station,hurara_primary_school,HURARA PRIMARY SCHOOL,,,,,,kipini_west,,40180088049,4
poll_station,katsangani_primary_school,KATSANGANI PRIMARY SCHOOL,,,,,,kipini_west,,40180088050,1
poll_station,meticharaka_primary_school,METICHARAKA PRIMARY SCHOOL,,,,,,kipini_west,,40180088051,1
poll_station,mnarani_ecd_centre,MNARANI ECD CENTRE,,,,,,kipini_west,,40180088052,1
poll_station,hashaka_secondary_school,HASHAKA SECONDARY SCHOOL,,,,,,kipini_west,,40180088053,1
poll_station,mto_kilifi_ecd_centre,MTO KILIFI ECD CENTRE,,,,,,kipini_west,,40180088054,1
poll_station,msurujani_ecd_centre,MSURUJANI ECD CENTRE,,,,,,kipini_west,,40180088055,1
poll_station,imani_primary_school,IMANI PRIMARY SCHOOL,,,,,,garsen_central,,40180089040,1
poll_station,dumi_nursery_school,DUMI NURSERY SCHOOL,,,,,,garsen_central,,40180089057,1
poll_station,gamba_primary_school,GAMBA PRIMARY SCHOOL,,,,,,garsen_central,,40180089058,2
poll_station,danisa_primary_school,DANISA PRIMARY SCHOOL,,,,,,garsen_central,,40180089012,2
poll_station,onkolde_primary_school,ONKOLDE PRIMARY SCHOOL,,,,,,garsen_central,,40180089060,1
poll_station,kone_mamo_center,KONE MAMO CENTER,,,,,,garsen_central,,40180089061,1
poll_station,galili_primary_school,GALILI PRIMARY SCHOOL,,,,,,garsen_central,,40180089062,1
poll_station,gomesa_village,GOMESA VILLAGE,,,,,,garsen_central,,40180089063,1
poll_station,dibe_primary_school,DIBE PRIMARY SCHOOL,,,,,,garsen_central,,40180089064,1
poll_station,kipao_primary_school,KIPAO PRIMARY SCHOOL,,,,,,garsen_central,,40180089065,3
poll_station,mswakini_nursery_school,MSWAKINI NURSERY SCHOOL,,,,,,garsen_central,,40180089066,1
poll_station,walkon_village,WALKON VILLAGE,,,,,,garsen_central,,40180089067,1
poll_station,kipao_secondary_school,KIPAO SECONDARY SCHOOL,,,,,,garsen_central,,40180089068,2
poll_station,kijo_nursery_school,KIJO NURSERY SCHOOL,,,,,,garsen_central,,40180089069,1
poll_station,balo_nursery_school,BALO NURSERY SCHOOL,,,,,,garsen_central,,40180089070,1
poll_station,garsen_primary_school,GARSEN PRIMARY SCHOOL,,,,,,garsen_west,,40180090071,4
poll_station,maua_primary_school,MAUA PRIMARY SCHOOL,,,,,,garsen_west,,40180090072,3
poll_station,sheli_abe_centre,SHELI ABE CENTRE,,,,,,garsen_west,,40180090073,2
poll_station,konkona_nursery_school,KONKONA NURSERY SCHOOL,,,,,,garsen_west,,40180090074,1
poll_station,bilisa_primary_school,BILISA PRIMARY SCHOOL,,,,,,garsen_west,,40180090075,1
poll_station,korlabe_village,KORLABE VILLAGE,,,,,,garsen_west,,40180090076,1
poll_station,assa_primary_school,ASSA PRIMARY SCHOOL,,,,,,garsen_west,,40180090077,1
poll_station,baridi_centre_mobile,BARIDI CENTRE (MOBILE),,,,,,garsen_west,,40180090078,1
poll_station,onjila_centre,ONJILA CENTRE,,,,,,garsen_west,,40180090079,1
poll_station,odoganda_centre,ODOGANDA CENTRE,,,,,,garsen_west,,40180090080,1
poll_station,tank_e_centre,TANK E CENTRE,,,,,,garsen_west,,40180090081,2
poll_station,iddi_centre,IDDI CENTRE,,,,,,garsen_west,,40180090082,1
poll_station,kone_primary_school_mobile,KONE PRIMARY SCHOOL (MOBILE),,,,,,garsen_west,,40180090083,1
poll_station,sheli_primary_school,SHELI PRIMARY SCHOOL,,,,,,garsen_west,,40180090084,1
poll_station,sane_girls_secondsry_school,SANE GIRLS SECONDSRY SCHOOL,,,,,,garsen_west,,40180090085,3
poll_station,tulu_nursery_school,TULU NURSERY SCHOOL,,,,,,garsen_west,,40180090086,1
poll_station,garsen_high_school,GARSEN HIGH SCHOOL,,,,,,garsen_west,,40180090087,1
poll_station,ramada_primary_school,RAMADA PRIMARY SCHOOL,,,,,,garsen_west,,40180090085,3
poll_station,ananotu,Ananotu,,,,,,garsen_west,,40180090088,1
poll_station,gadeni_primary_school,GADENI PRIMARY SCHOOL,,,,,,garsen_north,,40180091089,1
poll_station,reuben_mwewe_primary_school,REUBEN MWEWE PRIMARY SCHOOL,,,,,,garsen_north,,40180091090,2
poll_station,kulesa_primary_school,KULESA PRIMARY SCHOOL,,,,,,garsen_north,,40180091091,1
poll_station,maziwa_primary_school,MAZIWA PRIMARY SCHOOL,,,,,,garsen_north,,40180091092,1
poll_station,marembo_primary_school,MAREMBO PRIMARY SCHOOL,,,,,,garsen_north,,40180091093,1
poll_station,lazima_primary_school,LAZIMA PRIMARY SCHOOL,,,,,,garsen_north,,40180091094,1
poll_station,sera_primary_school,SERA PRIMARY SCHOOL,,,,,,garsen_north,,40180091095,1
poll_station,kurole_centre,KUROLE CENTRE,,,,,,garsen_north,,40180091096,2
poll_station,mwina_primary_school,MWINA PRIMARY SCHOOL,,,,,,garsen_north,,40180091097,1
poll_station,ngumu_nursery_school,NGUMU NURSERY SCHOOL,,,,,,garsen_north,,40180091098,1
poll_station,bubesa_primary_school,BUBESA PRIMARY SCHOOL,,,,,,garsen_north,,40180091099,1
poll_station,kinyadu_primary_school,KINYADU PRIMARY SCHOOL,,,,,,garsen_north,,40180091100,1
poll_station,mmbuji_primary_school,MMBUJI PRIMARY SCHOOL,,,,,,garsen_north,,40180091101,1
poll_station,mnazini_primary_school,MNAZINI PRIMARY SCHOOL,,,,,,garsen_north,,40180091102,2
poll_station,mnazini_sign_post_centre,MNAZINI SIGN POST CENTRE,,,,,,garsen_north,,40180091103,2
poll_station,kitere_primary_school,KITERE PRIMARY SCHOOL,,,,,,garsen_north,,40180091104,1
poll_station,choa_nursery_school,CHOA NURSERY SCHOOL,,,,,,garsen_north,,40180091105,1
poll_station,baomo_primary_school,BAOMO PRIMARY SCHOOL,,,,,,garsen_north,,40180091106,1
poll_station,galma_primary_school,GALMA PRIMARY SCHOOL,,,,,,garsen_north,,40180091107,1
poll_station,kitere_secondary_school,KITERE SECONDARY SCHOOL,,,,,,garsen_north,,40180091108,1
poll_station,gadeni_secondsry_school,GADENI SECONDSRY SCHOOL,,,,,,garsen_north,,40180091109,1
poll_station,haroresa_primary_school,HARORESA PRIMARY SCHOOL,,,,,,kinakomba,,40190092001,1
poll_station,jara_mobile_centre,JARA MOBILE CENTRE,,,,,,kinakomba,,40190092002,1
poll_station,hara_primary_school,HARA PRIMARY SCHOOL,,,,,,kinakomba,,40190092003,1
poll_station,bakisano_primary_school,BAKISANO PRIMARY SCHOOL,,,,,,kinakomba,,40190092004,1
poll_station,maroni_primary_school,MARONI PRIMARY SCHOOL,,,,,,kinakomba,,40190092005,1
poll_station,wenje_primary_school,WENJE PRIMARY SCHOOL,,,,,,kinakomba,,40190092006,2
poll_station,vukoni_primary_school,VUKONI PRIMARY SCHOOL,,,,,,kinakomba,,40190092007,1
poll_station,bububu_primary_school,BUBUBU PRIMARY SCHOOL,,,,,,kinakomba,,40190092008,1
poll_station,duwayo_primary_school,DUWAYO PRIMARY SCHOOL,,,,,,kinakomba,,40190092009,1
poll_station,boji_nursery_school,BOJI NURSERY SCHOOL,,,,,,kinakomba,,40190092010,1
poll_station,maweni_primary_school,MAWENI PRIMARY SCHOOL,,,,,,kinakomba,,40190092016,3
poll_station,gafuru_primary_school,GAFURU PRIMARY SCHOOL,,,,,,kinakomba,,40190092012,2
poll_station,harambee_mobile_centre,HARAMBEE MOBILE CENTRE,,,,,,kinakomba,,40190092013,1
poll_station,mkomani_primary_school,MKOMANI PRIMARY SCHOOL,,,,,,kinakomba,,40190092082,1
poll_station,fanjua_primary_school,FANJUA PRIMARY SCHOOL,,,,,,kinakomba,,40190092015,1
poll_station,majengo_primari_school,MAJENGO PRIMARI SCHOOL,,,,,,kinakomba,,40190092016,3
poll_station,gubani_primary_school,GUBANI PRIMARY SCHOOL,,,,,,kinakomba,,40190092017,2
poll_station,jarirodi_primary_school,JARIRODI PRIMARY SCHOOL,,,,,,kinakomba,,40190092018,1
poll_station,gubani_village_centre,GUBANI VILLAGE CENTRE,,,,,,kinakomba,,40190092019,1
poll_station,masalani_primary_school,MASALANI PRIMARY SCHOOL,,,,,,kinakomba,,40190092020,1
poll_station,bondeni_primary_school,BONDENI PRIMARY SCHOOL,,,,,,mikinduni,,40190093021,2
poll_station,lenda_primary_school,LENDA PRIMARY SCHOOL,,,,,,mikinduni,,40190093022,2
poll_station,handampia_primary_school,HANDAMPIA PRIMARY SCHOOL,,,,,,mikinduni,,40190093023,2
poll_station,chanani_primary_school,CHANANI PRIMARY SCHOOL,,,,,,mikinduni,,40190093024,1
poll_station,mikinduni_primary_school,MIKINDUNI PRIMARY SCHOOL,,,,,,mikinduni,,40190093025,3
poll_station,kone_primary_school,KONE PRIMARY SCHOOL,,,,,,mikinduni,,40190093026,2
poll_station,kalkacha_primary_school,KALKACHA PRIMARY SCHOOL,,,,,,mikinduni,,40190093027,2
poll_station,chamari_wells_mobile_centre,CHAMARI WELLS MOBILE CENTRE,,,,,,mikinduni,,40190093028,1
poll_station,ingile_mobile_centre,INGILE MOBILE CENTRE,,,,,,mikinduni,,40190093029,1
poll_station,kalkalcha_ecd,KALKALCHA ECD,,,,,,mikinduni,,40190093030,1
poll_station,hola_polytechnic,HOLA POLYTECHNIC,,,,,,mikinduni,,40190093031,1
poll_station,forest_training_school,FOREST TRAINING SCHOOL,,,,,,chewani,,40190094032,1
poll_station,kiarukungu_primary_school,KIARUKUNGU PRIMARY SCHOOL,,,,,,chewani,,40190094033,1
poll_station,bahati_primary_school,BAHATI PRIMARY SCHOOL,,,,,,chewani,,40190094009,1
poll_station,chewani_primary_school,CHEWANI PRIMARY SCHOOL,,,,,,chewani,,40190094035,1
poll_station,riabai_village_centre,RIABAI VILLAGE CENTRE,,,,,,chewani,,40190094036,1
poll_station,daku_primary_school,DAKU PRIMARY SCHOOL,,,,,,chewani,,40190094037,1
poll_station,daku_nursery_school,DAKU NURSERY SCHOOL,,,,,,chewani,,40190094038,1
poll_station,kumbi_primary_school,KUMBI PRIMARY SCHOOL,,,,,,chewani,,40190094039,1
poll_station,rhoka_primary_school,RHOKA PRIMARY SCHOOL,,,,,,chewani,,40190094040,1
poll_station,hanasa_village_centre,HANASA VILLAGE CENTRE,,,,,,chewani,,40190094041,1
poll_station,makere_primary_school,MAKERE PRIMARY SCHOOL,,,,,,chewani,,40190094042,2
poll_station,ovo_pri_school,OVO PRI SCHOOL,,,,,,chewani,,40190094043,1
poll_station,laini_primary_school,LAINI PRIMARY SCHOOL,,,,,,chewani,,40190094044,2
poll_station,bohoni_primary_school,BOHONI PRIMARY SCHOOL,,,,,,chewani,,40190094045,1
poll_station,ghalamani_primary_school,GHALAMANI PRIMARY SCHOOL,,,,,,chewani,,40190094046,1
poll_station,nyangwani_prsch,NYANGWANI PR.SCH,,,,,,chewani,,40190094047,1
poll_station,rafiki_primary_school,RAFIKI PRIMARY SCHOOL,,,,,,chewani,,40190094048,2
poll_station,mau_mau_secondary_school,MAU MAU SECONDARY SCHOOL,,,,,,chewani,,40190094049,1
poll_station,hola_secondary_school,HOLA SECONDARY SCHOOL,,,,,,chewani,,40190094050,2
poll_station,laza_primary_school,LAZA PRIMARY SCHOOL,,,,,,chewani,,40190094051,4
poll_station,hola_school_for_mentally_handc,HOLA SCHOOL FOR MENTALLY HANDC,,,,,,chewani,,40190094052,2
poll_station,hola_primary_school,HOLA PRIMARY SCHOOL,,,,,,chewani,,40190094053,2
poll_station,wacha_kone_primary_school,WACHA KONE PRIMARY SCHOOL,,,,,,chewani,,40190094054,1
poll_station,laza_nursery_school,LAZA NURSERY SCHOOL,,,,,,chewani,,40190094055,3
poll_station,bula_secondary_ecd,BULA SECONDARY ECD,,,,,,chewani,,40190094056,1
poll_station,dayate_nursery_school,DAYATE NURSERY SCHOOL,,,,,,wayu,,40190095057,2
poll_station,gururi_primary_school,GURURI PRIMARY SCHOOL,,,,,,wayu,,40190095058,1
poll_station,malka_dende_nursery_school,MALKA DENDE NURSERY SCHOOL,,,,,,wayu,,40190095059,1
poll_station,daba_primary_school,DABA PRIMARY SCHOOL,,,,,,wayu,,40190095060,1
poll_station,gofisa_village_centre,GOFISA VILLAGE CENTRE,,,,,,wayu,,40190095061,1
poll_station,kitole_dado_mobile_centre,KITOLE DADO MOBILE CENTRE,,,,,,wayu,,40190095062,1
poll_station,komoli_mobile_centre,KOMOLI MOBILE CENTRE,,,,,,wayu,,40190095063,1
poll_station,wayu_boru_primary_school,WAYU BORU PRIMARY SCHOOL,,,,,,wayu,,40190095064,1
poll_station,wayu_primary_school,WAYU PRIMARY SCHOOL,,,,,,wayu,,40190095065,1
poll_station,koticha_primary_school,KOTICHA PRIMARY SCHOOL,,,,,,wayu,,40190095066,1
poll_station,bakaye_mobile_centre,BAKAYE MOBILE CENTRE,,,,,,wayu,,40190095067,1
poll_station,moti_boka_centre_mobile,MOTI BOKA CENTRE (MOBILE),,,,,,wayu,,40190095068,1
poll_station,ongola_centre_mobile,ONGOLA CENTRE (MOBILE),,,,,,wayu,,40190095069,1
poll_station,titila_primary_school,TITILA PRIMARY SCHOOL,,,,,,wayu,,40190095070,1
poll_station,kurundu_centre_mobile,KURUNDU CENTRE (MOBILE),,,,,,wayu,,40190095071,1
poll_station,chifiri_primary_school,CHIFIRI PRIMARY SCHOOL,,,,,,wayu,,40190095072,1
poll_station,hakoka_primary_school,HAKOKA PRIMARY SCHOOL,,,,,,wayu,,40190095073,1
poll_station,kesi_nursery_school_mobile,KESI NURSERY SCHOOL (MOBILE),,,,,,wayu,,40190095074,1
poll_station,lakole_nursery_school,LAKOLE NURSERY SCHOOL,,,,,,wayu,,40190095075,1
poll_station,maro_wells_centre_mobile,MARO WELLS CENTRE (MOBILE),,,,,,wayu,,40190095076,1
poll_station,aboye_nursery_school_mobile,ABOYE NURSERY SCHOOL (MOBILE),,,,,,wayu,,40190095077,1
poll_station,waldena_primary_school,WALDENA PRIMARY SCHOOL,,,,,,wayu,,40190095078,2
poll_station,saware_nursery_school_mobile,SAWARE NURSERY SCHOOL (MOBILE),,,,,,wayu,,40190095079,1
poll_station,anabu_nursery_school_mobile,ANABU NURSERY SCHOOL (MOBILE),,,,,,wayu,,40190095080,1
poll_station,kone_kaliti_nursery_school_mobil,KONE KALITI NURSERY SCHOOL (MOBIL,,,,,,wayu,,40190095081,2
poll_station,bulto_mulitu_village,BULTO MULITU VILLAGE,,,,,,wayu,,40190095082,1
poll_station,el_wachu_nursery_school,EL WACHU NURSERY SCHOOL,,,,,,wayu,,40190095083,1
poll_station,mata_gala_ecd,MATA GALA ECD,,,,,,wayu,,40190095084,1
poll_station,chewele_primary_school,CHEWELE PRIMARY SCHOOL,,,,,,chewele,,40200096001,1
poll_station,shika_adabu_primary_school,SHIKA ADABU PRIMARY SCHOOL,,,,,,chewele,,40200096010,3
poll_station,bilbil_primary_school,BILBIL PRIMARY SCHOOL,,,,,,chewele,,40200096003,2
poll_station,ghamano_primary_school,GHAMANO PRIMARY SCHOOL,,,,,,chewele,,40200096004,1
poll_station,nanighi_primary_school,NANIGHI PRIMARY SCHOOL,,,,,,chewele,,40200096005,1
poll_station,jajabo_primary_school,JAJABO PRIMARY SCHOOL,,,,,,chewele,,40200096006,1
poll_station,bawama_nursery,BAWAMA NURSERY,,,,,,chewele,,40200096007,1
poll_station,subo_primary_school,SUBO PRIMARY SCHOOL,,,,,,chewele,,40200096008,1
poll_station,dukanotu_primary_school,DUKANOTU PRIMARY SCHOOL,,,,,,chewele,,40200096009,1
poll_station,wekoye_primary_school,WEKOYE PRIMARY SCHOOL,,,,,,chewele,,40200096010,3
poll_station,gelmad_centre_mobile,GELMAD CENTRE - MOBILE,,,,,,chewele,,40200096011,1
poll_station,wadesa_primary_school,WADESA PRIMARY SCHOOL,,,,,,chewele,,40200096012,1
poll_station,ngomeni_nursery_school,NGOMENI NURSERY SCHOOL,,,,,,chewele,,40200096013,1
poll_station,tune_primary_school,TUNE PRIMARY SCHOOL,,,,,,chewele,,40200096014,1
poll_station,shabaha_nursery_school,SHABAHA NURSERY SCHOOL,,,,,,chewele,,40200096015,1
poll_station,jaribu_mobile,JARIBU MOBILE,,,,,,chewele,,40200096016,1
poll_station,guyo_village,GUYO VILLAGE,,,,,,chewele,,40200096017,1
poll_station,matagala_primary_school,MATAGALA PRIMARY SCHOOL,,,,,,chewele,,40200096018,1
poll_station,komor_dukub_mobile,KOMOR DUKUB - MOBILE,,,,,,chewele,,40200096019,1
poll_station,darime_primary_school,DARIME PRIMARY SCHOOL,,,,,,chewele,,40200096020,1
poll_station,charidende_primary_school,CHARIDENDE PRIMARY SCHOOL,,,,,,chewele,,40200096021,1
poll_station,meti_primary_school,METI PRIMARY SCHOOL,,,,,,hirimani,,40200097022,1
poll_station,huruma_primary_school,HURUMA PRIMARY SCHOOL,,,,,,hirimani,,40200097023,3
poll_station,hirimani_secondary_school,HIRIMANI SECONDARY SCHOOL,,,,,,hirimani,,40200097024,2
poll_station,shirikisho_primary_school,SHIRIKISHO PRIMARY SCHOOL,,,,,,hirimani,,40200097043,1
poll_station,baraka_primary_school,BARAKA PRIMARY SCHOOL,,,,,,hirimani,,40200097010,1
poll_station,amani_primary_school,AMANI PRIMARY SCHOOL,,,,,,hirimani,,40200097021,1
poll_station,fahari_primary_school,FAHARI PRIMARY SCHOOL,,,,,,hirimani,,40200097017,1
poll_station,kaba_wells_mobile,KABA WELLS - MOBILE,,,,,,hirimani,,40200097029,1
poll_station,sabukia_primary_school,SABUKIA PRIMARY SCHOOL,,,,,,hirimani,,40200097030,1
poll_station,el_tutu_wells_mobile,EL TUTU WELLS - MOBILE,,,,,,hirimani,,40200097031,1
poll_station,walesorhea_primary_school,WALESORHEA PRIMARY SCHOOL,,,,,,hirimani,,40200097032,1
poll_station,hosingo_primary_school,HOSINGO PRIMARY SCHOOL,,,,,,hirimani,,40200097033,1
poll_station,bula_rig_primary_school,BULA RIG PRIMARY SCHOOL,,,,,,hirimani,,40200097034,2
poll_station,godia_primary_school,GODIA PRIMARY SCHOOL,,,,,,hirimani,,40200097035,2
poll_station,magura_primary_school,MAGURA PRIMARY SCHOOL,,,,,,hirimani,,40200097036,1
poll_station,makini_primary_school,MAKINI PRIMARY SCHOOL,,,,,,hirimani,,40200097037,1
poll_station,village_five_nursery_school,VILLAGE FIVE NURSERY SCHOOL,,,,,,hirimani,,40200097038,1
poll_station,shora_gafo_mobile,SHORA GAFO - MOBILE,,,,,,hirimani,,40200097039,1
poll_station,woles_tokocha_mobile,WOLES TOKOCHA - MOBILE,,,,,,hirimani,,40200097040,1
poll_station,kaniki_centre_mobile,KANIKI CENTRE - MOBILE,,,,,,hirimani,,40200097041,1
poll_station,fayya_technical_institute,FAYYA TECHNICAL INSTITUTE,,,,,,hirimani,,40200097042,2
poll_station,bangale_primary_school,BANGALE PRIMARY SCHOOL,,,,,,bangale,,40200098043,4
poll_station,miti_boma_centre_mobile,MITI BOMA CENTRE - MOBILE,,,,,,bangale,,40200098044,4
poll_station,tula_primary_school,TULA PRIMARY SCHOOL,,,,,,bangale,,40200098045,1
poll_station,el_rar_primary_school,EL RAR PRIMARY SCHOOL,,,,,,bangale,,40200098046,1
poll_station,kamaguru_primary_school,KAMAGURU PRIMARY SCHOOL,,,,,,bangale,,40200098047,1
poll_station,boka_primary_school,BOKA PRIMARY SCHOOL,,,,,,bangale,,40200098048,2
poll_station,yaqrit_centre,YAQRIT CENTRE,,,,,,bangale,,40200098049,2
poll_station,basahargesa_nursery_school,BASAHARGESA NURSERY SCHOOL,,,,,,bangale,,40200098050,1
poll_station,bultobanta_village,BULTOBANTA VILLAGE,,,,,,bangale,,40200098051,2
poll_station,kuriti_primary_school,KURITI PRIMARY SCHOOL,,,,,,bangale,,40200098052,2
poll_station,bangale_secondary_school,BANGALE SECONDARY SCHOOL,,,,,,bangale,,40200098053,1
poll_station,labile_primary_school,LABILE PRIMARY SCHOOL,,,,,,bangale,,40200098054,1
poll_station,maramtu_primary_school,MARAMTU PRIMARY SCHOOL,,,,,,sala,,40200099055,2
poll_station,abakik_village,ABAKIK VILLAGE,,,,,,sala,,40200099056,1
poll_station,mororo_madrasa,MORORO MADRASA,,,,,,sala,,40200099057,3
poll_station,anole_primary_school,ANOLE PRIMARY SCHOOL,,,,,,sala,,40200099058,1
poll_station,ziwani_nursery,ZIWANI NURSERY,,,,,,sala,,40200099059,1
poll_station,sala_primary_school,SALA PRIMARY SCHOOL,,,,,,sala,,40200099060,1
poll_station,hamaresa_village,HAMARESA VILLAGE,,,,,,sala,,40200099061,1
poll_station,sombo_primary_school,SOMBO PRIMARY SCHOOL,,,,,,sala,,40200099062,1
poll_station,gubatu_centre,GUBATU CENTRE,,,,,,sala,,40200099063,1
poll_station,bakuyu_nursery,BAKUYU NURSERY,,,,,,sala,,40200099064,1
poll_station,hatata_primary_school,HATATA PRIMARY SCHOOL,,,,,,sala,,40200099065,3
poll_station,taleo_nursery_school,TALEO NURSERY SCHOOL,,,,,,sala,,40200099066,1
poll_station,kaabso_village,KAABSO VILLAGE,,,,,,sala,,40200099067,2
poll_station,ziwani_vango_primary,ZIWANI VANGO PRIMARY,,,,,,sala,,40200099068,2
poll_station,diid_village_dam,DIID VILLAGE DAM,,,,,,sala,,40200099069,2
poll_station,kaba_village,KABA VILLAGE,,,,,,madogo,,40200100070,1
poll_station,pamba_nursery_school,PAMBA NURSERY SCHOOL,,,,,,madogo,,40200100071,1
poll_station,asako_primary_school,ASAKO PRIMARY SCHOOL,,,,,,madogo,,40200100072,1
poll_station,ruko_primary_school,RUKO PRIMARY SCHOOL,,,,,,madogo,,40200100073,1
poll_station,korati_primary_school,KORATI PRIMARY SCHOOL,,,,,,madogo,,40200100074,1
poll_station,malka_mansa_primary_school,MALKA MANSA PRIMARY SCHOOL,,,,,,madogo,,40200100075,1
poll_station,mulanjo_primary_school,MULANJO PRIMARY SCHOOL,,,,,,madogo,,40200100076,1
poll_station,konoramadha_primary_school,KONORAMADHA PRIMARY SCHOOL,,,,,,madogo,,40200100077,1
poll_station,lag_badana_nursery_school,LAG BADANA NURSERY SCHOOL,,,,,,madogo,,40200100078,1
poll_station,mororo_primary_school,MORORO PRIMARY SCHOOL,,,,,,madogo,,40200100079,3
poll_station,adele_primary_school,ADELE PRIMARY SCHOOL,,,,,,madogo,,40200100080,3
poll_station,bara_nursery_school,BARA NURSERY SCHOOL,,,,,,madogo,,40200100081,1
poll_station,butuma_nursery,BUTUMA NURSERY,,,,,,madogo,,40200100082,1
poll_station,maderte_centre,MADERTE CENTRE,,,,,,madogo,,40200100083,1
poll_station,boji_nursery,BOJI NURSERY,,,,,,madogo,,40200100084,2
poll_station,baraka_village,BARAKA VILLAGE,,,,,,madogo,,40200100014,1
poll_station,madogo_secondari_school,MADOGO SECONDARI SCHOOL,,,,,,madogo,,40200100086,2
poll_station,faza_primary_school,FAZA PRIMARY SCHOOL,,,,,,faza,,50210101001,2
poll_station,kizingitini_girls_primary_school,KIZINGITINI GIRLS PRIMARY SCHOOL,,,,,,faza,,50210101002,3
poll_station,kizingitini_dispensary,KIZINGITINI DISPENSARY,,,,,,faza,,50210101003,2
poll_station,mbwajumwali_primary_school,MBWAJUMWALI PRIMARY SCHOOL,,,,,,faza,,50210101004,2
poll_station,tchundwa_primary_school,TCHUNDWA PRIMARY SCHOOL,,,,,,faza,,50210101005,2
poll_station,siyu_primary_school,SIYU PRIMARY SCHOOL,,,,,,faza,,50210101006,2
poll_station,shangarubu_social_hall,SHANGARUBU SOCIAL HALL,,,,,,faza,,50210101007,1
poll_station,shanga_ishakani_nursery_school,SHANGA ISHAKANI NURSERY SCHOOL,,,,,,faza,,50210101008,1
poll_station,patte_dispensary,PATTE DISPENSARY,,,,,,faza,,50210101009,2
poll_station,mtangawanda_primary_school,MTANGAWANDA PRIMARY SCHOOL,,,,,,faza,,50210101010,1
poll_station,bori_centre_mobile,BORI CENTRE MOBILE,,,,,,faza,,50210101011,1
poll_station,myabogi_primary_school,MYABOGI PRIMARY SCHOOL,,,,,,faza,,50210101012,1
poll_station,kizingitini_secondary_school,KIZINGITINI SECONDARY SCHOOL,,,,,,faza,,50210101013,3
poll_station,mwangala_centre,MWANGALA CENTRE,,,,,,faza,,50210101014,1
poll_station,rasini_girls_primary_school,RASINI GIRLS PRIMARY SCHOOL,,,,,,faza,,50210101015,2
poll_station,faza_boys_nursery_school,FAZA BOYS NURSERY SCHOOL,,,,,,faza,,50210101016,2
poll_station,siyu_social_hall,SIYU SOCIAL HALL,,,,,,faza,,50210101017,1
poll_station,patte_primary_school,PATTE PRIMARY SCHOOL,,,,,,faza,,50210101018,2
poll_station,mbwajumwali_nursery_school,MBWAJUMWALI NURSERY SCHOOL,,,,,,faza,,50210101019,1
poll_station,madrasatul_haniffiyahndau,MADRASATUL HANIFFIYAH-NDAU,,,,,,kiunga,,50210102020,1
poll_station,ishakani_primaryschool,ISHAKANI PRIMARYSCHOOL,,,,,,kiunga,,50210102021,1
poll_station,kiunga_primary_school,KIUNGA PRIMARY SCHOOL,,,,,,kiunga,,50210102022,2
poll_station,mambore_centre,MAMBORE CENTRE,,,,,,kiunga,,50210102023,1
poll_station,mkokoni_primary_school,MKOKONI PRIMARY SCHOOL,,,,,,kiunga,,50210102047,1
poll_station,ndau_primary_school,NDAU PRIMARY SCHOOL,,,,,,kiunga,,50210102025,2
poll_station,kiwayuu_primary_school,KIWAYUU PRIMARY SCHOOL,,,,,,kiunga,,50210102026,1
poll_station,chandani_primary_school,CHANDANI PRIMARY SCHOOL,,,,,,kiunga,,50210102027,1
poll_station,rubu_centre,RUBU CENTRE,,,,,,kiunga,,50210102028,1
poll_station,milimani_primary_school,MILIMANI PRIMARY SCHOOL,,,,,,basuba,,50210103066,1
poll_station,kiangwe_primary_school,KIANGWE PRIMARY SCHOOL,,,,,,basuba,,50210103030,1
poll_station,mangai_primaryschool,MANGAI PRIMARYSCHOOL,,,,,,basuba,,50210103031,1
poll_station,basuba_primary_school,BASUBA PRIMARY SCHOOL,,,,,,basuba,,50210103032,1
poll_station,mararani_primary_school,MARARANI PRIMARY SCHOOL,,,,,,basuba,,50210103033,1
poll_station,manda_primary_school,MANDA PRIMARY SCHOOL,,,,,,shella,,50220104057,1
poll_station,shella_primary_school,SHELLA PRIMARY SCHOOL,,,,,,shella,,50220104002,4
poll_station,amu_fisheries,AMU FISHERIES,,,,,,shella,,50220104003,2
poll_station,manda_yawi_nursery_school,MANDA YAWI NURSERY SCHOOL.,,,,,,shella,,50220104004,1
poll_station,mararani_village,MARARANI VILLAGE,,,,,,shella,,50220104005,1
poll_station,lamu_county_assembly_hall,LAMU COUNTY ASSEMBLY HALL,,,,,,mkomani,,50220105006,3
poll_station,lamu_fort_hall,LAMU FORT HALL,,,,,,mkomani,,50220105007,5
poll_station,matondoni_primary_school,MATONDONI PRIMARY SCHOOL,,,,,,mkomani,,50220105008,1
poll_station,kipungani_primary_school,KIPUNGANI PRIMARY SCHOOL,,,,,,mkomani,,50220105009,1
poll_station,lamu_boys_primary_school,LAMU BOYS' PRIMARY SCHOOL,,,,,,mkomani,,50220105010,3
poll_station,lamu_boys_secondary_school,LAMU BOYS' SECONDARY SCHOOL,,,,,,mkomani,,50220105011,1
poll_station,lamu_girls_secondary_school,LAMU GIRLS' SECONDARY SCHOOL,,,,,,mkomani,,50220105012,2
poll_station,wiyoni_primary_school,WIYONI PRIMARY SCHOOL,,,,,,mkomani,,50220105013,1
poll_station,mkomani_girls_primary_school,MKOMANI GIRLS' PRIMARY SCHOOL,,,,,,mkomani,,50220105014,2
poll_station,kandahari_playground,KANDAHARI PLAYGROUND,,,,,,mkomani,,50220105015,1
poll_station,matondoni_dispensary,MATONDONI DISPENSARY,,,,,,mkomani,,50220105016,2
poll_station,ama_primary_school,AMA PRIMARY SCHOOL,,,,,,mkomani,,50220105017,1
poll_station,lamu_youth_polytechnic,LAMU YOUTH POLYTECHNIC,,,,,,mkomani,,50220105018,1
poll_station,baragoni_primary_school,BARAGONI PRIMARY SCHOOL,,,,,,hindi,,50220106019,1
poll_station,hindi_primary_school,HINDI PRIMARY SCHOOL,,,,,,hindi,,50220106020,3
poll_station,ndeu_primary_school,NDEU PRIMARY SCHOOL,,,,,,hindi,,50220106021,1
poll_station,mokowe_primary_school,MOKOWE PRIMARY SCHOOL,,,,,,hindi,,50220106022,3
poll_station,arid_zone_primary_school,ARID ZONE PRIMARY SCHOOL,,,,,,hindi,,50220106023,1
poll_station,kauthara_primary_school,KAUTHARA PRIMARY SCHOOL,,,,,,hindi,,50220106024,1
poll_station,mngiini_centre,MNGIINI CENTRE,,,,,,hindi,,50220106025,1
poll_station,ndununi_mswakini_village,NDUNUNI/MSWAKINI VILLAGE,,,,,,hindi,,50220106026,1
poll_station,safirisi_nursery_school,SAFIRISI NURSERY SCHOOL,,,,,,hindi,,50220106027,1
poll_station,kibiboni_primary_school,KIBIBONI PRIMARY SCHOOL,,,,,,hindi,,50220106028,1
poll_station,kililana_nursery_school,KILILANA NURSERY SCHOOL.,,,,,,hindi,,50220106029,1
poll_station,mkunguni_nursery_school,MKUNGUNI NURSERY SCHOOL,,,,,,hindi,,50220106105,1
poll_station,kilimani_nursery_school,KILIMANI NURSERY SCHOOL.,,,,,,hindi,,50220106031,1
poll_station,bora_imani_nursery_school,BORA IMANI NURSERY SCHOOL,,,,,,hindi,,50220106032,1
poll_station,bobo_primary_school,BOBO PRIMARY SCHOOL,,,,,,hindi,,50220106033,1
poll_station,hindi_dispensary,HINDI DISPENSARY,,,,,,hindi,,50220106034,1
poll_station,ungu_primary_school,UNGU PRIMARY SCHOOL,,,,,,hindi,,50220106035,1
poll_station,mapenya_primary_school,MAPENYA PRIMARY SCHOOL,,,,,,mkunumbi,,50220107036,2
poll_station,uziwa_primary_school,UZIWA PRIMARY SCHOOL,,,,,,mkunumbi,,50220107037,2
poll_station,uzida_primary_bschool,UZIDA PRIMARY BSCHOOL,,,,,,mkunumbi,,50220107038,1
poll_station,mkunumbi_primary_school,MKUNUMBI PRIMARY SCHOOL,,,,,,mkunumbi,,50220107039,2
poll_station,ndambwe_primary_school,NDAMBWE PRIMARY SCHOOL,,,,,,mkunumbi,,50220107040,1
poll_station,muhamarani_primary_school,MUHAMARANI PRIMARY SCHOOL,,,,,,mkunumbi,,50220107041,1
poll_station,koreni_primary_school,KORENI PRIMARY SCHOOL,,,,,,mkunumbi,,50220107042,1
poll_station,kangaja_primary_school,KANGAJA PRIMARY SCHOOL,,,,,,mkunumbi,,50220107043,1
poll_station,majembeni_primary_school,MAJEMBENI PRIMARY SCHOOL,,,,,,mkunumbi,,50220107044,2
poll_station,mangu_primary_school,MANG'U PRIMARY SCHOOL,,,,,,mkunumbi,,50220107045,1
poll_station,muhamarani_dispensary,MUHAMARANI DISPENSARY,,,,,,mkunumbi,,50220107046,2
poll_station,mikinduni_primary_school,MIKINDUNI PRIMARY SCHOOL,,,,,,mkunumbi,,50220107025,2
poll_station,juhudi_marafa_nursery_school,JUHUDI/MARAFA NURSERY SCHOOL,,,,,,mkunumbi,,50220107048,2
poll_station,poromoko_primary_school,POROMOKO PRIMARY SCHOOL,,,,,,mkunumbi,,50220107049,1
poll_station,pangani_primary_school,PANGANI PRIMARY SCHOOL,,,,,,mkunumbi,,50220107050,1
poll_station,salama_primary_school,SALAMA PRIMARY SCHOOL,,,,,,mkunumbi,,50220107051,1
poll_station,manyatta_primary_school,MANYATTA PRIMARY SCHOOL,,,,,,mkunumbi,,50220107052,1
poll_station,telelani_primary_schol,TELELANI PRIMARY SCHOL,,,,,,mkunumbi,,50220107053,1
poll_station,bomani_primary_school,BOMANI PRIMARY SCHOOL,,,,,,hongwe,,50220108013,2
poll_station,mugumoini_primary_school,MUGUMOINI PRIMARY SCHOOL,,,,,,hongwe,,50220108055,1
poll_station,hongwe_primary_school,HONGWE PRIMARY SCHOOL,,,,,,hongwe,,50220108056,2
poll_station,mini_valley_primary_school,MINI VALLEY PRIMARY SCHOOL,,,,,,hongwe,,50220108057,2
poll_station,sese_primary_school,SESE PRIMARY SCHOOL,,,,,,hongwe,,50220108058,1
poll_station,msefuni_primary_school,MSEFUNI PRIMARY SCHOOL,,,,,,hongwe,,50220108059,1
poll_station,heshima_primary_school,HESHIMA PRIMARY SCHOOL,,,,,,hongwe,,50220108060,1
poll_station,sinambio_primary_school,SINAMBIO PRIMARY SCHOOL,,,,,,hongwe,,50220108061,2
poll_station,jericho_primary_school,JERICHO PRIMARY SCHOOL,,,,,,hongwe,,50220108062,1
poll_station,maisha_masha_primary_school,MAISHA MASHA PRIMARY SCHOOL,,,,,,witu,,50220109063,2
poll_station,katsaka_kairu_primary_school,KATSAKA KAIRU PRIMARY SCHOOL,,,,,,witu,,50220109064,1
poll_station,moa_primary_school,MOA PRIMARY SCHOOL,,,,,,witu,,50220109065,1
poll_station,chalaluma_primaryschool,CHALALUMA PRIMARY.SCHOOL,,,,,,witu,,50220109066,1
poll_station,dide_waride_primary_school,DIDE WARIDE PRIMARY SCHOOL,,,,,,witu,,50220109067,2
poll_station,pandanguo_primary_school,PANDANGUO PRIMARY SCHOOL,,,,,,witu,,50220109068,1
poll_station,witu_primary_school,WITU PRIMARY SCHOOL,,,,,,witu,,50220109069,4
poll_station,boko_primary_school,BOKO PRIMARY SCHOOL,,,,,,witu,,50220109070,1
poll_station,vipingoni_primary_school,VIPINGONI PRIMARY SCHOOL,,,,,,witu,,50220109071,1
poll_station,soroko_primary_school,SOROKO PRIMARY SCHOOL,,,,,,witu,,50220109072,1
poll_station,lingamano_nursery_school,LINGAMANO NURSERY SCHOOL,,,,,,witu,,50220109073,1
poll_station,witu_secondary_school,WITU SECONDARY SCHOOL,,,,,,witu,,50220109074,1
poll_station,sendemke_primary_school,SENDEMKE PRIMARY SCHOOL,,,,,,witu,,50220109075,1
poll_station,witu_mjini_secondary,WITU MJINI SECONDARY.,,,,,,witu,,50220109076,2
poll_station,rehema_primary_school,REHEMA PRIMARY SCHOOL,,,,,,witu,,50220109077,1
poll_station,jipendeni_primary_school,JIPENDENI PRIMARY SCHOOL,,,,,,witu,,50220109078,1
poll_station,amkeni_primary_school,AMKENI PRIMARY SCHOOL,,,,,,witu,,50220109011,1
poll_station,coast_arid_secondary_school,COAST ARID SECONDARY SCHOOL,,,,,,witu,,50220109080,1
poll_station,maleli_primary_school,MALELI PRIMARY SCHOOL,,,,,,witu,,50220109081,1
poll_station,kakathe_primary_school,KAKATHE PRIMARY SCHOOL,,,,,,witu,,50220109082,1
poll_station,bahari_primary_school,BAHARI PRIMARY SCHOOL,,,,,,bahari,,50220110004,2
poll_station,lake_amu_primary_school,LAKE AMU PRIMARY SCHOOL,,,,,,bahari,,50220110084,1
poll_station,swabaha_primary_school,SWABAHA PRIMARY SCHOOL,,,,,,bahari,,50220110085,1
poll_station,tewe_primary_school,TEWE PRIMARY SCHOOL,,,,,,bahari,,50220110086,1
poll_station,ngoi_primary_school,NGOI PRIMARY SCHOOL,,,,,,bahari,,50220110087,1
poll_station,lake_kenyatta_primary_school,LAKE KENYATTA PRIMARY SCHOOL,,,,,,bahari,,50220110088,5
poll_station,kiongwe_primary_school,KIONGWE PRIMARY SCHOOL,,,,,,bahari,,50220110089,2
poll_station,umoja_primary_school,UMOJA PRIMARY SCHOOL,,,,,,bahari,,50220110007,1
poll_station,lakeside_primary_school,LAKESIDE PRIMARY SCHOOL,,,,,,bahari,,50220110091,1
poll_station,zikomani_primary_school,ZIKOMANI PRIMARY SCHOOL,,,,,,bahari,,50220110092,1
poll_station,bahati_primary_school,BAHATI PRIMARY SCHOOL,,,,,,bahari,,50220110009,1
poll_station,kilimani_primary_school,KILIMANI PRIMARY SCHOOL,,,,,,bahari,,50220110094,1
poll_station,lake_kenyatta_atc,LAKE KENYATTA ATC,,,,,,bahari,,50220110095,1
poll_station,ziwani_primary_school,ZIWANI PRIMARY SCHOOL,,,,,,bahari,,50220110010,1
poll_station,muungano_primary_school,MUUNGANO PRIMARY SCHOOL,,,,,,bahari,,50220110072,1
poll_station,oceanview_primaryschool,OCEANVIEW PRIMARYSCHOOL,,,,,,bahari,,50220110098,1
poll_station,mpeketoni_youth_polytechnic,MPEKETONI YOUTH POLYTECHNIC,,,,,,bahari,,50220110099,2
poll_station,mlei_nursery_school,MLEI NURSERY SCHOOL,,,,,,bahari,,50220110100,1
poll_station,chala_primary_school,CHALA PRIMARY SCHOOL,,,,,,chala,,60230111001,2
poll_station,ziwani_primary_school,ZIWANI PRIMARY SCHOOL,,,,,,chala,,60230111010,3
poll_station,mahandakini_primary_school,MAHANDAKINI PRIMARY SCHOOL,,,,,,chala,,60230111003,2
poll_station,kidong_u_primary_school,KIDONG U PRIMARY SCHOOL,,,,,,chala,,60230111004,1
poll_station,lumi_primary_school,LUMI PRIMARY SCHOOL,,,,,,chala,,60230111005,1
poll_station,njukini_primary_school,NJUKINI PRIMARY SCHOOL,,,,,,chala,,60230111006,3
poll_station,chokaa_primary_school,CHOKAA PRIMARY SCHOOL,,,,,,chala,,60230111007,2
poll_station,st_joseph_kivukoni_primary_schoo,ST. JOSEPH KIVUKONI PRIMARY SCHOO,,,,,,chala,,60230111008,1
poll_station,kikwasuni_nursery_school,KIKWASUNI NURSERY SCHOOL,,,,,,chala,,60230111009,1
poll_station,ulawani_nursery_school,ULAWANI NURSERY SCHOOL,,,,,,chala,,60230111010,3
poll_station,majengo_nursery_school,MAJENGO NURSERY SCHOOL,,,,,,chala,,60230111010,3
poll_station,uthiani_nursery_school,UTHIANI NURSERY SCHOOL,,,,,,chala,,60230111012,1
poll_station,chala_chini_nursery_school,CHALA CHINI NURSERY SCHOOL,,,,,,chala,,60230111013,1
poll_station,sir_ramson_ecd,SIR RAMSON ECD,,,,,,chala,,60230111014,1
poll_station,olepolos_ecd,OLEPOLOS ECD,,,,,,chala,,60230111015,1
poll_station,kremeri_nursery_school,KREMERI NURSERY SCHOOL,,,,,,mahoo,,60230112016,1
poll_station,timbila_primary_school,TIMBILA PRIMARY SCHOOL,,,,,,mahoo,,60230112017,1
poll_station,malkiloriti_primary_school,MALKILORITI PRIMARY SCHOOL,,,,,,mahoo,,60230112018,1
poll_station,lesessia_primary_school,LESESSIA PRIMARY SCHOOL,,,,,,mahoo,,60230112019,2
poll_station,nakruto_primary_school,NAKRUTO PRIMARY SCHOOL,,,,,,mahoo,,60230112020,1
poll_station,ministry_of_youth_and_sports,MINISTRY OF YOUTH AND SPORTS,,,,,,mahoo,,60230112021,2
poll_station,luidimo_nursery_school,LUIDIMO NURSERY SCHOOL.,,,,,,mahoo,,60230112022,1
poll_station,mahoo_primary_school,MAHOO PRIMARY SCHOOL,,,,,,mahoo,,60230112023,2
poll_station,danida_social_hall,DANIDA SOCIAL HALL.,,,,,,mahoo,,60230112024,1
poll_station,msengoni_nursery_school,MSENGONI NURSERY SCHOOL,,,,,,mahoo,,60230112025,1
poll_station,taveta_slaughter_house,TAVETA SLAUGHTER HOUSE,,,,,,mahoo,,60230112026,1
poll_station,sowene_primary_school,SOWENE PRIMARY SCHOOL.,,,,,,bomani,,60230113027,5
poll_station,taveta_railyways_nursery_school,TAVETA RAILYWAYS NURSERY SCHOOL.,,,,,,bomani,,60230113028,3
poll_station,taveta_primary_school,TAVETA PRIMARY SCHOOL.,,,,,,bomani,,60230113029,2
poll_station,st_peters_nursery_school,ST. PETERS NURSERY SCHOOL,,,,,,bomani,,60230113030,1
poll_station,bustani_nursery_school,BUSTANI NURSERY SCHOOL.,,,,,,bomani,,60230113031,3
poll_station,njoro_primary_school,NJORO PRIMARY SCHOOL.,,,,,,bomani,,60230113032,2
poll_station,msheghesheni_nursery_school,MSHEGHESHENI NURSERY SCHOOL.,,,,,,bomani,,60230113033,2
poll_station,kitobo_primary_school,KITOBO PRIMARY SCHOOL.,,,,,,mboghoni,,60230114034,2
poll_station,mrabani_primary_school,MRABANI PRIMARY SCHOOL.,,,,,,mboghoni,,60230114035,1
poll_station,madarasani_primary_school,MADARASANI PRIMARY SCHOOL.,,,,,,mboghoni,,60230114036,2
poll_station,riata_primary_school,RIATA PRIMARY SCHOOL.,,,,,,mboghoni,,60230114037,2
poll_station,mokine_nursery_school,MOKINE NURSERY SCHOOL,,,,,,mboghoni,,60230114038,1
poll_station,riatandogo_nursery_school,RIATA-NDOGO NURSERY SCHOOL,,,,,,mboghoni,,60230114039,1
poll_station,kisimani_nursery_school,KISIMANI NURSERY SCHOOL,,,,,,mboghoni,,60230114040,2
poll_station,kiwalwa_primary_school,KIWALWA PRIMARY SCHOOL.,,,,,,mboghoni,,60230114041,2
poll_station,abori_primary_school,ABORI PRIMARY SCHOOL.,,,,,,mboghoni,,60230114042,1
poll_station,lambo_nursery_school,LAMBO NURSERY SCHOOL.,,,,,,mboghoni,,60230114043,1
poll_station,marodo_nursery_school,MARODO NURSERY SCHOOL.,,,,,,mboghoni,,60230114044,1
poll_station,lotima_primary_school,LOTIMA PRIMARY SCHOOL.,,,,,,mboghoni,,60230114045,1
poll_station,kitoghoto_nursery_school,KITOGHOTO NURSERY SCHOOL.,,,,,,mboghoni,,60230114046,1
poll_station,eldoro_social_hall,ELDORO SOCIAL HALL.,,,,,,mboghoni,,60230114047,1
poll_station,patani_hill_nursery_school,PATANI HILL NURSERY SCHOOL.,,,,,,mboghoni,,60230114048,1
poll_station,milimani_ecd,MILIMANI ECD,,,,,,mboghoni,,60230114049,1
poll_station,mwangaza_nursery_school,MWANGAZA NURSERY SCHOOL.,,,,,,mata,,60230115050,1
poll_station,st_patrick_kimala_primary_school,ST. PATRICK KIMALA PRIMARY SCHOOL,,,,,,mata,,60230115051,2
poll_station,rekeke_primary_school,REKEKE PRIMARY SCHOOL.,,,,,,mata,,60230115052,2
poll_station,jipe_primary_school,JIPE PRIMARY SCHOOL.,,,,,,mata,,60230115053,1
poll_station,mata_primary_school,MATA PRIMARY SCHOOL,,,,,,mata,,60230115054,1
poll_station,mwangeni_nursery_school,MWANGENI NURSERY SCHOOL,,,,,,mata,,60230115055,1
poll_station,orukung_u_primary_school,ORUKUNG U PRIMARY SCHOOL,,,,,,mata,,60230115056,1
poll_station,kasaani_nursery_school,KASAANI NURSERY SCHOOL.,,,,,,mata,,60230115057,1
poll_station,grogan_nursery_school,GROGAN NURSERY SCHOOL.,,,,,,mata,,60230115058,1
poll_station,salaita_nursery_school,SALAITA NURSERY SCHOOL.,,,,,,mata,,60230115059,1
poll_station,njoro_nursery_school,NJORO NURSERY SCHOOL.,,,,,,mata,,60230115060,1
poll_station,kimondia_ecd,KIMONDIA ECD,,,,,,mata,,60230115061,1
poll_station,ndilidau_ecd,NDILIDAU ECD,,,,,,mata,,60230115062,1
poll_station,pjmwangola_secondary_school,P.J.MWANGOLA SECONDARY SCHOOL,,,,,,wundanyi_mbale,,60240116001,1
poll_station,ngilinyi_primary_school,NGILINYI PRIMARY SCHOOL,,,,,,wundanyi_mbale,,60240116002,1
poll_station,kidule_primary_school,KIDULE PRIMARY SCHOOL,,,,,,wundanyi_mbale,,60240116003,1
poll_station,mlechi_primary_school,MLECHI PRIMARY SCHOOL,,,,,,wundanyi_mbale,,60240116004,1
poll_station,fighinyi_primary_school,FIGHINYI PRIMARY SCHOOL,,,,,,wundanyi_mbale,,60240116005,1
poll_station,maynard_primary_school,MAYNARD PRIMARY SCHOOL,,,,,,wundanyi_mbale,,60240116006,1
poll_station,sungululu_primary_school,SUNGULULU PRIMARY SCHOOL,,,,,,wundanyi_mbale,,60240116007,1
poll_station,shigharo_primary_school,SHIGHARO PRIMARY SCHOOL,,,,,,wundanyi_mbale,,60240116008,1
poll_station,sirienyi_primary_school,SIRIENYI PRIMARY SCHOOL,,,,,,wundanyi_mbale,,60240116009,1
poll_station,dr_aggrey_high_school,DR. AGGREY HIGH SCHOOL,,,,,,wundanyi_mbale,,60240116010,1
poll_station,wesu_nursery_school,WESU NURSERY SCHOOL,,,,,,wundanyi_mbale,,60240116011,2
poll_station,nguraru_primary_school,NGURARU PRIMARY SCHOOL,,,,,,wundanyi_mbale,,60240116012,3
poll_station,mbauro_primary_school,MBAURO PRIMARY SCHOOL,,,,,,wundanyi_mbale,,60240116013,3
poll_station,choke_primary_school,CHOKE PRIMARY SCHOOL,,,,,,wundanyi_mbale,,60240116014,1
poll_station,mwanguwi_trading_center,MWANGUWI TRADING CENTER,,,,,,wundanyi_mbale,,60240116015,1
poll_station,ngonda_prmary_school,NG'ONDA PRMARY SCHOOL,,,,,,wundanyi_mbale,,60240116016,1
poll_station,chome_primary_school,CHOME PRIMARY SCHOOL,,,,,,wundanyi_mbale,,60240116017,1
poll_station,kiwinda_secondary_school,KIWINDA SECONDARY SCHOOL,,,,,,wundanyi_mbale,,60240116018,1
poll_station,mlawa_primary_school,MLAWA PRIMARY SCHOOL,,,,,,wundanyi_mbale,,60240116019,2
poll_station,mbale_health_center,MBALE HEALTH CENTER,,,,,,wundanyi_mbale,,60240116020,1
poll_station,nyambu_primary_school,NYAMBU PRIMARY SCHOOL,,,,,,wundanyi_mbale,,60240116021,1
poll_station,werugha_primary_school,WERUGHA PRIMARY SCHOOL,,,,,,werugha,,60240117022,3
poll_station,msangarinyi_primary_school,MSANGARINYI PRIMARY SCHOOL,,,,,,werugha,,60240117023,1
poll_station,marumange_nursery_school,MARUMANGE NURSERY SCHOOL,,,,,,werugha,,60240117024,2
poll_station,saghasa_multi_purpose_hall,SAGHASA MULTI PURPOSE HALL,,,,,,werugha,,60240117025,2
poll_station,sangenyi_primary_school,SANGENYI PRIMARY SCHOOL,,,,,,werugha,,60240117026,1
poll_station,mwakuro_nursery_school,MWAKURO NURSERY SCHOOL,,,,,,werugha,,60240117027,2
poll_station,mwakishimba_primary_school,MWAKISHIMBA PRIMARY SCHOOL,,,,,,werugha,,60240117028,1
poll_station,ngulukiweto_primary_school,NGULU-KIWETO PRIMARY SCHOOL,,,,,,werugha,,60240117029,1
poll_station,mdundonyi_primary_school,MDUNDONYI PRIMARY SCHOOL,,,,,,werugha,,60240117030,1
poll_station,kishushe_primary_school,KISHUSHE PRIMARY SCHOOL,,,,,,wumingu_kishushe,,60240118031,2
poll_station,ngongodinyi_primary_school,NGONGODINYI PRIMARY SCHOOL,,,,,,wumingu_kishushe,,60240118032,1
poll_station,paranga_primary_school,PARANGA PRIMARY SCHOOL,,,,,,wumingu_kishushe,,60240118033,1
poll_station,nyache_primary_school,NYACHE PRIMARY SCHOOL,,,,,,wumingu_kishushe,,60240118034,2
poll_station,shagha_primary_school,SHAGHA PRIMARY SCHOOL,,,,,,wumingu_kishushe,,60240118035,1
poll_station,mwanyalo_primary_school,MWANYALO PRIMARY SCHOOL,,,,,,wumingu_kishushe,,60240118036,1
poll_station,mgambonyi_primary_school,MGAMBONYI PRIMARY SCHOOL,,,,,,wumingu_kishushe,,60240118037,3
poll_station,wumingu_primary_school,WUMINGU PRIMARY SCHOOL,,,,,,wumingu_kishushe,,60240118038,1
poll_station,kitumbi_primary_school,KITUMBI PRIMARY SCHOOL,,,,,,wumingu_kishushe,,60240118039,1
poll_station,maghimbinyi_primary_school,MAGHIMBINYI PRIMARY SCHOOL,,,,,,wumingu_kishushe,,60240118040,1
poll_station,mlilo_primary_school,MLILO PRIMARY SCHOOL,,,,,,wumingu_kishushe,,60240118041,1
poll_station,ngolia_primary_school,NGOLIA PRIMARY SCHOOL,,,,,,wumingu_kishushe,,60240118042,1
poll_station,kimangachughu_primary_school,KIMANGACHUGHU PRIMARY SCHOOL,,,,,,wumingu_kishushe,,60240118043,1
poll_station,daku_primary_school,DAKU PRIMARY SCHOOL,,,,,,wumingu_kishushe,,60240118037,3
poll_station,paranga_dispensary,PARANGA DISPENSARY,,,,,,wumingu_kishushe,,60240118045,1
poll_station,mwakilemba_nursery_school,MWAKILEMBA NURSERY SCHOOL,,,,,,wumingu_kishushe,,60240118046,1
poll_station,mgange_community_based_organ,MGANGE COMMUNITY BASED ORGAN,,,,,,mwanda_mgange,,60240119047,2
poll_station,mwaroko_primary_school,MWAROKO PRIMARY SCHOOL,,,,,,mwanda_mgange,,60240119048,1
poll_station,lushangonyi_primary_school,LUSHANGONYI PRIMARY SCHOOL,,,,,,mwanda_mgange,,60240119049,1
poll_station,mwakiwiwi_secondary_school,MWAKIWIWI SECONDARY SCHOOL,,,,,,mwanda_mgange,,60240119050,2
poll_station,mwangea_primary_school,MWANGEA PRIMARY SCHOOL,,,,,,mwanda_mgange,,60240119121,1
poll_station,mlamba_primary_school,MLAMBA PRIMARY SCHOOL,,,,,,mwanda_mgange,,60240119052,1
poll_station,mwanda_primary_school,MWANDA PRIMARY SCHOOL,,,,,,mwanda_mgange,,60240119147,1
poll_station,st_peters_funju_primary_school,ST. PETER'S FUNJU PRIMARY SCHOOL,,,,,,mwanda_mgange,,60240119054,1
poll_station,ndumbinyi_primary_school,NDUMBINYI PRIMARY SCHOOL,,,,,,mwanda_mgange,,60240119055,1
poll_station,vuria_primary_school,VURIA PRIMARY SCHOOL,,,,,,mwanda_mgange,,60240119056,1
poll_station,mchungunyi_trading_center,MCHUNGUNYI TRADING CENTER,,,,,,mwanda_mgange,,60240119057,1
poll_station,st_marys_high_school,ST. MARYS HIGH SCHOOL,,,,,,mwanda_mgange,,60240119058,1
poll_station,st_johns_primary_school,ST. JOHNS PRIMARY SCHOOL,,,,,,mwanda_mgange,,60240119059,1
poll_station,mlambenyi_dispensary,MLAMBENYI DISPENSARY,,,,,,mwanda_mgange,,60240119060,1
poll_station,marungu_trading_center,MARUNGU TRADING CENTER,,,,,,mwanda_mgange,,60240119061,1
poll_station,mgwala_trading_center,MGWALA TRADING CENTER,,,,,,mwanda_mgange,,60240119062,1
poll_station,mwakinyungu_primary,MWAKINYUNGU PRIMARY,,,,,,ronge,,60250120001,1
poll_station,fighinyi_social_hall,FIGHINYI SOCIAL HALL,,,,,,ronge,,60250120002,1
poll_station,kighombo_primary,KIGHOMBO PRIMARY,,,,,,ronge,,60250120003,1
poll_station,kironge_primary,KIRONGE PRIMARY,,,,,,ronge,,60250120004,1
poll_station,shelemba_primary,SHELEMBA PRIMARY,,,,,,ronge,,60250120005,1
poll_station,mwakaleri_primary,MWAKALERI PRIMARY,,,,,,ronge,,60250120006,1
poll_station,kishau_primary,KISHAU PRIMARY,,,,,,ronge,,60250120007,1
poll_station,kighononyi_primary,KIGHONONYI PRIMARY,,,,,,ronge,,60250120008,1
poll_station,baghau_primary,BAGHAU PRIMARY,,,,,,ronge,,60250120009,1
poll_station,ronge_primary,RONG'E PRIMARY,,,,,,ronge,,60250120010,1
poll_station,mrabenyi_primary,MRABENYI PRIMARY,,,,,,ronge,,60250120011,1
poll_station,mariwenyi_primary,MARIWENYI PRIMARY,,,,,,ronge,,60250120012,1
poll_station,mwambota_pri,MWAMBOTA PRI,,,,,,ronge,,60250120013,1
poll_station,mrungua_market,MRUNGUA MARKET,,,,,,ronge,,60250120014,1
poll_station,rahai_primary,RAHAI PRIMARY,,,,,,ronge,,60250120015,1
poll_station,mambura_primary,MAMBURA PRIMARY,,,,,,ronge,,60250120016,1
poll_station,mengo_primary,MENGO PRIMARY,,,,,,ronge,,60250120017,1
poll_station,langateni_trading_center,LANGATENI TRADING CENTER,,,,,,ronge,,60250120018,1
poll_station,ronge_juu_y_polytechnic,RONG'E JUU Y/POLYTECHNIC,,,,,,ronge,,60250120019,1
poll_station,mwatunge_primary,MWATUNGE PRIMARY,,,,,,mwatate,,60250121020,2
poll_station,mzwanenyi_primary,MZWANENYI PRIMARY,,,,,,mwatate,,60250121021,1
poll_station,mwatate_primary,MWATATE PRIMARY,,,,,,mwatate,,60250121022,3
poll_station,mwandisha_nur_school,MWANDISHA NUR SCHOOL,,,,,,mwatate,,60250121023,1
poll_station,members_club_hall,MEMBERS CLUB HALL,,,,,,mwatate,,60250121024,2
poll_station,mailikumi_primary,MAILI-KUMI PRIMARY,,,,,,mwatate,,60250121025,2
poll_station,mgeno_primary,MGENO PRIMARY,,,,,,mwatate,,60250121026,1
poll_station,mwandala_primary,MWANDALA PRIMARY,,,,,,mwatate,,60250121027,1
poll_station,kipusi_primary,KIPUSI PRIMARY,,,,,,mwatate,,60250121028,1
poll_station,singila_village,SINGILA VILLAGE,,,,,,mwatate,,60250121029,2
poll_station,peleleza_social_hall,PELELEZA SOCIAL HALL,,,,,,mwatate,,60250121030,3
poll_station,mwakitau_primary,MWAKITAU PRIMARY,,,,,,bura,,60250122031,2
poll_station,msorongo_primary,MSORONGO PRIMARY,,,,,,bura,,60250122032,1
poll_station,mwashuma_primary,MWASHUMA PRIMARY,,,,,,bura,,60250122033,1
poll_station,mlughi_primary,MLUGHI PRIMARY,,,,,,bura,,60250122034,1
poll_station,mnengwa_primary,MNENGWA PRIMARY,,,,,,bura,,60250122035,2
poll_station,godoma_primary,GODOMA PRIMARY,,,,,,bura,,60250122036,1
poll_station,mwanjila_y_polytechnic,MWANJILA Y/POLYTECHNIC,,,,,,bura,,60250122037,2
poll_station,nyolo_primary,NYOLO PRIMARY,,,,,,bura,,60250122038,1
poll_station,barawa_nur_school,BARAWA NUR SCHOOL,,,,,,bura,,60250122039,1
poll_station,lwalenyi_ranch_office,LWALENYI RANCH OFFICE,,,,,,bura,,60250122040,1
poll_station,bura_primary,BURA PRIMARY,,,,,,bura,,60250122041,2
poll_station,mbagha_primary,MBAGHA PRIMARY,,,,,,bura,,60250122042,1
poll_station,mrughua_primary,MRUGHUA PRIMARY,,,,,,bura,,60250122043,2
poll_station,mnamu_primary,MNAMU PRIMARY,,,,,,bura,,60250122044,1
poll_station,mwavunyu_primary,MWAVUNYU PRIMARY,,,,,,bura,,60250122045,1
poll_station,saghaighu_primary,SAGHAIGHU PRIMARY,,,,,,bura,,60250122046,1
poll_station,kilulunyi_primary,KILULUNYI PRIMARY,,,,,,bura,,60250122047,1
poll_station,zare_primary,ZARE PRIMARY,,,,,,bura,,60250122048,1
poll_station,bengi_primary_school,BENGI PRIMARY SCHOOL,,,,,,bura,,60250122049,1
poll_station,ndoria_nurschool,NDORIA NUR.SCHOOL,,,,,,bura,,60250122050,1
poll_station,mangenyi_village,MANGENYI VILLAGE,,,,,,bura,,60250122051,1
poll_station,tungulu_trading_centre,TUNGULU TRADING CENTRE,,,,,,bura,,60250122052,1
poll_station,mruru_primary,MRURU PRIMARY,,,,,,chawia,,60250123053,1
poll_station,mwatate_health_centre,MWATATE HEALTH CENTRE,,,,,,chawia,,60250123054,2
poll_station,mwachabo_primary,MWACHABO PRIMARY,,,,,,chawia,,60250123055,1
poll_station,kamtonga_primary,KAMTONGA PRIMARY,,,,,,chawia,,60250123056,2
poll_station,chungaunga_centre,CHUNGA-UNGA CENTRE,,,,,,chawia,,60250123057,1
poll_station,sechu_primary,SECHU PRIMARY,,,,,,chawia,,60250123058,2
poll_station,wumari_primary,WUMARI PRIMARY,,,,,,chawia,,60250123059,1
poll_station,mngama_primary,MNGAMA PRIMARY,,,,,,chawia,,60250123060,1
poll_station,mwawache_primary,MWAWACHE PRIMARY,,,,,,chawia,,60250123061,1
poll_station,mazola_primary,MAZOLA PRIMARY,,,,,,chawia,,60250123062,1
poll_station,mwakitutu_primary,MWAKITUTU PRIMARY,,,,,,chawia,,60250123063,1
poll_station,kitivo_primary,KITIVO PRIMARY,,,,,,chawia,,60250123064,2
poll_station,mkuki_trading_center,MKUKI TRADING CENTER,,,,,,chawia,,60250123065,1
poll_station,zare_trading_center,ZARE TRADING CENTER,,,,,,chawia,,60250123066,1
poll_station,alia_pentecostal,ALIA PENTECOSTAL,,,,,,chawia,,60250123067,1
poll_station,mwarangenyi_kisimenyi_borehole,MWARANGENYI/KISIMENYI BOREHOLE,,,,,,chawia,,60250123068,1
poll_station,manoa_dispensary,MANOA DISPENSARY,,,,,,chawia,,60250123069,1
poll_station,stjoseph_primary,ST.JOSEPH PRIMARY,,,,,,wusi_kishamba,,60250124070,1
poll_station,kungu_primary,KUNGU PRIMARY,,,,,,wusi_kishamba,,60250124071,1
poll_station,kidaya_y_poly,KIDAYA Y/POLY,,,,,,wusi_kishamba,,60250124072,2
poll_station,wusi_primary,WUSI PRIMARY,,,,,,wusi_kishamba,,60250124073,1
poll_station,kiangachinyi_dispensary,KIANGACHINYI DISPENSARY,,,,,,wusi_kishamba,,60250124074,1
poll_station,dembwa_primary,DEMBWA PRIMARY,,,,,,wusi_kishamba,,60250124075,2
poll_station,josa_primary,JOSA PRIMARY,,,,,,wusi_kishamba,,60250124076,2
poll_station,kishamba_primary,KISHAMBA PRIMARY,,,,,,wusi_kishamba,,60250124077,1
poll_station,mwachawaza_primary,MWACHAWAZA PRIMARY,,,,,,wusi_kishamba,,60250124078,2
poll_station,mwachawaza_y_poly,MWACHAWAZA Y/POLY,,,,,,wusi_kishamba,,60250124079,1
poll_station,mlambenyi_nursch,MLAMBENYI NUR.SCH,,,,,,wusi_kishamba,,60250124080,1
poll_station,furusinyi_nurschool,FURUSINYI NUR.SCHOOL,,,,,,wusi_kishamba,,60250124081,1
poll_station,macha_village,MACHA VILLAGE,,,,,,wusi_kishamba,,60250124082,1
poll_station,kwamone_nurschool,KWAMONE NUR.SCHOOL,,,,,,wusi_kishamba,,60250124083,1
poll_station,kidaya_ifumbu_nurschool,KIDAYA/IFUMBU NUR.SCHOOL,,,,,,wusi_kishamba,,60250124084,1
poll_station,mkwachunyi_primary_school,MKWACHUNYI PRIMARY SCHOOL,,,,,,mbololo,,60260125001,2
poll_station,kirutai_primary_school,KIRUTAI PRIMARY SCHOOL,,,,,,mbololo,,60260125002,1
poll_station,voi_primary_school,VOI PRIMARY SCHOOL,,,,,,mbololo,,60260125003,2
poll_station,mwakingali_primary_school,MWAKINGALI PRIMARY SCHOOL,,,,,,mbololo,,60260125004,2
poll_station,mwangea_secondary_school,MWANGEA SECONDARY SCHOOL,,,,,,mbololo,,60260125005,1
poll_station,mwamunga_primary_school,MWAMUNGA PRIMARY SCHOOL,,,,,,mbololo,,60260125006,2
poll_station,citcoast_institute_of_technolo,C.I.T(COAST INSTITUTE OF TECHNOLO,,,,,,mbololo,,60260125007,2
poll_station,tausa_youth_polytechnic,TAUSA YOUTH POLYTECHNIC,,,,,,mbololo,,60260125008,1
poll_station,kirindinyi_primary_school,KIRINDINYI PRIMARY SCHOOL,,,,,,mbololo,,60260125009,2
poll_station,mwambolembole_primary_school,MWAMBOLEMBOLE PRIMARY SCHOOL,,,,,,mbololo,,60260125010,1
poll_station,ikanga_primary_school,IKANGA PRIMARY SCHOOL,,,,,,mbololo,,60260125069,1
poll_station,ndile_primary_school,NDILE PRIMARY SCHOOL,,,,,,mbololo,,60260125012,1
poll_station,mabomani_primary_school,MABOMANI PRIMARY SCHOOL,,,,,,mbololo,,60260125013,1
poll_station,mlekenyi_nursery_school,MLEKENYI NURSERY SCHOOL,,,,,,mbololo,,60260125014,1
poll_station,tausa_primary_school,TAUSA PRIMARY SCHOOL,,,,,,mbololo,,60260125015,1
poll_station,boniface_mganga_primary_school,BONIFACE MGANGA PRIMARY SCHOOL,,,,,,mbololo,,60260125016,1
poll_station,voi_social_services_ground,VOI SOCIAL SERVICES GROUND,,,,,,mbololo,,60260125017,3
poll_station,mwaranginyi_ground,MWARANGINYI GROUND,,,,,,mbololo,,60260125018,4
poll_station,sikujua_juu_nursery_school,SIKUJUA JUU NURSERY SCHOOL,,,,,,mbololo,,60260125019,2
poll_station,mwakiki_primary_school,MWAKIKI PRIMARY SCHOOL,,,,,,mbololo,,60260125020,1
poll_station,kambito_primary_school,KAMBITO PRIMARY SCHOOL,,,,,,mbololo,,60260125021,1
poll_station,gora_nursery_school,GORA NURSERY SCHOOL,,,,,,mbololo,,60260125022,1
poll_station,imani_primary_school,IMANI PRIMARY SCHOOL,,,,,,mbololo,,60260125040,1
poll_station,voi_girls_secondary_school,VOI GIRLS SECONDARY SCHOOL,,,,,,mbololo,,60260125024,1
poll_station,wray_primary_school,WRAY PRIMARY SCHOOL,,,,,,sagalla,,60260126025,2
poll_station,sowa_primary_school,SOWA PRIMARY SCHOOL,,,,,,sagalla,,60260126026,1
poll_station,sagalla_primary_school,SAGALLA PRIMARY SCHOOL,,,,,,sagalla,,60260126027,1
poll_station,sagalla_youth_polytechnic,SAGALLA YOUTH POLYTECHNIC,,,,,,sagalla,,60260126028,1
poll_station,kirumbi_primary_school,KIRUMBI PRIMARY SCHOOL,,,,,,sagalla,,60260126018,2
poll_station,gideon_mosi_primary_school,GIDEON MOSI PRIMARY SCHOOL,,,,,,sagalla,,60260126030,1
poll_station,kajire_primary_school,KAJIRE PRIMARY SCHOOL,,,,,,sagalla,,60260126031,3
poll_station,mwambiti_primary_school,MWAMBITI PRIMARY SCHOOL,,,,,,sagalla,,60260126032,1
poll_station,talio_primary_school,TALIO PRIMARY SCHOOL,,,,,,sagalla,,60260126033,1
poll_station,kizumanzi_primary_school,KIZUMANZI PRIMARY SCHOOL,,,,,,sagalla,,60260126034,1
poll_station,sofia_bona_nursery_school,SOFIA BONA NURSERY SCHOOL,,,,,,kaloleni,,60260127035,4
poll_station,kalela_primary_school,KALELA PRIMARY SCHOOL,,,,,,kaloleni,,60260127036,6
poll_station,mwanyambo_primary_school,MWANYAMBO PRIMARY SCHOOL,,,,,,kaloleni,,60260127037,6
poll_station,gimba_primary_school,GIMBA PRIMARY SCHOOL,,,,,,kaloleni,,60260127038,1
poll_station,birikani_nursery_school,BIRIKANI NURSERY SCHOOL,,,,,,kaloleni,,60260127062,2
poll_station,tanzania_nursery_school,TANZANIA NURSERY SCHOOL,,,,,,kaloleni,,60260127040,3
poll_station,maweni_village_mobile,MAWENI VILLAGE MOBILE,,,,,,kaloleni,,60260127041,2
poll_station,kalambe_primary_school,KALAMBE PRIMARY SCHOOL,,,,,,kaloleni,,60260127042,1
poll_station,mnaoni_nursery_school,MNAONI NURSERY SCHOOL,,,,,,kaloleni,,60260127043,1
poll_station,ghaza_ground,GHAZA GROUND,,,,,,kaloleni,,60260127044,2
poll_station,ndovu_health_centre,NDOVU HEALTH CENTRE,,,,,,kaloleni,,60260127045,1
poll_station,marungu_primary_school,MARUNGU PRIMARY SCHOOL,,,,,,marungu,,60260128046,2
poll_station,marasi_primary_school,MARASI PRIMARY SCHOOL,,,,,,marungu,,60260128047,4
poll_station,miasenyi_primary_school,MIASENYI PRIMARY SCHOOL,,,,,,marungu,,60260128048,2
poll_station,itinyi_primary_school,ITINYI PRIMARY SCHOOL,,,,,,marungu,,60260128049,1
poll_station,kale_primary_school,KALE PRIMARY SCHOOL,,,,,,marungu,,60260128050,2
poll_station,majengo_nursery_school,MAJENGO NURSERY SCHOOL,,,,,,marungu,,60260128010,1
poll_station,misharini_primary_school,MISHARINI PRIMARY SCHOOL,,,,,,marungu,,60260128052,1
poll_station,makwasinyi_primary_school,MAKWASINYI PRIMARY SCHOOL,,,,,,kasigau,,60260129053,2
poll_station,kisimenyi_primary_school,KISIMENYI PRIMARY SCHOOL,,,,,,kasigau,,60260129054,1
poll_station,makumbusho_water_project,MAKUMBUSHO WATER PROJECT,,,,,,kasigau,,60260129055,1
poll_station,buguta_primary_school,BUGUTA PRIMARY SCHOOL,,,,,,kasigau,,60260129056,2
poll_station,sasenyi_primary_school,SASENYI PRIMARY SCHOOL,,,,,,kasigau,,60260129057,1
poll_station,rukanga_primary_school,RUKANGA PRIMARY SCHOOL,,,,,,kasigau,,60260129058,2
poll_station,bungule_primary_school,BUNGULE PRIMARY SCHOOL,,,,,,kasigau,,60260129059,1
poll_station,jora_primary_school,JORA PRIMARY SCHOOL,,,,,,kasigau,,60260129060,1
poll_station,mkamenyi_primary_school,MKAMENYI PRIMARY SCHOOL,,,,,,kasigau,,60260129061,1
poll_station,zungulukani_primary_school,ZUNGULUKANI PRIMARY SCHOOL,,,,,,kasigau,,60260129062,1
poll_station,ngambenyi_primary_school,NGAMBENYI PRIMARY SCHOOL,,,,,,kasigau,,60260129063,1
poll_station,kulikila_nursery_school,KULIKILA NURSERY SCHOOL,,,,,,kasigau,,60260129064,1
poll_station,kiteghe_primary_school,KITEGHE PRIMARY SCHOOL,,,,,,kasigau,,60260129065,1
poll_station,ndome_primary_school,NDOME PRIMARY SCHOOL,,,,,,ngolia,,60260130066,2
poll_station,mulundinyi_primary_school,MULUNDINYI PRIMARY SCHOOL,,,,,,ngolia,,60260130067,1
poll_station,ghazi_primary_school,GHAZI PRIMARY SCHOOL,,,,,,ngolia,,60260130068,2
poll_station,ore_primary_school,ORE PRIMARY SCHOOL,,,,,,ngolia,,60260130069,1
poll_station,manyani_trading_centre,MANYANI TRADING CENTRE,,,,,,ngolia,,60260130070,1
poll_station,wongonyi_primary_school,WONGONYI PRIMARY SCHOOL,,,,,,ngolia,,60260130071,2
poll_station,mole_primary_school,MOLE PRIMARY SCHOOL,,,,,,ngolia,,60260130072,1
poll_station,mrangi_primary_school,MRANGI PRIMARY SCHOOL,,,,,,ngolia,,60260130073,1
poll_station,ndii_nursery_centre,NDII NURSERY CENTRE,,,,,,ngolia,,60260130074,1
poll_station,mbulia_primary_school,MBULIA PRIMARY SCHOOL,,,,,,ngolia,,60260130075,1
poll_station,kws_campmtito_andei,KWS CAMP-MTITO ANDEI,,,,,,ngolia,,60260130076,1
poll_station,mwakajo_primary_school,MWAKAJO PRIMARY SCHOOL,,,,,,ngolia,,60260130077,1
poll_station,garissa_secondary_school,GARISSA SECONDARY SCHOOL,,,,,,waberi,,70270131001,4
poll_station,nasib_primary_school,NASIB PRIMARY SCHOOL,,,,,,waberi,,70270131002,3
poll_station,bulla_college_primary_school,BULLA COLLEGE PRIMARY SCHOOL,,,,,,waberi,,70270131003,2
poll_station,bulla_mzuri_market_centre,BULLA MZURI MARKET CENTRE,,,,,,waberi,,70270131004,2
poll_station,boystown_primary_school,BOYSTOWN PRIMARY SCHOOL,,,,,,waberi,,70270131005,2
poll_station,bulla_mzuri_primary_school,BULLA MZURI PRIMARY SCHOOL,,,,,,waberi,,70270131006,1
poll_station,bashaal_market_centre,BASHAAL MARKET CENTRE,,,,,,waberi,,70270131007,3
poll_station,bulla_masalani_market_centre,BULLA MASALANI MARKET CENTRE,,,,,,waberi,,70270131008,2
poll_station,kunaso_centre,KUNASO CENTRE,,,,,,waberi,,70270131009,1
poll_station,garissa_school_for_the_deaf,GARISSA SCHOOL FOR THE DEAF,,,,,,waberi,,70270131010,1
poll_station,abdilugey_primary_school,ABDILUGEY PRIMARY SCHOOL,,,,,,waberi,,70270131011,1
poll_station,tumaini_primary_school,TUMAINI PRIMARY SCHOOL,,,,,,galbet,,70270132012,1
poll_station,adc_primary_school,ADC PRIMARY SCHOOL,,,,,,galbet,,70270132013,1
poll_station,jamuhuri_club,JAMUHURI CLUB,,,,,,galbet,,70270132014,4
poll_station,tetu_primary_school,TETU PRIMARY SCHOOL,,,,,,galbet,,70270132015,3
poll_station,kazuko_primary_school,KAZUKO PRIMARY SCHOOL,,,,,,galbet,,70270132016,2
poll_station,hyuga_girls_primary_school,HYUGA GIRLS PRIMARY SCHOOL,,,,,,galbet,,70270132017,1
poll_station,kefri_centre,KEFRI CENTRE,,,,,,galbet,,70270132018,3
poll_station,garissa_youth_polytechnic,GARISSA YOUTH POLYTECHNIC,,,,,,galbet,,70270132019,1
poll_station,garissa_medical_training_college,GARISSA MEDICAL TRAINING COLLEGE,,,,,,galbet,,70270132020,3
poll_station,yathrib_primary_school,YATHRIB PRIMARY SCHOOL,,,,,,galbet,,70270132021,2
poll_station,jaribu_primary_school,JARIBU PRIMARY SCHOOL,,,,,,galbet,,70270132022,2
poll_station,ask_show_ground,ASK SHOW GROUND,,,,,,galbet,,70270132023,2
poll_station,bulla_makka_market_centre,BULLA MAKKA MARKET CENTRE,,,,,,galbet,,70270132024,1
poll_station,umu_salama_girls_sec_school,UMU SALAMA GIRLS SEC SCHOOL,,,,,,galbet,,70270132025,1
poll_station,chief_medina_office_centre,CHIEF MEDINA OFFICE CENTRE,,,,,,galbet,,70270132026,1
poll_station,madina_health_centre,MADINA HEALTH CENTRE,,,,,,galbet,,70270132027,1
poll_station,tetu_secondary_school,TETU SECONDARY SCHOOL,,,,,,galbet,,70270132028,1
poll_station,yathrib_secondary_school,YATHRIB SECONDARY SCHOOL,,,,,,galbet,,70270132029,1
poll_station,tumaini_secondary_school,TUMAINI SECONDARY SCHOOL,,,,,,galbet,,70270132030,1
poll_station,nep_girls_secondary,NEP GIRLS' SECONDARY,,,,,,township,,70270133031,5
poll_station,garissa_ndogo_open_grounds,GARISSA NDOGO OPEN GROUNDS,,,,,,township,,70270133032,5
poll_station,chief_township_office_centre,CHIEF TOWNSHIP OFFICE CENTRE,,,,,,township,,70270133033,2
poll_station,kenya_national_library_centre,KENYA NATIONAL LIBRARY CENTRE.,,,,,,township,,70270133034,6
poll_station,chief_camp,CHIEF CAMP,,,,,,township,,70270133035,2
poll_station,garissa_cultural_centre,GARISSA CULTURAL CENTRE,,,,,,township,,70270133036,1
poll_station,children_rescue_center,CHILDREN RESCUE CENTER,,,,,,township,,70270133037,1
poll_station,county_high_school,COUNTY HIGH SCHOOL,,,,,,iftin,,70270134038,1
poll_station,sambul_primary_school,SAMBUL PRIMARY SCHOOL,,,,,,iftin,,70270134039,2
poll_station,garissa_primary_school,GARISSA PRIMARY SCHOOL,,,,,,iftin,,70270134040,3
poll_station,guest_house,GUEST HOUSE,,,,,,iftin,,70270134041,3
poll_station,iftin_primary_school,IFTIN PRIMARY SCHOOL,,,,,,iftin,,70270134042,2
poll_station,young_muslim_primary_school,YOUNG MUSLIM PRIMARY SCHOOL,,,,,,iftin,,70270134043,2
poll_station,korakora_primary_school,KORAKORA PRIMARY SCHOOL,,,,,,iftin,,70270134044,1
poll_station,eldert_village_centre,ELDERT VILLAGE CENTRE,,,,,,iftin,,70270134045,1
poll_station,bolargy_primary_school,BOLARGY PRIMARY SCHOOL,,,,,,iftin,,70270134046,1
poll_station,jarirot_primary_school,JARIROT PRIMARY SCHOOL,,,,,,iftin,,70270134047,1
poll_station,alfatah_primary_school,AL-FATAH PRIMARY SCHOOL,,,,,,iftin,,70270134048,1
poll_station,rahma_village_centre,RAHMA VILLAGE CENTRE,,,,,,iftin,,70270134049,1
poll_station,bulla_nur_primary_school,BULLA NUR PRIMARY SCHOOL,,,,,,iftin,,70270134050,1
poll_station,najah_primary_school,NAJAH PRIMARY SCHOOL,,,,,,iftin,,70270134051,2
poll_station,iftin_girls_secondary_school,IFTIN GIRLS SECONDARY SCHOOL,,,,,,iftin,,70270134052,1
poll_station,kiwanja_bure_market_centre,KIWANJA BURE MARKET CENTRE,,,,,,iftin,,70270134053,1
poll_station,mikono_vocation_centre,MIKONO VOCATION CENTRE,,,,,,iftin,,70270134054,1
poll_station,sariraha_village,SARIRAHA VILLAGE,,,,,,iftin,,70270134055,1
poll_station,bulla_adey,BULLA ADEY,,,,,,iftin,,70270134056,1
poll_station,balambala_primary_school,BALAMBALA PRIMARY SCHOOL,,,,,,balambala,,70280135001,2
poll_station,ohio_primary_school,OHIO PRIMARY SCHOOL,,,,,,balambala,,70280135002,1
poll_station,dujis_primary_school,DUJIS PRIMARY SCHOOL,,,,,,balambala,,70280135003,1
poll_station,reithab_village_dam,REITHAB VILLAGE DAM,,,,,,balambala,,70280135004,1
poll_station,ashadin_centre,ASHADIN CENTRE,,,,,,balambala,,70280135005,1
poll_station,kuno_primary_school,KUNO PRIMARY SCHOOL,,,,,,balambala,,70280135006,2
poll_station,bura_dansa_primary_school,BURA DANSA PRIMARY SCHOOL,,,,,,balambala,,70280135007,2
poll_station,abdigab_village_centre,ABDIGAB VILLAGE CENTRE,,,,,,balambala,,70280135008,1
poll_station,shebtaad_centre,SHEBTAAD CENTRE,,,,,,balambala,,70280135009,1
poll_station,balambala_secondary_school,BALAMBALA SECONDARY SCHOOL,,,,,,balambala,,70280135010,1
poll_station,balambala_market,BALAMBALA MARKET,,,,,,balambala,,70280135011,1
poll_station,labiley_ecd,LABILEY ECD,,,,,,balambala,,70280135012,1
poll_station,rahole_girls_secondary_school,RAHOLE GIRLS SECONDARY SCHOOL,,,,,,balambala,,70280135013,1
poll_station,aaqal_aar_centre,AAQAL AAR CENTRE,,,,,,balambala,,70280135014,1
poll_station,danyere_primary_school,DANYERE PRIMARY SCHOOL,,,,,,danyere,,70280136015,2
poll_station,sikley_centre,SIKLEY CENTRE,,,,,,danyere,,70280136016,1
poll_station,godir_village_centre,GODIR VILLAGE CENTRE,,,,,,danyere,,70280136017,1
poll_station,qorahey_primary_school,QORAHEY PRIMARY SCHOOL,,,,,,danyere,,70280136018,1
poll_station,mudey_primary_school,MUDEY PRIMARY SCHOOL,,,,,,danyere,,70280136019,1
poll_station,dogob_ecd_centre,DOGOB ECD CENTRE.,,,,,,danyere,,70280136020,1
poll_station,libahlow_primary_school,LIBAHLOW PRIMARY SCHOOL,,,,,,danyere,,70280136021,1
poll_station,hifow_village_centre,HIFOW VILLAGE CENTRE,,,,,,danyere,,70280136022,1
poll_station,karbuna_primary_school,KARBUNA PRIMARY SCHOOL,,,,,,danyere,,70280136023,1
poll_station,bulla_mobile,BULLA MOBILE,,,,,,danyere,,70280136024,1
poll_station,hagar_jarer_primary_school,HAGAR JARER PRIMARY SCHOOL,,,,,,danyere,,70280136025,1
poll_station,el_sheleti_village,EL SHELETI VILLAGE,,,,,,danyere,,70280136026,1
poll_station,danyere_secodary_school,DANYERE SECODARY SCHOOL,,,,,,danyere,,70280136027,1
poll_station,junfat_mobile,JUNFAT MOBILE,,,,,,danyere,,70280136028,1
poll_station,jerey_mobile,JEREY MOBILE,,,,,,danyere,,70280136029,1
poll_station,robdon_dam,ROBDON DAM,,,,,,danyere,,70280136030,1
poll_station,jara_jara_primary_school,JARA JARA PRIMARY SCHOOL,,,,,,jara_jara,,70280137031,2
poll_station,kone_ecd_centre,KONE ECD CENTRE,,,,,,jara_jara,,70280137032,2
poll_station,abaq_halol_ecd,ABAQ HALOL ECD,,,,,,jara_jara,,70280137033,1
poll_station,isak_jirba_mobile,ISAK JIRBA MOBILE,,,,,,jara_jara,,70280137034,1
poll_station,lamaan_saaman,LAMAAN SAAMAN,,,,,,jara_jara,,70280137035,1
poll_station,karbadere_centre,KARBADERE CENTRE,,,,,,jara_jara,,70280137036,1
poll_station,ilanley_village,ILANLEY VILLAGE,,,,,,jara_jara,,70280137037,1
poll_station,laheley_village,LAHELEY VILLAGE,,,,,,jara_jara,,70280137038,1
poll_station,kasha_primary_school,KASHA PRIMARY SCHOOL.,,,,,,saka,,70280138039,2
poll_station,saka_primary_school,SAKA PRIMARY SCHOOL,,,,,,saka,,70280138040,2
poll_station,daley_primary_school,DALEY PRIMARY SCHOOL,,,,,,saka,,70280138041,1
poll_station,hatley_primary_school,HATLEY PRIMARY SCHOOL,,,,,,saka,,70280138042,1
poll_station,junction_ecd_centre,JUNCTION ECD CENTRE,,,,,,saka,,70280138043,1
poll_station,hirbaiy_market_centre,HIRBAIY MARKET CENTRE.,,,,,,saka,,70280138044,1
poll_station,mathah_libah_ecd_centre,MATHAH LIBAH ECD CENTRE,,,,,,saka,,70280138045,1
poll_station,dhedherey_ecd_centre,DHEDHEREY ECD CENTRE,,,,,,saka,,70280138046,1
poll_station,dabeley_ecd_centre,DABELEY ECD CENTRE,,,,,,saka,,70280138047,1
poll_station,magado_ecd,MAGADO ECD,,,,,,saka,,70280138048,1
poll_station,qabobey_village,QABOBEY VILLAGE,,,,,,saka,,70280138049,1
poll_station,fatuma_golicha_village,FATUMA GOLICHA VILLAGE,,,,,,saka,,70280138050,1
poll_station,ohio_dam,OHIO DAM,,,,,,saka,,70280138051,1
poll_station,el_dorr_village,EL DORR VILLAGE,,,,,,saka,,70280138052,1
poll_station,butali_village,BUTALI VILLAGE,,,,,,saka,,70280138053,1
poll_station,bulla_jari,BULLA JARI,,,,,,saka,,70280138054,1
poll_station,bulla_ero_village,BULLA ERO VILLAGE,,,,,,saka,,70280138055,1
poll_station,bulla_dos_uro_dam,BULLA DOS URO DAM,,,,,,saka,,70280138056,1
poll_station,cilanley_mobile_centre,CILANLEY MOBILE CENTRE,,,,,,saka,,70280138057,1
poll_station,laheley_mobile_centre,LAHELEY MOBILE CENTRE,,,,,,saka,,70280138058,1
poll_station,balich_primary_school,BALICH PRIMARY SCHOOL,,,,,,sankuri,,70280139059,1
poll_station,sankuri_primary_school,SANKURI PRIMARY SCHOOL,,,,,,sankuri,,70280139060,2
poll_station,shimbirey_primary_school,SHIMBIREY PRIMARY SCHOOL,,,,,,sankuri,,70280139061,2
poll_station,raya_primary_school,RAYA PRIMARY SCHOOL,,,,,,sankuri,,70280139062,2
poll_station,atheyley_primary_school,ATHEYLEY PRIMARY SCHOOL,,,,,,sankuri,,70280139063,1
poll_station,shabaha_primary_school,SHABAHA PRIMARY SCHOOL,,,,,,sankuri,,70280139064,1
poll_station,dololo_weyn_primary_school,DOLOLO WEYN PRIMARY SCHOOL,,,,,,sankuri,,70280139065,1
poll_station,nunow_primary_school,NUNOW PRIMARY SCHOOL,,,,,,sankuri,,70280139066,1
poll_station,dalolo_midi_ecd,DALOLO MIDI ECD,,,,,,sankuri,,70280139067,1
poll_station,modika_primary_school,MODIKA PRIMARY SCHOOL,,,,,,sankuri,,70280139068,3
poll_station,laago_mobile,LAAGO MOBILE,,,,,,sankuri,,70280139069,1
poll_station,auliye_mobile,AULIYE MOBILE,,,,,,sankuri,,70280139070,1
poll_station,abdisamet_dam_mobile,ABDISAMET DAM MOBILE,,,,,,sankuri,,70280139071,1
poll_station,shidle_dam,SHIDLE DAM,,,,,,sankuri,,70280139072,1
poll_station,aden_eley_mobile,ADEN ELEY MOBILE,,,,,,sankuri,,70280139073,1
poll_station,mathah_gesi_mobile,MATHAH GESI MOBILE,,,,,,sankuri,,70280139074,1
poll_station,ture_ecd,TURE ECD,,,,,,sankuri,,70280139075,1
poll_station,qabobey_centre,QABOBEY CENTRE,,,,,,sankuri,,70280139076,1
poll_station,bulla_hodan,BULLA HODAN,,,,,,sankuri,,70280139077,1
poll_station,laheley_village,LAHELEY VILLAGE,,,,,,sankuri,,70280139038,1
poll_station,labi_reb_mobile,LABI REB MOBILE,,,,,,sankuri,,70280139078,1
poll_station,wel_aathey_mobile,WEL AATHEY MOBILE,,,,,,sankuri,,70280139079,1
poll_station,far_yar_village,FAR YAR VILLAGE,,,,,,sankuri,,70280139080,1
poll_station,modogashe_primary_school,MODOGASHE PRIMARY SCHOOL,,,,,,modogashe,,70290140001,2
poll_station,ama_prmary_school,AMA PRMARY SCHOOL,,,,,,modogashe,,70290140002,1
poll_station,janju_water_wells,JANJU WATER WELLS,,,,,,modogashe,,70290140003,1
poll_station,jilango_center,JILANGO CENTER,,,,,,modogashe,,70290140004,1
poll_station,barkuke_primary_school,BARKUKE PRIMARY SCHOOL,,,,,,modogashe,,70290140005,1
poll_station,barfin_centre,BARFIN CENTRE,,,,,,modogashe,,70290140006,1
poll_station,geylab_centre,GEYLAB CENTRE,,,,,,modogashe,,70290140007,1
poll_station,eldera_market_center,ELDERA MARKET CENTER,,,,,,modogashe,,70290140008,1
poll_station,medina_primary_school,MEDINA PRIMARY SCHOOL,,,,,,modogashe,,70290140009,1
poll_station,modogashe_livestock_market,MODOGASHE LIVESTOCK MARKET,,,,,,modogashe,,70290140010,1
poll_station,baraza_park,BARAZA PARK,,,,,,modogashe,,70290140011,1
poll_station,elanle_primary_school,ELANLE PRIMARY SCHOOL,,,,,,modogashe,,70290140012,1
poll_station,eldin_wells,ELDIN WELLS,,,,,,modogashe,,70290140013,1
poll_station,barkuke_health_centre,BARKUKE HEALTH CENTRE,,,,,,modogashe,,70290140014,1
poll_station,sarta_primary_school,SARTA PRIMARY SCHOOL,,,,,,modogashe,,70290140015,1
poll_station,shabel_dula_primary_school,SHABEL DULA PRIMARY SCHOOL,,,,,,modogashe,,70290140016,1
poll_station,ali_sagar_primary_school,ALI SAGAR PRIMARY SCHOOL,,,,,,modogashe,,70290140017,1
poll_station,denka_ecd_centre,DENKA ECD CENTRE,,,,,,modogashe,,70290140018,1
poll_station,hagare_village_ecd_centre,HAGARE VILLAGE ECD CENTRE,,,,,,modogashe,,70290140019,1
poll_station,faryar_ecd_centre,FARYAR ECD CENTRE,,,,,,modogashe,,70290140020,1
poll_station,modogashe_secondary_school,MODOGASHE SECONDARY SCHOOL,,,,,,modogashe,,70290140021,1
poll_station,modogashe_girls_secondary_scho,MODOGASHE GIRLS SECONDARY SCHO,,,,,,modogashe,,70290140022,1
poll_station,benane_primary_school,BENANE PRIMARY SCHOOL,,,,,,benane,,70290141023,2
poll_station,tokojo_center_molbile,TOKOJO CENTER MOLBILE,,,,,,benane,,70290141024,1
poll_station,lafageri_dam,LAFAGERI DAM,,,,,,benane,,70290141025,1
poll_station,haduni_water_pan,HADUNI WATER PAN,,,,,,benane,,70290141026,1
poll_station,benane_secndary_school,BENANE SECNDARY SCHOOL,,,,,,benane,,70290141027,2
poll_station,bullo_centre,BULLO CENTRE,,,,,,benane,,70290141028,1
poll_station,kampi_samaki,KAMPI SAMAKI,,,,,,benane,,70290141029,1
poll_station,madina_village,MADINA VILLAGE,,,,,,benane,,70290141030,1
poll_station,moulid_village,MOULID VILLAGE,,,,,,benane,,70290141031,1
poll_station,kampi_samaki_dispensary,KAMPI SAMAKI DISPENSARY,,,,,,benane,,70290141032,1
poll_station,gutale_wells,GUTALE WELLS,,,,,,goreale,,70290142033,2
poll_station,shantaabak_center,SHANTA-ABAK CENTER,,,,,,goreale,,70290142034,2
poll_station,ahmed_tukale_centre,AHMED TUKALE CENTRE,,,,,,goreale,,70290142035,1
poll_station,agalaar_centre,AGALAAR CENTRE,,,,,,goreale,,70290142036,1
poll_station,barsaben_village_centre,BARSABEN VILLAGE CENTRE,,,,,,goreale,,70290142037,1
poll_station,maalimin_primary_school,MAALIMIN PRIMARY SCHOOL,,,,,,maalimin,,70290143038,2
poll_station,dihle_nursery_school,DIHLE NURSERY SCHOOL,,,,,,maalimin,,70290143039,1
poll_station,ilan_primary_school,ILAN PRIMARY SCHOOL,,,,,,maalimin,,70290143040,2
poll_station,riig_dam,RIIG DAM,,,,,,maalimin,,70290143041,1
poll_station,garse_village,GARSE VILLAGE,,,,,,maalimin,,70290143042,1
poll_station,skanska_centre,SKANSKA CENTRE,,,,,,maalimin,,70290143043,1
poll_station,togdub_primary_school,TOGDUB PRIMARY SCHOOL,,,,,,maalimin,,70290143044,1
poll_station,sheikh_hajir_primary_school,SHEIKH HAJIR PRIMARY SCHOOL,,,,,,maalimin,,70290143045,1
poll_station,tinass_ecd_centre,TINASS ECD CENTRE,,,,,,maalimin,,70290143046,1
poll_station,wayama_jibril_primary_school,WAYAMA JIBRIL PRIMARY SCHOOL,,,,,,maalimin,,70290143047,1
poll_station,dalehele_primary_school,DALEHELE PRIMARY SCHOOL,,,,,,maalimin,,70290143048,1
poll_station,hagar_jarer_primary_school,HAGAR JARER PRIMARY SCHOOL,,,,,,maalimin,,70290143025,1
poll_station,kiwanja_primary_school,KIWANJA PRIMARY SCHOOL,,,,,,maalimin,,70290143050,1
poll_station,cross_bobay_borehole,CROSS BOBAY BOREHOLE,,,,,,maalimin,,70290143051,1
poll_station,tubere_village_centre,TUBERE VILLAGE CENTRE,,,,,,maalimin,,70290143052,1
poll_station,garufa_primary_school,GARUFA PRIMARY SCHOOL,,,,,,sabena,,70290144053,3
poll_station,charon_nursery_school,CHARON NURSERY SCHOOL,,,,,,sabena,,70290144054,2
poll_station,garufa_borehole,GARUFA BOREHOLE,,,,,,sabena,,70290144055,1
poll_station,hagar_village_centre,HAGAR VILLAGE CENTRE,,,,,,sabena,,70290144056,1
poll_station,qorwa_borehole,Qorwa Borehole,,,,,,sabena,,70290144057,1
poll_station,baraki_center,BARAKI CENTER,,,,,,baraki,,70290145058,3
poll_station,afweyn_center,AFWEYN CENTER,,,,,,baraki,,70290145059,2
poll_station,afweine_chiefs_office,AFWEINE CHIEFS OFFICE,,,,,,baraki,,70290145060,1
poll_station,bombi_borehole,BOMBI BOREHOLE,,,,,,baraki,,70290145061,1
poll_station,languyato_village_borehole,LANGUYATO VILLAGE BOREHOLE,,,,,,baraki,,70290145062,1
poll_station,baraki_primary_school,BARAKI PRIMARY SCHOOL,,,,,,baraki,,70290145063,1
poll_station,baraki_dispensary,BARAKI DISPENSARY,,,,,,baraki,,70290145064,1
poll_station,darusalam_primary_school,DARUSALAM PRIMARY SCHOOL,,,,,,baraki,,70290145065,1
poll_station,afweine_primary_school,AFWEINE PRIMARY SCHOOL,,,,,,baraki,,70290145066,1
poll_station,afweine_dispensary,AFWEINE DISPENSARY,,,,,,baraki,,70290145067,1
poll_station,afweine_secondary_school,AFWEINE SECONDARY SCHOOL,,,,,,baraki,,70290145068,1
poll_station,togdub_water_pan,TOGDUB WATER PAN,,,,,,baraki,,70290145069,1
poll_station,dertu_village_center,DERTU VILLAGE CENTER,,,,,,dertu,,70300146001,2
poll_station,faf_kalala_dam,FAF KALALA DAM,,,,,,dertu,,70300146002,2
poll_station,bahuri_primary_school,BAHURI PRIMARY SCHOOL,,,,,,dertu,,70300146003,1
poll_station,alango_arba_post_office,ALANGO ARBA POST OFFICE,,,,,,dertu,,70300146004,1
poll_station,kabobei_dam,KABOBEI DAM,,,,,,dertu,,70300146005,1
poll_station,boransis,BORANSIS,,,,,,dertu,,70300146006,1
poll_station,alango_primary_school,ALANGO PRIMARY SCHOOL,,,,,,dertu,,70300146007,1
poll_station,laago_borehole,LAAGO BOREHOLE,,,,,,dertu,,70300146008,1
poll_station,udhole_primary_school,UDHOLE PRIMARY SCHOOL,,,,,,dertu,,70300146009,1
poll_station,kamuthe_primary_school,KAMUTHE PRIMARY SCHOOL,,,,,,dertu,,70300146010,1
poll_station,dertu_girls_secondary_school,DERTU GIRLS SECONDARY SCHOOL,,,,,,dertu,,70300146011,1
poll_station,dertu_primary_school,DERTU PRIMARY SCHOOL,,,,,,dertu,,70300146012,1
poll_station,alango_arba_cheif_office,ALANGO ARBA CHEIF OFFICE,,,,,,dertu,,70300146013,1
poll_station,dertu_ict_center,DERTU ICT CENTER,,,,,,dertu,,70300146014,1
poll_station,dadaab_primary_school,DADAAB PRIMARY SCHOOL,,,,,,dadaab,,70300147015,4
poll_station,ifo_borehole,IFO BOREHOLE,,,,,,dadaab,,70300147016,1
poll_station,dadaab_secondary_school,DADAAB SECONDARY SCHOOL,,,,,,dadaab,,70300147017,2
poll_station,daydey_primary_school,DAYDEY PRIMARY SCHOOL,,,,,,dadaab,,70300147018,1
poll_station,kiwanja_primary_school,KIWANJA PRIMARY SCHOOL,,,,,,dadaab,,70300147050,1
poll_station,bogyar_primary_school,BOGYAR PRIMARY SCHOOL,,,,,,dadaab,,70300147020,1
poll_station,haji_idris_girls_secondary_school,HAJI IDRIS GIRLS SECONDARY SCHOOL,,,,,,dadaab,,70300147021,1
poll_station,bula_kheir_primary_school,BULA KHEIR PRIMARY SCHOOL,,,,,,dadaab,,70300147022,1
poll_station,dadaab_multipurpose_hall,DADAAB MULTIPURPOSE HALL,,,,,,dadaab,,70300147023,1
poll_station,lebisigale_center,LEBISIGALE CENTER,,,,,,labasigale,,70300148024,1
poll_station,lander_wells,LANDER WELLS,,,,,,labasigale,,70300148025,1
poll_station,borehole_5_lebisigale,BOREHOLE 5 (LEBISIGALE),,,,,,labasigale,,70300148026,1
poll_station,welhar_centre,WELHAR CENTRE,,,,,,labasigale,,70300148027,1
poll_station,labasigale_chief_office,LABASIGALE CHIEF OFFICE,,,,,,labasigale,,70300148028,2
poll_station,landiig_borehole,LANDIIG BOREHOLE,,,,,,labasigale,,70300148029,2
poll_station,dagahley_center,DAGAHLEY CENTER,,,,,,damajale,,70300149030,1
poll_station,kokar_primary_school,KOKAR PRIMARY SCHOOL,,,,,,damajale,,70300149031,1
poll_station,damajale_primary_school,DAMAJALE PRIMARY SCHOOL,,,,,,damajale,,70300149032,1
poll_station,madahgesi_wells,MADAHGESI WELLS,,,,,,damajale,,70300149033,2
poll_station,damajale_abak_water_pan,DAMAJALE ABAK WATER PAN,,,,,,damajale,,70300149034,1
poll_station,daryoley_dam,DARYOLEY DAM,,,,,,damajale,,70300149035,1
poll_station,borehole_2,BOREHOLE 2,,,,,,damajale,,70300149036,1
poll_station,hamey_borehole,HAMEY BOREHOLE,,,,,,damajale,,70300149037,2
poll_station,malaylay_primary_school,MALAYLAY PRIMARY SCHOOL,,,,,,damajale,,70300149038,1
poll_station,maguto_primary_school,MAGUTO PRIMARY SCHOOL,,,,,,damajale,,70300149039,1
poll_station,barkin_primary_school,BARKIN PRIMARY SCHOOL,,,,,,damajale,,70300149040,1
poll_station,kiwanja_yarey_primary_school,KIWANJA YAREY PRIMARY SCHOOL,,,,,,damajale,,70300149041,1
poll_station,leheley_primary_school,LEHELEY PRIMARY SCHOOL,,,,,,damajale,,70300149042,1
poll_station,igal_primary_school,IGAL PRIMARY SCHOOL,,,,,,damajale,,70300149043,1
poll_station,bulla_yanya_primary_school,BULLA YANYA PRIMARY SCHOOL,,,,,,damajale,,70300149044,1
poll_station,hamey_primary_school,HAMEY PRIMARY SCHOOL,,,,,,damajale,,70300149045,1
poll_station,madahgesi_primary_school,MADAHGESI PRIMARY SCHOOL,,,,,,damajale,,70300149046,1
poll_station,hamajo_borehole,HAMAJO BOREHOLE,,,,,,damajale,,70300149047,1
poll_station,qot_qot_borehole,QOT QOT BOREHOLE,,,,,,damajale,,70300149048,1
poll_station,dalsan_borehole,DALSAN BOREHOLE,,,,,,damajale,,70300149049,1
poll_station,damajaley_ict_center,DAMAJALEY ICT CENTER,,,,,,damajale,,70300149050,1
poll_station,towfiq_borehole,TOWFIQ BOREHOLE,,,,,,damajale,,70300149051,1
poll_station,weldoni_primary_school,WELDONI PRIMARY SCHOOL,,,,,,damajale,,70300149052,2
poll_station,kulan_primary_school,KULAN PRIMARY SCHOOL,,,,,,liboi,,70300150053,2
poll_station,liboi_primary_school,LIBOI PRIMARY SCHOOL,,,,,,liboi,,70300150054,2
poll_station,harahara_post_office,HARAHARA POST OFFICE,,,,,,liboi,,70300150055,1
poll_station,kadakso_wells,KADAKSO WELLS,,,,,,liboi,,70300150056,1
poll_station,indadada_dams,INDADADA DAMS,,,,,,liboi,,70300150057,1
poll_station,wardeglow_dam,WARDEGLOW DAM,,,,,,liboi,,70300150058,1
poll_station,malaylay_centre,MALAYLAY CENTRE,,,,,,liboi,,70300150059,1
poll_station,dek_elema_centre,DEK ELEMA CENTRE,,,,,,liboi,,70300150060,1
poll_station,shebta_aad_borehole,SHEBTA AAD BOREHOLE,,,,,,liboi,,70300150061,1
poll_station,lebi_ato_water_pan,LEBI ATO WATER PAN,,,,,,liboi,,70300150062,1
poll_station,liboi_secondary_school,LIBOI SECONDARY SCHOOL,,,,,,liboi,,70300150063,1
poll_station,liboi_ict_center,LIBOI ICT CENTER,,,,,,liboi,,70300150064,1
poll_station,kulan_secondary_school,KULAN SECONDARY SCHOOL,,,,,,liboi,,70300150065,1
poll_station,abakaile_center,ABAKAILE CENTER,,,,,,abakaile,,70300151066,2
poll_station,kumahumato_center,KUMAHUMATO CENTER,,,,,,abakaile,,70300151067,2
poll_station,ahmedqalow_dam,AHMED-QALOW DAM,,,,,,abakaile,,70300151068,1
poll_station,libahlow_village,LIBAHLOW VILLAGE,,,,,,abakaile,,70300151069,2
poll_station,saretho_primary_school,SARETHO PRIMARY SCHOOL,,,,,,abakaile,,70300151070,3
poll_station,alikune_primary_school,ALIKUNE PRIMARY SCHOOL,,,,,,abakaile,,70300151071,2
poll_station,marothiley_primary_school,MAROTHILEY PRIMARY SCHOOL,,,,,,abakaile,,70300151072,1
poll_station,lih_shell_primary_school,LIH SHELL PRIMARY SCHOOL,,,,,,abakaile,,70300151073,1
poll_station,maslah_primary_school,MASLAH PRIMARY SCHOOL,,,,,,abakaile,,70300151074,1
poll_station,alikune_dispesary,ALIKUNE DISPESARY,,,,,,abakaile,,70300151075,2
poll_station,libahlow_primary_school,LIBAHLOW PRIMARY SCHOOL,,,,,,abakaile,,70300151021,1
poll_station,saretho_borehole,SARETHO BOREHOLE,,,,,,abakaile,,70300151077,1
poll_station,kumahumato_chief_office,KUMAHUMATO CHIEF OFFICE,,,,,,abakaile,,70300151078,1
poll_station,darusalam_center,DARUSALAM CENTER,,,,,,abakaile,,70300151079,1
poll_station,haji_adan_village,HAJI ADAN VILLAGE,,,,,,abakaile,,70300151080,2
poll_station,gurro_primary_school,GURRO PRIMARY SCHOOL,,,,,,abakaile,,70300151081,1
poll_station,aliemij_primary_school,ALI-EMIJ PRIMARY SCHOOL,,,,,,bura,,70310152001,1
poll_station,bura_primary_school,BURA PRIMARY SCHOOL,,,,,,bura,,70310152116,2
poll_station,hawajot_village,HAWAJOT VILLAGE,,,,,,bura,,70310152003,1
poll_station,mathahgesi_moble_school,MATHAHGESI MOBLE SCHOOL,,,,,,bura,,70310152004,1
poll_station,arbdabolo_community_water_pan,ARBDABOLO COMMUNITY WATER PAN,,,,,,bura,,70310152005,1
poll_station,dagega_dam,DAGEGA DAM,,,,,,bura,,70310152006,1
poll_station,fafi_girls_secondary_school,FAFI GIRLS SECONDARY SCHOOL,,,,,,bura,,70310152007,1
poll_station,bura_bazara_park,BURA BAZARA PARK,,,,,,bura,,70310152008,2
poll_station,jambele_primary_school,JAMBELE PRIMARY SCHOOL,,,,,,bura,,70310152009,1
poll_station,dagwardey_community_pan,DAGWARDEY COMMUNITY PAN,,,,,,bura,,70310152010,1
poll_station,garasweino_primary_school,GARASWEINO PRIMARY SCHOOL,,,,,,bura,,70310152011,1
poll_station,mansabubu_primary_school,MANSABUBU PRIMARY SCHOOL,,,,,,bura,,70310152012,1
poll_station,daresalam_village,DARESALAM VILLAGE,,,,,,bura,,70310152013,1
poll_station,bulla_rahma,BULLA RAHMA,,,,,,bura,,70310152014,1
poll_station,uftis_village_centre,UFTIS VILLAGE CENTRE,,,,,,dekaharia,,70310153015,1
poll_station,muftu_ecd,MUFTU ECD,,,,,,dekaharia,,70310153016,1
poll_station,katama_mobile_centre,KATAMA MOBILE CENTRE,,,,,,dekaharia,,70310153017,1
poll_station,harerah_dams,HARERAH DAMS,,,,,,dekaharia,,70310153018,1
poll_station,gubis_primary_school,GUBIS PRIMARY SCHOOL,,,,,,dekaharia,,70310153019,1
poll_station,eda_ecd,EDA ECD,,,,,,dekaharia,,70310153020,1
poll_station,dertu_ecd,DERTU ECD,,,,,,dekaharia,,70310153021,1
poll_station,bulagolol_primary_school,BULAGOLOL PRIMARY SCHOOL,,,,,,dekaharia,,70310153022,1
poll_station,tumtish_village_centre,TUMTISH VILLAGE CENTRE,,,,,,dekaharia,,70310153023,1
poll_station,marerkader_dam,MARERKADER DAM,,,,,,dekaharia,,70310153024,1
poll_station,ilmabanta_water_pan,ILMABANTA WATER PAN,,,,,,dekaharia,,70310153025,1
poll_station,hajijimy_ecd,HAJIJIMY ECD,,,,,,dekaharia,,70310153026,1
poll_station,gamagala_primary_school,GAMAGALA PRIMARY SCHOOL,,,,,,dekaharia,,70310153027,1
poll_station,doi_ecd,DOI ECD,,,,,,dekaharia,,70310153028,1
poll_station,dekaharja_primary_school,DEKAHARJA PRIMARY SCHOOL,,,,,,dekaharia,,70310153029,1
poll_station,hadees,HADEES,,,,,,dekaharia,,70310153030,1
poll_station,deg_bon_water_pan,DEG BON WATER PAN,,,,,,dekaharia,,70310153031,1
poll_station,marerey_water_pan,MAREREY WATER PAN,,,,,,dekaharia,,70310153032,1
poll_station,diniq_water_pan,DINIQ WATER PAN,,,,,,dekaharia,,70310153033,1
poll_station,galmagala_ict,GALMAGALA ICT,,,,,,dekaharia,,70310153034,1
poll_station,farah_durwa_borehole,FARAH DURWA BOREHOLE,,,,,,dekaharia,,70310153035,1
poll_station,alinjugur_primary_school,ALINJUGUR PRIMARY SCHOOL,,,,,,jarajila,,70310154036,2
poll_station,amuma_primary_school,AMUMA PRIMARY SCHOOL,,,,,,jarajila,,70310154037,1
poll_station,jarajila_ecd,JARAJILA ECD,,,,,,jarajila,,70310154038,1
poll_station,sadeh_gose_water_pan,SADEH GOSE WATER PAN,,,,,,jarajila,,70310154039,1
poll_station,welmerer_primary_school,WELMERER PRIMARY SCHOOL,,,,,,jarajila,,70310154040,1
poll_station,jikole_water_pan,JIKOLE WATER PAN,,,,,,jarajila,,70310154041,1
poll_station,darken_kosar_dam,DARKEN KOSAR DAM,,,,,,jarajila,,70310154042,1
poll_station,elin_centre,ELIN CENTRE,,,,,,jarajila,,70310154043,1
poll_station,alinjugur_secondary,ALINJUGUR SECONDARY,,,,,,jarajila,,70310154044,1
poll_station,yumbis_primary_school,YUMBIS PRIMARY SCHOOL,,,,,,fafi,,70310155045,1
poll_station,hagardera_community_water_pan,HAGARDERA COMMUNITY WATER PAN,,,,,,fafi,,70310155046,2
poll_station,fafi_primary_school,FAFI PRIMARY SCHOOL,,,,,,fafi,,70310155047,1
poll_station,mathahmarub_primary_school,MATHAHMARUB PRIMARY SCHOOL,,,,,,fafi,,70310155048,1
poll_station,hagarbul_community_centre,HAGARBUL COMMUNITY CENTRE,,,,,,fafi,,70310155049,1
poll_station,elhumo_ecd,ELHUMO ECD,,,,,,fafi,,70310155050,1
poll_station,bohole_5_mobile_centre,BOHOLE 5 MOBILE CENTRE,,,,,,fafi,,70310155051,2
poll_station,diiso_primary,DIISO PRIMARY,,,,,,fafi,,70310155052,2
poll_station,laago_primary_school,LAAGO PRIMARY SCHOOL,,,,,,fafi,,70310155053,1
poll_station,daddera_primary_school,DADDERA PRIMARY SCHOOL,,,,,,fafi,,70310155054,1
poll_station,fafahjin_primary_school,FAFAHJIN PRIMARY SCHOOL,,,,,,fafi,,70310155055,1
poll_station,iftin_primary_school,IFTIN PRIMARY SCHOOL,,,,,,fafi,,70310155042,1
poll_station,upendo_primary,UPENDO PRIMARY,,,,,,fafi,,70310155057,1
poll_station,dela_sagaar,DELA SAGAAR,,,,,,fafi,,70310155058,1
poll_station,diiso_ict_centre,DIISO ICT CENTRE,,,,,,fafi,,70310155059,1
poll_station,abaqdera_primary_school,ABAQDERA PRIMARY SCHOOL,,,,,,nanighi,,70310156060,1
poll_station,guyo_primary_school,GUYO PRIMARY SCHOOL,,,,,,nanighi,,70310156061,1
poll_station,kamuthe_primary,KAMUTHE PRIMARY,,,,,,nanighi,,70310156062,2
poll_station,nanighi_primary_school,NANIGHI PRIMARY SCHOOL,,,,,,nanighi,,70310156005,3
poll_station,harajabs_ecd,HARAJABS ECD,,,,,,nanighi,,70310156064,1
poll_station,nadir_primary_school,NADIR PRIMARY SCHOOL,,,,,,nanighi,,70310156065,1
poll_station,warable_primary_school,WARABLE PRIMARY SCHOOL,,,,,,nanighi,,70310156066,2
poll_station,nanighi_secondary_school,NANIGHI SECONDARY SCHOOL,,,,,,nanighi,,70310156067,1
poll_station,tagal_primary_school,TAGAL PRIMARY SCHOOL,,,,,,nanighi,,70310156068,1
poll_station,gora_ecd,GORA ECD,,,,,,nanighi,,70310156069,1
poll_station,dab_bulle_dam,DAB BULLE DAM,,,,,,nanighi,,70310156070,1
poll_station,warable_madrasa,WARABLE MADRASA,,,,,,nanighi,,70310156071,1
poll_station,kamuthe_women_centre,KAMUTHE WOMEN CENTRE,,,,,,nanighi,,70310156072,2
poll_station,sheikh_hassan_centre,SHEIKH HASSAN CENTRE,,,,,,nanighi,,70310156073,1
poll_station,koranhindi_primary_school,KORANHINDI PRIMARY SCHOOL,,,,,,hulugho,,70320157001,1
poll_station,garabey_primary_school,GARABEY PRIMARY SCHOOL,,,,,,hulugho,,70320157002,1
poll_station,elkambere_primary_school,ELKAMBERE PRIMARY SCHOOL,,,,,,hulugho,,70320157003,1
poll_station,sarirah_early_child_center,SARIRAH EARLY CHILD CENTER,,,,,,hulugho,,70320157004,1
poll_station,hulugho_primary_school,HULUGHO PRIMARY SCHOOL,,,,,,hulugho,,70320157005,2
poll_station,muftu_primary_school,MUFTU PRIMARY SCHOOL,,,,,,hulugho,,70320157006,1
poll_station,wardeijab_primary_school,WARDEIJAB PRIMARY SCHOOL,,,,,,hulugho,,70320157007,1
poll_station,ire_garwan_village_dam,IRE GARWAN VILLAGE DAM,,,,,,hulugho,,70320157008,1
poll_station,haitagan_village_dam,HAITAGAN VILLAGE DAM,,,,,,hulugho,,70320157009,1
poll_station,jilo_mata_primary_school,JILO MATA PRIMARY SCHOOL,,,,,,hulugho,,70320157010,1
poll_station,hadi_primary_school,HADI PRIMARY SCHOOL,,,,,,hulugho,,70320157011,1
poll_station,sinai_primary_school,SINAI PRIMARY SCHOOL,,,,,,hulugho,,70320157012,1
poll_station,doi_mobile,DOI MOBILE,,,,,,hulugho,,70320157013,1
poll_station,gesireb_primary_school,GESIREB PRIMARY SCHOOL,,,,,,hulugho,,70320157014,1
poll_station,hareridero_village_dam,HARERIDERO VILLAGE DAM,,,,,,hulugho,,70320157015,1
poll_station,tumtish_village_dam,TUMTISH VILLAGE DAM,,,,,,hulugho,,70320157016,1
poll_station,doomi_ecd,DOOMI ECD,,,,,,hulugho,,70320157017,1
poll_station,boma_primary_school,BOMA PRIMARY SCHOOL,,,,,,hulugho,,70320157018,1
poll_station,bulla_khardas_ict_centre,BULLA KHARDAS ICT CENTRE,,,,,,hulugho,,70320157019,1
poll_station,kurde_village_dam,KURDE VILLAGE DAM,,,,,,hulugho,,70320157020,1
poll_station,garasbul_village_dam,GARASBUL VILLAGE DAM,,,,,,hulugho,,70320157021,1
poll_station,handaro_primary_school,HANDARO PRIMARY SCHOOL,,,,,,sangailu,,70320158022,1
poll_station,gediluun_primary_school,GEDILUUN PRIMARY SCHOOL,,,,,,sangailu,,70320158023,1
poll_station,sangailu_primary_school,SANGAILU PRIMARY SCHOOL,,,,,,sangailu,,70320158024,2
poll_station,mata_arba_early_child_center,MATA ARBA EARLY CHILD CENTER,,,,,,sangailu,,70320158025,1
poll_station,mareh_early_child_center,MAREH EARLY CHILD CENTER,,,,,,sangailu,,70320158026,1
poll_station,wakab_harey_early_child_center,WAKAB HAREY EARLY CHILD CENTER,,,,,,sangailu,,70320158027,2
poll_station,ege_early_child_center,EGE EARLY CHILD CENTER,,,,,,sangailu,,70320158028,1
poll_station,daarow_ecd,DAAROW ECD,,,,,,sangailu,,70320158029,1
poll_station,maderto_mobile,MADERTO MOBILE,,,,,,sangailu,,70320158030,1
poll_station,sangailu_ict_centre,SANGAILU ICT CENTRE,,,,,,sangailu,,70320158031,1
poll_station,gerille_primary_school,GERILLE PRIMARY SCHOOL,,,,,,ijara,,70320159032,1
poll_station,shebo_village_dam,SHEBO VILLAGE DAM,,,,,,ijara,,70320159033,1
poll_station,rugha_primary_school,RUGHA PRIMARY SCHOOL,,,,,,ijara,,70320159034,2
poll_station,warsame_village_dam,WARSAME VILLAGE DAM,,,,,,ijara,,70320159035,1
poll_station,ijara_primary_school,IJARA PRIMARY SCHOOL,,,,,,ijara,,70320159036,2
poll_station,hussein_katalo_village_dam,HUSSEIN KATALO VILLAGE DAM,,,,,,ijara,,70320159037,1
poll_station,dabel_weyne_village_dam,DABEL WEYNE VILLAGE DAM,,,,,,ijara,,70320159038,1
poll_station,waranweine_primary_school,WARANWEINE PRIMARY SCHOOL,,,,,,ijara,,70320159039,1
poll_station,bulla_gogon_village_dam,BULLA GOGON VILLAGE DAM,,,,,,ijara,,70320159040,1
poll_station,bultohama_primary_school,BULTOHAMA PRIMARY SCHOOL,,,,,,ijara,,70320159041,1
poll_station,dibayu_cattle_crush,DIBAYU CATTLE CRUSH,,,,,,ijara,,70320159042,1
poll_station,bothai_primary_school,BOTHAI PRIMARY SCHOOL,,,,,,ijara,,70320159043,2
poll_station,jalish_primary_school,JALISH PRIMARY SCHOOL,,,,,,ijara,,70320159044,1
poll_station,dololo_primary_school,DOLOLO PRIMARY SCHOOL,,,,,,ijara,,70320159045,1
poll_station,elmaan_primary_school,ELMAAN PRIMARY SCHOOL,,,,,,ijara,,70320159046,1
poll_station,hamora_village_dam,HAMORA VILLAGE DAM,,,,,,ijara,,70320159047,1
poll_station,bulla_wacha_early_child_center,BULLA WACHA EARLY CHILD CENTER,,,,,,ijara,,70320159048,1
poll_station,ijara_livestock_market,IJARA LIVESTOCK MARKET,,,,,,ijara,,70320159049,1
poll_station,maah_village_dam,MAAH VILLAGE DAM,,,,,,ijara,,70320159050,1
poll_station,sagar_village_dam,SAGAR VILLAGE DAM,,,,,,ijara,,70320159051,1
poll_station,wardegoga_primary_school,WARDEGOGA PRIMARY SCHOOL,,,,,,ijara,,70320159052,1
poll_station,bulla_ap_dispensary,BULLA AP DISPENSARY,,,,,,ijara,,70320159053,1
poll_station,falama_primary_school,FALAMA PRIMARY SCHOOL,,,,,,ijara,,70320159054,1
poll_station,golol_dere_village_dam,GOLOL DERE VILLAGE DAM,,,,,,ijara,,70320159055,1
poll_station,walmare_village_dam,WALMARE VILLAGE DAM,,,,,,ijara,,70320159056,1
poll_station,gababa_primary_school,GABABA PRIMARY SCHOOL,,,,,,masalani,,70320160057,1
poll_station,abdigure_dam,ABDIGURE DAM,,,,,,masalani,,70320160058,1
poll_station,masalani_primary_school,MASALANI PRIMARY SCHOOL,,,,,,masalani,,70320160020,3
poll_station,masalani_baraza_park,MASALANI BARAZA PARK,,,,,,masalani,,70320160060,2
poll_station,hara_primary_school,HARA PRIMARY SCHOOL,,,,,,masalani,,70320160003,1
poll_station,turkata_primary_school,TURKATA PRIMARY SCHOOL,,,,,,masalani,,70320160062,1
poll_station,rahma_primary_school,RAHMA PRIMARY SCHOOL,,,,,,masalani,,70320160063,1
poll_station,korissa_primary_school,KORISSA PRIMARY SCHOOL,,,,,,masalani,,70320160064,1
poll_station,korisa_dispensary,KORISA DISPENSARY,,,,,,masalani,,70320160065,1
poll_station,kotile_early_child_center,KOTILE EARLY CHILD CENTER,,,,,,masalani,,70320160066,1
poll_station,kotile_primary_school,KOTILE PRIMARY SCHOOL,,,,,,masalani,,70320160067,1
poll_station,ali_jarire_early_child_center,ALI JARIRE EARLY CHILD CENTER,,,,,,masalani,,70320160068,1
poll_station,shurie_secondary_school,SHURIE SECONDARY SCHOOL,,,,,,masalani,,70320160069,2
poll_station,dahir_primary_school,DAHIR PRIMARY SCHOOL,,,,,,masalani,,70320160070,2
poll_station,sufi_bashir_dam,SUFI BASHIR DAM,,,,,,masalani,,70320160071,1
poll_station,mai_primary_school,MAI PRIMARY SCHOOL,,,,,,masalani,,70320160072,1
poll_station,hadama_jarri_village_dam,HADAMA JARRI VILLAGE DAM,,,,,,masalani,,70320160073,1
poll_station,gumarey_primary_school,GUMAREY PRIMARY SCHOOL,,,,,,masalani,,70320160074,1
poll_station,hidaya_primary_school,HIDAYA PRIMARY SCHOOL,,,,,,masalani,,70320160075,1
poll_station,khalankhal_derow,KHALANKHAL DEROW,,,,,,masalani,,70320160076,1
poll_station,qundi_village_dam,QUNDI VILLAGE DAM,,,,,,masalani,,70320160077,1
poll_station,torabora_primary_school,TORABORA PRIMARY SCHOOL,,,,,,masalani,,70320160078,1
poll_station,dahir_dispensary,DAHIR DISPENSARY,,,,,,masalani,,70320160079,1
poll_station,ijara_county_council,IJARA COUNTY COUNCIL,,,,,,masalani,,70320160080,1
poll_station,taqwa_primary_school,TAQWA PRIMARY SCHOOL,,,,,,masalani,,70320160081,1
poll_station,county_council_mixed_secondary,COUNTY COUNCIL MIXED SECONDARY,,,,,,masalani,,70320160082,1
poll_station,gurar_old_pry,GURAR OLD PRY,,,,,,gurar,,80330161001,1
poll_station,karibuke_centre,KARIBUKE CENTRE,,,,,,gurar,,80330161002,1
poll_station,gurar_pry_sch,GURAR PRY SCH,,,,,,gurar,,80330161003,1
poll_station,bamba_dam,BAMBA DAM,,,,,,gurar,,80330161004,1
poll_station,garikilo_pry,GARIKILO PRY,,,,,,gurar,,80330161005,1
poll_station,sake_gamadha,SAKE GAMADHA,,,,,,gurar,,80330161006,1
poll_station,garse_sare_village,GARSE SARE VILLAGE,,,,,,gurar,,80330161007,1
poll_station,qarsa_abulla,QARSA ABULLA,,,,,,gurar,,80330161008,1
poll_station,bilatu_amin,BILATU AMIN,,,,,,gurar,,80330161009,1
poll_station,daranle_primary_school,DARANLE PRIMARY SCHOOL,,,,,,gurar,,80330161010,1
poll_station,gurar_secondary_school,GURAR SECONDARY SCHOOL,,,,,,gurar,,80330161011,1
poll_station,bute_arid_zone_pry,BUTE ARID ZONE PRY,,,,,,bute,,80330162012,1
poll_station,malaba_pry_sch,MALABA PRY SCH,,,,,,bute,,80330162013,1
poll_station,walenstutu_centre,WALENSTUTU CENTRE,,,,,,bute,,80330162014,1
poll_station,bute_girls_sec,BUTE GIRLS SEC,,,,,,bute,,80330162015,1
poll_station,gararoba_village,GARAROBA VILLAGE,,,,,,bute,,80330162016,1
poll_station,adadijole_pry_sch,ADADIJOLE PRY SCH,,,,,,bute,,80330162017,1
poll_station,ogorji_pry_sch,OGORJI PRY SCH,,,,,,bute,,80330162018,1
poll_station,ogorjilibo_centre,OGORJILIBO CENTRE,,,,,,bute,,80330162019,1
poll_station,bute_boys_sec,BUTE BOYS SEC,,,,,,bute,,80330162020,1
poll_station,jartey_centre,JARTEY CENTRE,,,,,,bute,,80330162021,1
poll_station,ololdinle_primary_school,OLOLDINLE PRIMARY SCHOOL,,,,,,bute,,80330162022,1
poll_station,chalalaqa_primary_school,CHALALAQA PRIMARY SCHOOL,,,,,,bute,,80330162023,1
poll_station,bute_mixed_secondary_school,BUTE MIXED SECONDARY SCHOOL,,,,,,bute,,80330162024,1
poll_station,korondile_pry_sch,KORONDILE PRY SCH,,,,,,korondile,,80330163025,1
poll_station,lensayu_pry_sch,LENSAYU PRY SCH,,,,,,korondile,,80330163026,1
poll_station,lakole_north_centre,LAKOLE NORTH CENTRE,,,,,,korondile,,80330163027,1
poll_station,unsile_water_point,UNSILE WATER POINT,,,,,,korondile,,80330163028,1
poll_station,nyata_bore_hole,NYATA BORE HOLE,,,,,,korondile,,80330163029,1
poll_station,rabsu_centre,RABSU CENTRE,,,,,,korondile,,80330163030,1
poll_station,tuluroba_centre,TULUROBA CENTRE,,,,,,korondile,,80330163031,2
poll_station,bitorebay_water_point,BITOREBAY WATER POINT,,,,,,korondile,,80330163032,1
poll_station,lensayu_dispensary,LENSAYU DISPENSARY,,,,,,korondile,,80330163033,1
poll_station,milisaded_pry_sch,MILISADED PRY SCH.,,,,,,korondile,,80330163034,1
poll_station,korondille_boys_sec,KORONDILLE BOYS SEC.,,,,,,korondile,,80330163035,1
poll_station,basir_north_centre,BASIR NORTH CENTRE,,,,,,korondile,,80330163036,1
poll_station,sirey_primary_school,SIREY PRIMARY SCHOOL,,,,,,korondile,,80330163037,1
poll_station,jarte_ecd,JARTE ECD,,,,,,korondile,,80330163038,1
poll_station,golbo_ecd,GOLBO ECD,,,,,,korondile,,80330163039,1
poll_station,funan_hosa_primary,FUNAN HOSA PRIMARY,,,,,,korondile,,80330163040,1
poll_station,nyata_primary_school,NYATA PRIMARY SCHOOL,,,,,,korondile,,80330163041,1
poll_station,malka_gufu_pry_sch,MALKA GUFU PRY SCH,,,,,,malkagufu,,80330164042,2
poll_station,berti_abdiaziz,BERTI ABDIAZIZ,,,,,,malkagufu,,80330164043,1
poll_station,elboru_ido_water_point,EL-BORU IDO WATER POINT,,,,,,malkagufu,,80330164044,1
poll_station,chabicha_village,CHABICHA VILLAGE,,,,,,malkagufu,,80330164045,1
poll_station,ingirir_pry_sch,INGIRIR PRY SCH,,,,,,malkagufu,,80330164046,1
poll_station,jabder,JABDER,,,,,,malkagufu,,80330164047,1
poll_station,ingirir_dispensary,INGIRIR DISPENSARY,,,,,,malkagufu,,80330164048,1
poll_station,malkagufu_dispensary,MALKAGUFU DISPENSARY,,,,,,malkagufu,,80330164049,2
poll_station,batalu_pry,BATALU PRY,,,,,,batalu,,80330165050,1
poll_station,basineja_centre,BASINEJA CENTRE,,,,,,batalu,,80330165051,1
poll_station,kurow_centre,KUROW CENTRE,,,,,,batalu,,80330165052,1
poll_station,buna_pry_sch,BUNA PRY SCH,,,,,,batalu,,80330165053,1
poll_station,garse_ake_water_point,GARSE AKE WATER POINT,,,,,,batalu,,80330165054,1
poll_station,buna_old_dispensary,BUNA OLD DISPENSARY,,,,,,batalu,,80330165055,1
poll_station,funanbua_pry_sch,FUNANBUA PRY SCH,,,,,,batalu,,80330165056,1
poll_station,cherate_mobile,CHERATE MOBILE,,,,,,batalu,,80330165057,1
poll_station,buna_sec_sch,BUNA SEC SCH,,,,,,batalu,,80330165058,1
poll_station,beramu_pry_sch,BERAMU PRY SCH),,,,,,batalu,,80330165059,1
poll_station,sala_centre,SALA CENTRE,,,,,,batalu,,80330165060,1
poll_station,beramu_2_centre,BERAMU 2 CENTRE,,,,,,batalu,,80330165061,1
poll_station,buna_girls_secondary_school,BUNA GIRLS SECONDARY SCHOOL,,,,,,batalu,,80330165062,1
poll_station,ido_roble_primary_school,IDO ROBLE PRIMARY SCHOOL,,,,,,batalu,,80330165063,1
poll_station,buna_sub_county_hospital,BUNA SUB COUNTY HOSPITAL,,,,,,batalu,,80330165064,1
poll_station,beramu_dispensary,BERAMU DISPENSARY,,,,,,batalu,,80330165065,1
poll_station,batalu_dispensary,BATALU DISPENSARY,,,,,,batalu,,80330165066,1
poll_station,basineja_dispensary,BASINEJA DISPENSARY,,,,,,batalu,,80330165067,1
poll_station,danaba_pry_sch,DANABA PRY SCH,,,,,,danaba,,80330166068,3
poll_station,qudama_pry_sch,QUDAMA PRY SCH,,,,,,danaba,,80330166069,1
poll_station,ajawa_pry_sch,AJAWA PRY SCH,,,,,,danaba,,80330166070,2
poll_station,andaraka_pry_school,ANDARAKA PRY SCHOOL,,,,,,danaba,,80330166071,3
poll_station,duhuma_water_point,DUHUMA WATER POINT,,,,,,danaba,,80330166072,1
poll_station,fardahoma_water_point,FARDAHOMA WATER POINT,,,,,,danaba,,80330166073,1
poll_station,dibe_mobile,DIBE MOBILE,,,,,,danaba,,80330166074,1
poll_station,bosicha_centre,BOSICHA CENTRE,,,,,,danaba,,80330166075,1
poll_station,bolowle_centre,BOLOWLE CENTRE,,,,,,danaba,,80330166076,1
poll_station,danaba_day_mixed_secondary_scho,DANABA DAY MIXED SECONDARY SCHO,,,,,,danaba,,80330166077,2
poll_station,danaba_ward_admin_office,DANABA WARD ADMIN OFFICE,,,,,,danaba,,80330166078,2
poll_station,danaba_dispensary,DANABA DISPENSARY,,,,,,danaba,,80330166079,2
poll_station,godoma_nep_pry,GODOMA NEP PRY,,,,,,godoma,,80330167080,1
poll_station,dugo_pry,DUGO PRY,,,,,,godoma,,80330167081,1
poll_station,watiti_centre,WATITI CENTRE,,,,,,godoma,,80330167082,1
poll_station,karaduse_dam,KARADUSE DAM,,,,,,godoma,,80330167083,1
poll_station,ogomoi_dispensary,OGOMOI DISPENSARY,,,,,,godoma,,80330167084,1
poll_station,hote_pry_sch,HOTE PRY SCH.,,,,,,godoma,,80330167085,2
poll_station,watiti_b_centre,WATITI B CENTRE,,,,,,godoma,,80330167086,2
poll_station,kunjure_primary_school,KUNJURE PRIMARY SCHOOL,,,,,,godoma,,80330167087,1
poll_station,hote_dispensary,HOTE DISPENSARY,,,,,,godoma,,80330167088,1
poll_station,wagberi_pr_school,WAGBERI PR SCHOOL,,,,,,wagberi,,80340168001,3
poll_station,catholic_pr_school,CATHOLIC PR SCHOOL,,,,,,wagberi,,80340168002,2
poll_station,volunteer_pr_school,VOLUNTEER PR SCHOOL,,,,,,wagberi,,80340168003,2
poll_station,halane_adult_education_office,HALANE ADULT EDUCATION OFFICE,,,,,,wagberi,,80340168004,2
poll_station,alfurqan_intergrated,AL-FURQAN INTERGRATED,,,,,,wagberi,,80340168005,1
poll_station,wajir_poly,WAJIR POLY,,,,,,wagberi,,80340168006,1
poll_station,lmd_camp,LMD CAMP,,,,,,wagberi,,80340168007,2
poll_station,wagberi_sec_school,WAGBERI SEC SCHOOL,,,,,,wagberi,,80340168008,1
poll_station,halane_pry_school,HALANE PRY SCHOOL,,,,,,wagberi,,80340168009,1
poll_station,elmi_pr_school,ELMI PR SCHOOL,,,,,,wagberi,,80340168010,1
poll_station,wajir_technical_college,WAJIR TECHNICAL COLLEGE,,,,,,wagberi,,80340168011,1
poll_station,wagberi_girls_secondary_school,WAGBERI GIRLS SECONDARY SCHOOL,,,,,,wagberi,,80340168012,1
poll_station,wagberi_dispensary,WAGBERI DISPENSARY,,,,,,wagberi,,80340168013,1
poll_station,hodhan_pry_school,HODHAN PRY SCHOOL,,,,,,township,,80340169014,2
poll_station,wajir_secschool,WAJIR SEC.SCHOOL,,,,,,township,,80340169015,2
poll_station,baraza_park,BARAZA PARK,,,,,,township,,80340169011,4
poll_station,township_prschool,TOWNSHIP PR.SCHOOL,,,,,,township,,80340169017,2
poll_station,furaha_pry_school,FURAHA PRY SCHOOL,,,,,,township,,80340169018,2
poll_station,africa_muslim_academy_primary_sc,AFRICA MUSLIM ACADEMY PRIMARY SC,,,,,,township,,80340169019,1
poll_station,ama_pry_school,AMA PRY SCHOOL,,,,,,township,,80340169020,2
poll_station,rahma_pry_school,RAHMA PRY SCHOOL,,,,,,township,,80340169021,1
poll_station,elbay_village,ELBAY VILLAGE,,,,,,township,,80340169022,1
poll_station,furaha_sec_school,FURAHA SEC SCHOOL,,,,,,township,,80340169023,1
poll_station,sheletey_mixed_sec_school,SHELETEY MIXED SEC SCHOOL,,,,,,township,,80340169024,1
poll_station,furaha_girls_sec_school,FURAHA GIRLS SEC SCHOOL,,,,,,township,,80340169025,2
poll_station,ali_maow_dispensary,ALI MAOW DISPENSARY,,,,,,township,,80340169026,1
poll_station,wajir_full_pri_school,WAJIR FULL PRI SCHOOL,,,,,,township,,80340169027,1
poll_station,sabuley_secondary_school,SABULEY SECONDARY SCHOOL,,,,,,barwago,,80340170028,2
poll_station,got_ade_pry_school,GOT ADE PRY SCHOOL,,,,,,barwago,,80340170029,2
poll_station,makaror_pry_school,MAKAROR PRY SCHOOL,,,,,,barwago,,80340170030,1
poll_station,wajir_girls_pry_school,WAJIR GIRLS PRY SCHOOL,,,,,,barwago,,80340170031,2
poll_station,jogbaru_pry_school,JOGBARU PRY SCHOOL,,,,,,barwago,,80340170032,2
poll_station,livestock_mkt,LIVESTOCK MKT,,,,,,barwago,,80340170033,3
poll_station,county_council_mkt,COUNTY COUNCIL MKT,,,,,,barwago,,80340170034,2
poll_station,barwago_mixed_sec_school,BARWAGO MIXED SEC SCHOOL,,,,,,barwago,,80340170035,1
poll_station,jogbaro_girls_sec_school,JOGBARO GIRLS SEC SCHOOL,,,,,,barwago,,80340170036,1
poll_station,barwago_health_center,BARWAGO HEALTH CENTER,,,,,,barwago,,80340170037,1
poll_station,bangal_primary_school,BANGAL PRIMARY SCHOOL,,,,,,barwago,,80340170038,1
poll_station,barwago_girls_pry,BARWAGO GIRLS PRY,,,,,,barwago,,80340170039,1
poll_station,barwago_fresh_market,BARWAGO FRESH MARKET,,,,,,barwago,,80340170040,2
poll_station,khorof_harar_pr_sch,KHOROF HARAR PR SCH,,,,,,khorof_harar,,80340171041,1
poll_station,khorof_harar_sec_sch,KHOROF HARAR SEC SCH,,,,,,khorof_harar,,80340171042,1
poll_station,gumarey_dam,GUMAREY DAM,,,,,,khorof_harar,,80340171043,1
poll_station,konton_pr_school,KONTON PR SCHOOL,,,,,,khorof_harar,,80340171044,1
poll_station,qarsa_pry_school,QARSA PRY SCHOOL,,,,,,khorof_harar,,80340171045,1
poll_station,riba_pry_school,RIBA PRY SCHOOL,,,,,,khorof_harar,,80340171046,2
poll_station,wajirbor_pry_school,WAJIRBOR PRY SCHOOL,,,,,,khorof_harar,,80340171047,2
poll_station,handaki_east,HANDAKI EAST,,,,,,khorof_harar,,80340171048,1
poll_station,star_wario_pry_school,STAR WARIO PRY SCHOOL,,,,,,khorof_harar,,80340171049,1
poll_station,arbaqeramsi_pry_school,ARBAQERAMSI PRY SCHOOL,,,,,,khorof_harar,,80340171050,2
poll_station,qahira_centre,QAHIRA CENTRE,,,,,,khorof_harar,,80340171051,1
poll_station,lanbib_pry_school,LANBIB PRY SCHOOL,,,,,,khorof_harar,,80340171052,2
poll_station,afar_shanle_pry_school,AFAR SHANLE PRY SCHOOL,,,,,,khorof_harar,,80340171053,1
poll_station,johar_east,JOHAR EAST,,,,,,khorof_harar,,80340171054,1
poll_station,dashega_east,DASHEGA EAST,,,,,,khorof_harar,,80340171055,1
poll_station,kajaja_one_east,KAJAJA ONE EAST,,,,,,khorof_harar,,80340171056,1
poll_station,kajaja_two_east,KAJAJA TWO EAST,,,,,,khorof_harar,,80340171057,1
poll_station,kotulo_east,KOTULO EAST,,,,,,khorof_harar,,80340171058,1
poll_station,elali_primary_school,EL-ALI PRIMARY SCHOOL,,,,,,khorof_harar,,80340171059,1
poll_station,kafarsa_east,KAFARSA EAST,,,,,,khorof_harar,,80340171060,1
poll_station,gerille_east,GERILLE EAST,,,,,,khorof_harar,,80340171061,1
poll_station,boji_garas_pry_school,BOJI GARAS PRY SCHOOL,,,,,,khorof_harar,,80340171062,1
poll_station,bulis_kurman,BULIS KURMAN,,,,,,khorof_harar,,80340171063,1
poll_station,balbala_wells,BALBALA WELLS,,,,,,khorof_harar,,80340171064,1
poll_station,abaqfin_pry_school,ABAQFIN PRY SCHOOL,,,,,,khorof_harar,,80340171065,1
poll_station,junction,JUNCTION,,,,,,khorof_harar,,80340171066,1
poll_station,beledwein_pry_school,BELEDWEIN PRY SCHOOL,,,,,,khorof_harar,,80340171067,1
poll_station,burmayo_pry_school,BURMAYO PRY SCHOOL,,,,,,elben,,80350172001,1
poll_station,diga_diga_dam,DIGA DIGA DAM,,,,,,elben,,80350172002,1
poll_station,ogarale_pry_school,OGARALE PRY SCHOOL,,,,,,elben,,80350172003,1
poll_station,mansa_pry_school,MANSA PRY SCHOOL,,,,,,elben,,80350172004,2
poll_station,abdi_gaaney_bore_hole,ABDI GAANEY BORE HOLE,,,,,,elben,,80350172005,1
poll_station,durway_dam,DURWAY DAM,,,,,,elben,,80350172006,1
poll_station,elben_pry_school,ELBEN PRY SCHOOL,,,,,,elben,,80350172007,1
poll_station,singo_well,SINGO WELL,,,,,,elben,,80350172008,1
poll_station,majabyar_village,MAJABYAR VILLAGE,,,,,,elben,,80350172009,1
poll_station,elben_dispensary,ELBEN DISPENSARY,,,,,,elben,,80350172010,1
poll_station,singow_borehole,SINGOW BOREHOLE,,,,,,elben,,80350172011,1
poll_station,mansa_secondary,MANSA SECONDARY,,,,,,elben,,80350172012,1
poll_station,dambas_pry_school,DAMBAS PRY SCHOOL,,,,,,sarman,,80350173013,2
poll_station,machine_ben_pry_school,MACHINE BEN PRY SCHOOL,,,,,,sarman,,80350173014,1
poll_station,jaijai_pry_school,JAIJAI PRY SCHOOL,,,,,,sarman,,80350173015,1
poll_station,sarman_pry_school,SARMAN PRY SCHOOL,,,,,,sarman,,80350173016,2
poll_station,kubitula_dam,KUBITULA DAM,,,,,,sarman,,80350173017,1
poll_station,dunto_pry_school,DUNTO PRY SCHOOL,,,,,,sarman,,80350173018,2
poll_station,basanije_pry_school,BASANIJE PRY SCHOOL,,,,,,sarman,,80350173019,1
poll_station,berjini_dam,BERJINI DAM,,,,,,sarman,,80350173020,2
poll_station,gunana_pry_school,GUNANA PRY SCHOOL,,,,,,sarman,,80350173021,2
poll_station,duntow_dipensary,DUNTOW DIPENSARY,,,,,,sarman,,80350173022,1
poll_station,sarman_boys_secondary,SARMAN BOYS SECONDARY,,,,,,sarman,,80350173023,1
poll_station,dambas_health_center,DAMBAS HEALTH CENTER,,,,,,sarman,,80350173024,1
poll_station,dambas_market,DAMBAS MARKET,,,,,,sarman,,80350173025,1
poll_station,kubimani_madarasatul_salam,KUBIMANI MADARASATUL SALAM,,,,,,sarman,,80350173026,1
poll_station,balad_raha_primary,BALAD RAHA PRIMARY,,,,,,sarman,,80350173027,1
poll_station,hadado_gof_center,HADADO GOF CENTER,,,,,,sarman,,80350173028,1
poll_station,tarbaj_pry_school,TARBAJ PRY SCHOOL,,,,,,tarbaj,,80350174029,1
poll_station,tarbaj_library,TARBAJ LIBRARY,,,,,,tarbaj,,80350174030,2
poll_station,haragal_pry_school,HARAGAL PRY SCHOOL,,,,,,tarbaj,,80350174031,1
poll_station,majabow_pry_school,MAJABOW PRY SCHOOL,,,,,,tarbaj,,80350174032,1
poll_station,della_dam_mobile,DELLA DAM (MOBILE),,,,,,tarbaj,,80350174033,1
poll_station,elyunis_pry_school,ELYUNIS PRY SCHOOL,,,,,,tarbaj,,80350174034,1
poll_station,balatul_amin_pry_school,BALATUL AMIN PRY SCHOOL,,,,,,tarbaj,,80350174035,1
poll_station,hassan_yarrow_pry_school,HASSAN YARROW PRY SCHOOL,,,,,,tarbaj,,80350174036,1
poll_station,dodha_pry_school,DODHA PRY SCHOOL,,,,,,tarbaj,,80350174037,1
poll_station,katote_pry_school,KATOTE PRY SCHOOL,,,,,,tarbaj,,80350174038,1
poll_station,lafaley_pry_school,LAFALEY PRY SCHOOL,,,,,,tarbaj,,80350174039,1
poll_station,johar_pry_school,JOHAR PRY SCHOOL,,,,,,tarbaj,,80350174040,2
poll_station,dasheg_pry_school,DASHEG PRY SCHOOL,,,,,,tarbaj,,80350174041,1
poll_station,kajaja_one_pr_y_school,KAJAJA ONE PR Y SCHOOL,,,,,,tarbaj,,80350174042,1
poll_station,harakoba_dam,HARAKOBA DAM,,,,,,tarbaj,,80350174043,1
poll_station,ahmed_liban_sec_school,AHMED LIBAN SEC SCHOOL,,,,,,tarbaj,,80350174044,2
poll_station,doksa_primary,DOKSA PRIMARY,,,,,,tarbaj,,80350174045,1
poll_station,iileys_mixed_day_secondary,IILEYS MIXED DAY SECONDARY,,,,,,tarbaj,,80350174046,1
poll_station,jowhar_mixed_day_secondary,JOWHAR MIXED DAY SECONDARY,,,,,,tarbaj,,80350174047,1
poll_station,holoke_center,HOLOKE CENTER,,,,,,tarbaj,,80350174048,1
poll_station,alanley_village,ALANLEY VILLAGE,,,,,,tarbaj,,80350174049,1
poll_station,tarbaj_boys_secondary,TARBAJ BOYS SECONDARY,,,,,,tarbaj,,80350174050,1
poll_station,tarbaj_technical_training,TARBAJ TECHNICAL TRAINING,,,,,,tarbaj,,80350174051,1
poll_station,tarbaj_sloughter_house,TARBAJ SLOUGHTER HOUSE,,,,,,tarbaj,,80350174052,1
poll_station,farjano_village,FARJANO VILLAGE,,,,,,tarbaj,,80350174053,1
poll_station,katote_dispensary,KATOTE DISPENSARY,,,,,,tarbaj,,80350174054,1
poll_station,mado_primary,MADO PRIMARY,,,,,,tarbaj,,80350174055,1
poll_station,kutulo_pry_school,KUTULO PRY SCHOOL,,,,,,wargadud,,80350175056,2
poll_station,bojigaras_pry_school,BOJIGARAS PRY SCHOOL,,,,,,wargadud,,80350175057,1
poll_station,el_kutulo_center,EL- KUTULO CENTER,,,,,,wargadud,,80350175058,1
poll_station,leheley_centre,LEHELEY CENTRE,,,,,,wargadud,,80350175059,1
poll_station,ausemudule,AUSEMUDULE,,,,,,wargadud,,80350175060,1
poll_station,maadathe_pry_school,MAADATHE PRY SCHOOL,,,,,,wargadud,,80350175061,1
poll_station,kajaja_two_pry_school,KAJAJA TWO PRY SCHOOL,,,,,,wargadud,,80350175062,1
poll_station,wargadud_pry_school,WARGADUD PRY SCHOOL,,,,,,wargadud,,80350175063,1
poll_station,dalsan_center,DALSAN CENTER,,,,,,wargadud,,80350175064,1
poll_station,ogle_market,OGLE MARKET,,,,,,wargadud,,80350175065,1
poll_station,elkusow_village,EL-KUSOW VILLAGE,,,,,,wargadud,,80350175066,1
poll_station,kutulo_mixed_secondary,KUTULO MIXED SECONDARY,,,,,,wargadud,,80350175067,1
poll_station,kutulo_girls_primary,KUTULO GIRLS PRIMARY,,,,,,wargadud,,80350175068,1
poll_station,arbajahan_primary,ARBAJAHAN PRIMARY,,,,,,arbajahan,,80360176001,3
poll_station,adan_awale_primary,ADAN AWALE PRIMARY,,,,,,arbajahan,,80360176002,1
poll_station,garsekhoftu_primary,GARSEKHOFTU PRIMARY,,,,,,arbajahan,,80360176003,2
poll_station,griftu_primary,GRIFTU PRIMARY,,,,,,arbajahan,,80360176004,1
poll_station,welathi_centre,WELATHI CENTRE,,,,,,arbajahan,,80360176005,1
poll_station,qara,QARA,,,,,,arbajahan,,80360176006,1
poll_station,kubey_surur,KUBEY SURUR,,,,,,arbajahan,,80360176007,1
poll_station,kurman_centre,KURMAN CENTRE,,,,,,arbajahan,,80360176008,1
poll_station,hon_khalif_girls_secondary,HON KHALIF GIRLS SECONDARY,,,,,,arbajahan,,80360176009,1
poll_station,forest_primary,FOREST PRIMARY,,,,,,arbajahan,,80360176010,1
poll_station,jagahir_dam,JAGAHIR DAM,,,,,,arbajahan,,80360176011,1
poll_station,baji_mobile,BAJI MOBILE,,,,,,arbajahan,,80360176012,1
poll_station,mathow_primary,MATHOW PRIMARY,,,,,,arbajahan,,80360176013,1
poll_station,lanqod_centre,LANQOD CENTRE,,,,,,arbajahan,,80360176014,1
poll_station,arbajahan_secondary_school,ARBAJAHAN SECONDARY SCHOOL,,,,,,arbajahan,,80360176015,1
poll_station,elderow_centre,ELDEROW CENTRE,,,,,,arbajahan,,80360176016,1
poll_station,nur_gows_primary_school,NUR GOWS PRIMARY SCHOOL,,,,,,arbajahan,,80360176017,1
poll_station,garab_bisiq,GARAB BISIQ,,,,,,arbajahan,,80360176018,1
poll_station,darusalam,DARUSALAM,,,,,,arbajahan,,80360176019,1
poll_station,baji_primary,BAJI PRIMARY,,,,,,arbajahan,,80360176020,1
poll_station,abaqmathobe_nursery_and_primar,ABAQMATHOBE NURSERY AND PRIMAR,,,,,,arbajahan,,80360176021,1
poll_station,garseykhoftu_secondary,GARSEYKHOFTU SECONDARY,,,,,,arbajahan,,80360176022,1
poll_station,madina,MADINA,,,,,,arbajahan,,80360176023,1
poll_station,hadado_north_primary,HADADO NORTH PRIMARY,,,,,,hadado_athibohol,,80360177024,2
poll_station,athibohole_primary,ATHIBOHOLE PRIMARY,,,,,,hadado_athibohol,,80360177025,1
poll_station,jira_dam,JIRA DAM,,,,,,hadado_athibohol,,80360177026,1
poll_station,lolkuta_north_primary,LOLKUTA NORTH PRIMARY,,,,,,hadado_athibohol,,80360177027,1
poll_station,lagbogol_primary,LAGBOGOL PRIMARY,,,,,,hadado_athibohol,,80360177028,1
poll_station,fatuma_nur_primary,FATUMA NUR PRIMARY,,,,,,hadado_athibohol,,80360177029,1
poll_station,shandarua,SHANDARUA,,,,,,hadado_athibohol,,80360177030,1
poll_station,hadado_waberi,HADADO WABERI,,,,,,hadado_athibohol,,80360177031,2
poll_station,lagbogol_secondary,LAGBOGOL SECONDARY,,,,,,hadado_athibohol,,80360177032,1
poll_station,korich,KORICH,,,,,,hadado_athibohol,,80360177033,1
poll_station,bus_bus_primary,BUS BUS PRIMARY,,,,,,hadado_athibohol,,80360177034,2
poll_station,bukuma,BUKUMA,,,,,,hadado_athibohol,,80360177035,1
poll_station,elkali_mobile,ELKALI MOBILE,,,,,,hadado_athibohol,,80360177036,1
poll_station,baragathey,BARAGATHEY,,,,,,hadado_athibohol,,80360177037,1
poll_station,sheikh_ahmed_garweine_primary,SHEIKH AHMED GARWEINE PRIMARY,,,,,,hadado_athibohol,,80360177038,1
poll_station,hadado_mkt,HADADO MKT,,,,,,hadado_athibohol,,80360177039,1
poll_station,athibohol_mkt,ATHIBOHOL MKT,,,,,,hadado_athibohol,,80360177040,1
poll_station,omar_digile_primary,OMAR DIGILE PRIMARY,,,,,,hadado_athibohol,,80360177041,1
poll_station,isakhia_primary,ISAKHIA PRIMARY,,,,,,hadado_athibohol,,80360177042,1
poll_station,garab_hanshiley_primary,GARAB HANSHILEY PRIMARY,,,,,,hadado_athibohol,,80360177043,1
poll_station,ademasajida_primary,ADEMASAJIDA PRIMARY,,,,,,adamasajide,,80360178044,2
poll_station,lolkuta_south_primary,LOLKUTA SOUTH PRIMARY,,,,,,adamasajide,,80360178045,1
poll_station,hadado_south_primary,HADADO SOUTH PRIMARY,,,,,,adamasajide,,80360178046,1
poll_station,hadado_south_market,HADADO SOUTH MARKET,,,,,,adamasajide,,80360178047,1
poll_station,kanchara_west_primary,KANCHARA WEST PRIMARY,,,,,,adamasajide,,80360178048,1
poll_station,wara_mobile,WARA MOBILE,,,,,,adamasajide,,80360178049,1
poll_station,kanchara_north_centre,KANCHARA NORTH CENTRE,,,,,,adamasajide,,80360178050,1
poll_station,gesdor_nursary,GESDOR NURSARY,,,,,,adamasajide,,80360178051,1
poll_station,waso_girls_primary,WASO GIRLS PRIMARY,,,,,,adamasajide,,80360178052,1
poll_station,ademasajida_secondary,ADEMASAJIDA SECONDARY,,,,,,adamasajide,,80360178053,1
poll_station,laghdima_primary,LAGHDIMA PRIMARY,,,,,,adamasajide,,80360178054,2
poll_station,guticha,GUTICHA,,,,,,adamasajide,,80360178055,1
poll_station,lmd_primary,LMD PRIMARY,,,,,,adamasajide,,80360178056,1
poll_station,biliq_centre,BILIQ CENTRE,,,,,,adamasajide,,80360178057,1
poll_station,macaney_centre,MACANEY CENTRE,,,,,,adamasajide,,80360178058,1
poll_station,jirtoy_mobile,JIRTOY MOBILE,,,,,,adamasajide,,80360178059,1
poll_station,buriya_dam,BURIYA DAM,,,,,,adamasajide,,80360178060,1
poll_station,riqanorth_centre,RIQA-NORTH CENTRE,,,,,,adamasajide,,80360178061,1
poll_station,weldiri_centre,WELDIRI CENTRE,,,,,,adamasajide,,80360178062,1
poll_station,waso_girls_secondary,WASO GIRLS SECONDARY,,,,,,adamasajide,,80360178063,1
poll_station,wagalla_primary,WAGALLA PRIMARY,,,,,,ganyure_wagalla,,80360179064,1
poll_station,barmish_centre,BARMISH CENTRE,,,,,,ganyure_wagalla,,80360179065,1
poll_station,ganyure_primary,GANYURE PRIMARY,,,,,,ganyure_wagalla,,80360179066,1
poll_station,kukale_nur_school,KUKALE NUR. SCHOOL,,,,,,ganyure_wagalla,,80360179067,1
poll_station,barmish_nursary,BARMISH NURSARY,,,,,,ganyure_wagalla,,80360179068,1
poll_station,kalkacha_centre,KALKACHA CENTRE,,,,,,ganyure_wagalla,,80360179069,1
poll_station,lagbor_centre,LAGBOR CENTRE,,,,,,ganyure_wagalla,,80360179070,1
poll_station,barmish_priamary,BARMISH PRIAMARY,,,,,,ganyure_wagalla,,80360179071,1
poll_station,waso_mixed_secondary,WASO MIXED SECONDARY,,,,,,ganyure_wagalla,,80360179072,1
poll_station,badadi,BADADI,,,,,,ganyure_wagalla,,80360179073,1
poll_station,mau_mau,MAU MAU,,,,,,ganyure_wagalla,,80360179074,1
poll_station,wagalla_secondary,WAGALLA SECONDARY,,,,,,ganyure_wagalla,,80360179075,1
poll_station,boa_primary,BOA PRIMARY,,,,,,ganyure_wagalla,,80360179076,1
poll_station,wachir_wells,WACHIR WELLS,,,,,,ganyure_wagalla,,80360179077,1
poll_station,kalkacha_primary,KALKACHA PRIMARY,,,,,,ganyure_wagalla,,80360179078,1
poll_station,shantaabaq_primary,SHANTAABAQ PRIMARY,,,,,,ganyure_wagalla,,80360179079,1
poll_station,boji_plain,BOJI PLAIN,,,,,,ganyure_wagalla,,80360179080,1
poll_station,bahati_primary_school,BAHATI PRIMARY SCHOOL,,,,,,ganyure_wagalla,,80360179009,2
poll_station,bojiheri_nur_school,BOJI-HERI NUR. SCHOOL,,,,,,ganyure_wagalla,,80360179082,1
poll_station,wajir_girls_secondary_school,WAJIR GIRLS SECONDARY SCHOOL,,,,,,ganyure_wagalla,,80360179083,3
poll_station,makaror_secondary,MAKAROR SECONDARY,,,,,,ganyure_wagalla,,80360179084,1
poll_station,wagalla_memorial_academy,WAGALLA MEMORIAL ACADEMY,,,,,,ganyure_wagalla,,80360179085,1
poll_station,makaror_primary_school,MAKAROR PRIMARY SCHOOL,,,,,,ganyure_wagalla,,80360179086,2
poll_station,wagalla_baraza_park,WAGALLA BARAZA PARK,,,,,,ganyure_wagalla,,80360179087,1
poll_station,showli_primary,SHOWLI PRIMARY,,,,,,ganyure_wagalla,,80360179088,1
poll_station,huthule_secondary_school,HUTHULE SECONDARY SCHOOL,,,,,,ganyure_wagalla,,80360179089,1
poll_station,banane_01,BANANE - 01,,,,,,ganyure_wagalla,,80360179090,1
poll_station,kilkiley_primary,KILKILEY PRIMARY,,,,,,eldas,,80370180001,1
poll_station,masalale_primary,MASALALE PRIMARY,,,,,,eldas,,80370180002,1
poll_station,eldas_primary,ELDAS PRIMARY,,,,,,eldas,,80370180003,1
poll_station,dadantalai_primary,DADANTALAI PRIMARY,,,,,,eldas,,80370180004,1
poll_station,eldas_secondary,ELDAS SECONDARY,,,,,,eldas,,80370180005,1
poll_station,eldas_jua_kali,ELDAS JUA KALI,,,,,,eldas,,80370180006,1
poll_station,eldas_ploytechnic,ELDAS PLOYTECHNIC,,,,,,eldas,,80370180007,1
poll_station,bulla_shair,BULLA SHAIR,,,,,,eldas,,80370180008,1
poll_station,wargadud_primary,WARGADUD PRIMARY,,,,,,eldas,,80370180009,1
poll_station,malkagufu_south,MALKAGUFU SOUTH,,,,,,eldas,,80370180010,1
poll_station,garsechukala_primary,GARSECHUKALA PRIMARY,,,,,,eldas,,80370180011,1
poll_station,arjeg_primary_school,ARJEG PRIMARY SCHOOL,,,,,,eldas,,80370180012,1
poll_station,towfiq_centre,TOWFIQ CENTRE,,,,,,eldas,,80370180013,1
poll_station,eldas_wagberi_primary_school,ELDAS WAGBERI PRIMARY SCHOOL,,,,,,eldas,,80370180014,1
poll_station,bulla_obeid_centre,BULLA OBEID CENTRE,,,,,,eldas,,80370180015,1
poll_station,eldas_islamic_centre,ELDAS ISLAMIC CENTRE,,,,,,eldas,,80370180016,1
poll_station,eldas_hospital,ELDAS HOSPITAL,,,,,,eldas,,80370180017,1
poll_station,banadir_primary_school,BANADIR PRIMARY SCHOOL,,,,,,eldas,,80370180018,1
poll_station,anole_dam,ANOLE DAM,,,,,,della,,80370181019,1
poll_station,abdiwako_primary,ABDIWAKO PRIMARY,,,,,,della,,80370181020,2
poll_station,della_yarey,DELLA YAREY,,,,,,della,,80370181021,1
poll_station,della_primary,DELLA PRIMARY,,,,,,della,,80370181022,1
poll_station,haragal_dam_west,HARAGAL DAM WEST,,,,,,della,,80370181023,1
poll_station,anole_primary,ANOLE PRIMARY,,,,,,della,,80370181024,1
poll_station,majabow_centre,MAJABOW CENTRE,,,,,,della,,80370181025,1
poll_station,warade_primary,WARADE PRIMARY,,,,,,della,,80370181026,1
poll_station,junction,JUNCTION,,,,,,della,,80370181066,1
poll_station,della_secondary_school,DELLA SECONDARY SCHOOL,,,,,,della,,80370181028,1
poll_station,haroto_primary_school,HAROTO PRIMARY SCHOOL,,,,,,della,,80370181029,1
poll_station,langura_primary_school,LANGURA PRIMARY SCHOOL,,,,,,della,,80370181030,1
poll_station,anole_secondary_school,ANOLE SECONDARY SCHOOL,,,,,,della,,80370181031,1
poll_station,jigjiga_primary_school,JIGJIGA PRIMARY SCHOOL,,,,,,della,,80370181032,1
poll_station,liban_primary_school,LIBAN PRIMARY SCHOOL,,,,,,della,,80370181033,1
poll_station,abdiwako_dispensary,ABDIWAKO DISPENSARY,,,,,,della,,80370181034,1
poll_station,yaqo_primary_school,YAQO PRIMARY SCHOOL,,,,,,della,,80370181035,1
poll_station,masalale_mobile,MASALALE MOBILE,,,,,,lakoley_south_basir,,80370182036,3
poll_station,lakole_south_primary,LAKOLE SOUTH PRIMARY,,,,,,lakoley_south_basir,,80370182037,1
poll_station,basir_primary,BASIR PRIMARY,,,,,,lakoley_south_basir,,80370182038,1
poll_station,baji_dam,BAJI DAM,,,,,,lakoley_south_basir,,80370182039,1
poll_station,yaqo_primary_school,YAQO PRIMARY SCHOOL,,,,,,lakoley_south_basir,,80370182035,1
poll_station,tito_centre,TITO CENTRE,,,,,,lakoley_south_basir,,80370182040,1
poll_station,orote_primary_school,OROTE PRIMARY SCHOOL,,,,,,lakoley_south_basir,,80370182041,1
poll_station,banane_primary_school,BANANE PRIMARY SCHOOL,,,,,,lakoley_south_basir,,80370182042,1
poll_station,dagayar_primary_school,DAGAYAR PRIMARY SCHOOL,,,,,,lakoley_south_basir,,80370182043,1
poll_station,basir_dispensary,BASIR DISPENSARY,,,,,,lakoley_south_basir,,80370182044,1
poll_station,griftu_secondary,GRIFTU SECONDARY,,,,,,elnur_tula_tula,,80370183045,1
poll_station,matho_dam,MATHO DAM,,,,,,elnur_tula_tula,,80370183046,1
poll_station,elnur_primary,EL-NUR PRIMARY,,,,,,elnur_tula_tula,,80370183047,1
poll_station,dodha_village,DODHA VILLAGE,,,,,,elnur_tula_tula,,80370183048,1
poll_station,biad_water_point,BIAD WATER POINT,,,,,,elnur_tula_tula,,80370183049,1
poll_station,biladul_amin_primary_school,BILADUL AMIN PRIMARY SCHOOL,,,,,,elnur_tula_tula,,80370183050,2
poll_station,tulatula_primary,TULA-TULA PRIMARY,,,,,,elnur_tula_tula,,80370183051,1
poll_station,abaq_mathobe,ABAQ MATHOBE,,,,,,elnur_tula_tula,,80370183052,1
poll_station,tulatula_dam,TULA-TULA DAM,,,,,,elnur_tula_tula,,80370183053,1
poll_station,tulatula_health_centre,TULA-TULA HEALTH CENTRE,,,,,,elnur_tula_tula,,80370183054,1
poll_station,mirgo_harun_primary,MIRGO HARUN PRIMARY,,,,,,elnur_tula_tula,,80370183055,1
poll_station,elyunis_centre,EL-YUNIS CENTRE,,,,,,elnur_tula_tula,,80370183056,1
poll_station,icf_primary,ICF PRIMARY,,,,,,elnur_tula_tula,,80370183057,3
poll_station,tulatula_secondary,TULATULA SECONDARY,,,,,,elnur_tula_tula,,80370183058,1
poll_station,towhid_primary_school,TOWHID PRIMARY SCHOOL,,,,,,elnur_tula_tula,,80370183059,1
poll_station,bulla_mahadey_primary_school,BULLA MAHADEY PRIMARY SCHOOL,,,,,,elnur_tula_tula,,80370183060,1
poll_station,elnur_secondary_school,ELNUR SECONDARY SCHOOL,,,,,,elnur_tula_tula,,80370183061,1
poll_station,biad_primary_school,BIAD PRIMARY SCHOOL,,,,,,elnur_tula_tula,,80370183062,1
poll_station,towfiq_primary_school,TOWFIQ PRIMARY SCHOOL,,,,,,elnur_tula_tula,,80370183063,1
poll_station,tulatula_township_primary_schoo,TULATULA TOWNSHIP PRIMARY SCHOO,,,,,,elnur_tula_tula,,80370183064,1
poll_station,faryar_centre,FARYAR CENTRE,,,,,,elnur_tula_tula,,80370183065,1
poll_station,finni_centre,FINNI CENTRE,,,,,,benane,,80380184001,1
poll_station,sabuli_primary_school,SABULI PRIMARY SCHOOL,,,,,,benane,,80380184002,1
poll_station,sabuli_dispensary,SABULI DISPENSARY,,,,,,benane,,80380184003,1
poll_station,old_borehole,OLD BOREHOLE,,,,,,benane,,80380184004,1
poll_station,dagahaley_primary_school,DAGAHALEY PRIMARY SCHOOL,,,,,,benane,,80380184005,1
poll_station,dagahaley_borehole,DAGAHALEY BOREHOLE,,,,,,benane,,80380184006,1
poll_station,shimbirbul_borehole,SHIMBIRBUL BOREHOLE,,,,,,benane,,80380184007,1
poll_station,biyamadhow_primary_school,BIYAMADHOW PRIMARY SCHOOL,,,,,,benane,,80380184008,2
poll_station,biyamadhow_dispensary,BIYAMADHOW DISPENSARY,,,,,,benane,,80380184009,1
poll_station,sala_centre,SALA CENTRE,,,,,,benane,,80380184060,1
poll_station,turguta_centre,TURGUTA CENTRE,,,,,,benane,,80380184011,1
poll_station,serif_primary_school,SERIF PRIMARY SCHOOL,,,,,,benane,,80380184012,2
poll_station,serif_dispensary,SERIF DISPENSARY,,,,,,benane,,80380184013,1
poll_station,ildalate,ILDALATE,,,,,,benane,,80380184014,1
poll_station,kulmis_centre,KULMIS CENTRE,,,,,,benane,,80380184015,1
poll_station,abdille_gab_primary_school,ABDILLE GAB PRIMARY SCHOOL,,,,,,benane,,80380184016,1
poll_station,lambaraha_primary_school,LAMBARAHA PRIMARY SCHOOL,,,,,,benane,,80380184017,1
poll_station,welari_primary_school,WEL-ARI PRIMARY SCHOOL,,,,,,benane,,80380184018,1
poll_station,mathah_baqay,MATHAH BAQAY,,,,,,benane,,80380184019,1
poll_station,shidley_primary_school,SHIDLEY PRIMARY SCHOOL,,,,,,benane,,80380184020,1
poll_station,dabley_centre,DABLEY CENTRE,,,,,,benane,,80380184021,1
poll_station,biyamadhow_secondary_school,BIYAMADHOW SECONDARY SCHOOL,,,,,,benane,,80380184022,1
poll_station,dagahaley_dispensary,DAGAHALEY DISPENSARY,,,,,,benane,,80380184023,1
poll_station,benane_shantaral_primary_school,BENANE SHANTARAL PRIMARY SCHOOL,,,,,,benane,,80380184024,1
poll_station,adhay_dheer_borehole,ADHAY DHEER BOREHOLE,,,,,,benane,,80380184025,1
poll_station,siriba_primary_school,SIRIBA PRIMARY SCHOOL,,,,,,benane,,80380184026,1
poll_station,abaq_ijaba_borehole,ABAQ IJABA BOREHOLE,,,,,,benane,,80380184027,1
poll_station,muqdhere_borehole,MUQDHERE BOREHOLE,,,,,,benane,,80380184028,1
poll_station,marodiley_primary_school,Marodiley Primary School,,,,,,benane,,80380184029,1
poll_station,reydab_alan_center,REYDAB ALAN CENTER,,,,,,benane,,80380184030,1
poll_station,dagahley_sheikh_omaar_secondar,DAGAHLEY SHEIKH OMAAR SECONDAR,,,,,,benane,,80380184031,1
poll_station,midnimo_primary_school,MIDNIMO PRIMARY SCHOOL,,,,,,benane,,80380184032,1
poll_station,burder_primary_school,BURDER PRIMARY SCHOOL,,,,,,burder,,80380185033,1
poll_station,burder_dispensary,BURDER DISPENSARY,,,,,,burder,,80380185034,1
poll_station,shimbirey_centre,SHIMBIREY CENTRE,,,,,,burder,,80380185035,1
poll_station,ibrahim_jilibey_centre,IBRAHIM JILIBEY CENTRE,,,,,,burder,,80380185036,1
poll_station,abagdere_primary_school,ABAGDERE PRIMARY SCHOOL,,,,,,burder,,80380185037,1
poll_station,welgarasle_dam,WELGARASLE DAM,,,,,,burder,,80380185038,1
poll_station,gullet_dere_dam,GULLET DERE DAM,,,,,,burder,,80380185039,1
poll_station,qoqar_primary_school,QOQAR PRIMARY SCHOOL,,,,,,burder,,80380185040,2
poll_station,rababale,RABABALE,,,,,,burder,,80380185041,1
poll_station,korsen_centre,KORSEN CENTRE,,,,,,burder,,80380185042,1
poll_station,algole_center,ALGOLE CENTER,,,,,,burder,,80380185043,1
poll_station,matatesa_center,Matatesa Center,,,,,,burder,,80380185044,1
poll_station,garaska_primary_school,GARASKA PRIMARY SCHOOL,,,,,,dadaja_bulla,,80380186045,2
poll_station,dadajabulla_primary_school,DADAJABULLA PRIMARY SCHOOL,,,,,,dadaja_bulla,,80380186046,2
poll_station,dadajabulla_health_centre,DADAJABULLA HEALTH CENTRE,,,,,,dadaja_bulla,,80380186047,2
poll_station,gedwab,GEDWAB,,,,,,dadaja_bulla,,80380186048,2
poll_station,baron_centre,BARON CENTRE,,,,,,dadaja_bulla,,80380186049,2
poll_station,elema_dagol,ELEMA DAGOL,,,,,,dadaja_bulla,,80380186050,1
poll_station,qoor_duba_centre,QOOR DUBA CENTRE,,,,,,dadaja_bulla,,80380186051,1
poll_station,lagdub_center,LAGDUB CENTER,,,,,,dadaja_bulla,,80380186052,1
poll_station,haralawayo_primary_school,Haralawayo Primary School,,,,,,dadaja_bulla,,80380186053,1
poll_station,kanjara_centre,KANJARA CENTRE,,,,,,habasswein,,80380187054,1
poll_station,kiwanja_ndege_primary_school,KIWANJA NDEGE PRIMARY SCHOOL,,,,,,habasswein,,80380187055,2
poll_station,habaswein_polytechnic,HABASWEIN POLYTECHNIC,,,,,,habasswein,,80380187056,1
poll_station,habaswein_primary_school,HABASWEIN PRIMARY SCHOOL,,,,,,habasswein,,80380187057,2
poll_station,habaswein_girls_secondary_schoo,HABASWEIN GIRLS SECONDARY SCHOO,,,,,,habasswein,,80380187058,1
poll_station,habaswein_boys_secondary_schoo,HABASWEIN BOYS SECONDARY SCHOO,,,,,,habasswein,,80380187059,2
poll_station,dilmayale_primary_school,DILMAYALE PRIMARY SCHOOL,,,,,,habasswein,,80380187060,1
poll_station,dulgub_centre,DULGUB CENTRE,,,,,,habasswein,,80380187061,1
poll_station,dilmanyale_dispensary,DILMANYALE DISPENSARY,,,,,,habasswein,,80380187062,1
poll_station,fadiwein_centre,FADIWEIN CENTRE,,,,,,habasswein,,80380187063,1
poll_station,abakore_primary_school,ABAKORE PRIMARY SCHOOL,,,,,,habasswein,,80380187064,2
poll_station,abakore_girls_boarding,ABAKORE GIRLS BOARDING,,,,,,habasswein,,80380187065,1
poll_station,abakore_secondary_school,ABAKORE SECONDARY SCHOOL,,,,,,habasswein,,80380187066,1
poll_station,abakore_dispensary,ABAKORE DISPENSARY,,,,,,habasswein,,80380187067,1
poll_station,lafaha_centre,LAFAHA CENTRE,,,,,,habasswein,,80380187068,1
poll_station,meri_primary_school,MERI PRIMARY SCHOOL,,,,,,habasswein,,80380187069,2
poll_station,aqalar_centre,AQAL-AR CENTRE,,,,,,habasswein,,80380187070,1
poll_station,dalsan,DALSAN,,,,,,habasswein,,80380187071,1
poll_station,asal_centre,ASAL CENTRE,,,,,,habasswein,,80380187072,1
poll_station,karu_trading_centre,KARU TRADING CENTRE,,,,,,habasswein,,80380187073,1
poll_station,mathah_libah_primary,MATHAH LIBAH PRIMARY,,,,,,habasswein,,80380187074,1
poll_station,aboore_primary,ABOORE PRIMARY,,,,,,habasswein,,80380187075,2
poll_station,samatar_center,SAMATAR CENTER,,,,,,habasswein,,80380187076,1
poll_station,ajof_primary_school,AJOF PRIMARY SCHOOL,,,,,,habasswein,,80380187077,1
poll_station,lagdima_south_center,LAGDIMA SOUTH CENTER,,,,,,habasswein,,80380187078,1
poll_station,haraqotqot_borehole,HARAQOTQOT BOREHOLE,,,,,,lagboghol_south,,80380188079,1
poll_station,tesore_primary_school,TESORE PRIMARY SCHOOL,,,,,,lagboghol_south,,80380188080,1
poll_station,macheza_primary_school,MACHEZA PRIMARY SCHOOL,,,,,,lagboghol_south,,80380188081,1
poll_station,macheza_dam,MACHEZA DAM,,,,,,lagboghol_south,,80380188082,1
poll_station,ali_dumale_primary_school,ALI DUMALE PRIMARY SCHOOL,,,,,,lagboghol_south,,80380188083,1
poll_station,elgal_primary_school,EL-GAL PRIMARY SCHOOL,,,,,,lagboghol_south,,80380188084,1
poll_station,lagboghol_south_centre,LAGBOGHOL SOUTH CENTRE,,,,,,lagboghol_south,,80380188085,1
poll_station,gambis_dam,GAMBIS DAM,,,,,,lagboghol_south,,80380188086,1
poll_station,eyrib_dam,EYRIB DAM,,,,,,lagboghol_south,,80380188087,1
poll_station,hussein_kamir,HUSSEIN KAMIR,,,,,,lagboghol_south,,80380188088,2
poll_station,bilil_burbur,BIL-IL BURBUR,,,,,,lagboghol_south,,80380188089,1
poll_station,boji_yare_south,BOJI YARE SOUTH,,,,,,lagboghol_south,,80380188090,1
poll_station,sukela_primary_school,SUKELA PRIMARY SCHOOL,,,,,,lagboghol_south,,80380188091,1
poll_station,leheley_primary_school,LEHELEY PRIMARY SCHOOL,,,,,,lagboghol_south,,80380188042,1
poll_station,leheley_dispensary,LEHELEY DISPENSARY,,,,,,lagboghol_south,,80380188093,1
poll_station,sheba_sheba_primary_school,SHEBA SHEBA PRIMARY SCHOOL,,,,,,lagboghol_south,,80380188094,1
poll_station,matana_primary_school,MATANA PRIMARY SCHOOL,,,,,,lagboghol_south,,80380188095,1
poll_station,furmati_primary_school,FURMATI PRIMARY SCHOOL,,,,,,lagboghol_south,,80380188096,1
poll_station,quli_health_center,QULI HEALTH CENTER,,,,,,lagboghol_south,,80380188097,1
poll_station,hussein_kamir_borehole,HUSSEIN KAMIR BOREHOLE,,,,,,lagboghol_south,,80380188098,1
poll_station,alan_gonder_center,Alan Gonder Center,,,,,,lagboghol_south,,80380188099,1
poll_station,luqungoraya_primary_school,Luqungoraya Primary School,,,,,,lagboghol_south,,80380188100,1
poll_station,khumbi_wellsmobile,KHUMBI WELLS(MOBILE),,,,,,ibrahim_ure,,80380189101,1
poll_station,hodhan_dispensary,HODHAN DISPENSARY,,,,,,ibrahim_ure,,80380189102,2
poll_station,abubakari_sadiq_primary,ABUBAKARI SADIQ PRIMARY,,,,,,ibrahim_ure,,80380189103,2
poll_station,elado_primary_school,EL-ADO PRIMARY SCHOOL,,,,,,ibrahim_ure,,80380189104,1
poll_station,kulaaley_primary_school,KULAALEY PRIMARY SCHOOL,,,,,,ibrahim_ure,,80380189105,1
poll_station,argani_centre,ARGANI CENTRE,,,,,,ibrahim_ure,,80380189106,1
poll_station,argani_dispensary,ARGANI DISPENSARY,,,,,,ibrahim_ure,,80380189107,1
poll_station,ibrahim_ure_centre,IBRAHIM URE CENTRE,,,,,,ibrahim_ure,,80380189108,2
poll_station,higle_postmobile,HIGLE POST(MOBILE),,,,,,ibrahim_ure,,80380189109,1
poll_station,handaki_dam,HANDAKI DAM,,,,,,ibrahim_ure,,80380189110,1
poll_station,gubbambow_dam,GUBBAMBOW DAM,,,,,,ibrahim_ure,,80380189111,1
poll_station,hubsoy_primary_school,HUBSOY PRIMARY SCHOOL,,,,,,ibrahim_ure,,80380189112,1
poll_station,meygag_centre,MEYGAG CENTRE,,,,,,ibrahim_ure,,80380189113,1
poll_station,noleya_primary_school,NOLEYA PRIMARY SCHOOL,,,,,,ibrahim_ure,,80380189114,1
poll_station,guguf_market_center,GUGUF MARKET CENTER,,,,,,ibrahim_ure,,80380189115,1
poll_station,aisha_ismalic_institute,AISHA ISMALIC INSTITUTE,,,,,,ibrahim_ure,,80380189116,1
poll_station,wajir_bor_south_primary_school,WAJIR BOR SOUTH PRIMARY SCHOOL,,,,,,ibrahim_ure,,80380189117,1
poll_station,ohio_primary_school,Ohio Primary School,,,,,,ibrahim_ure,,80380189002,1
poll_station,aktalahel,AKTALAHEL,,,,,,diif,,80380190119,2
poll_station,salalma_primary_school,SALALMA PRIMARY SCHOOL,,,,,,diif,,80380190120,3
poll_station,diif_primary_school,DIIF PRIMARY SCHOOL,,,,,,diif,,80380190121,2
poll_station,diif_health_centre,DIIF HEALTH CENTRE,,,,,,diif,,80380190122,2
poll_station,diif_old_dam_primary_school,DIIF OLD DAM PRIMARY SCHOOL,,,,,,diif,,80380190123,3
poll_station,hambalash_borehole,HAMBALASH BOREHOLE,,,,,,diif,,80380190124,1
poll_station,gerille_dispensary,GERILLE DISPENSARY,,,,,,diif,,80380190125,1
poll_station,diif_baraza_park,DIIF BARAZA PARK,,,,,,diif,,80380190126,2
poll_station,gerille_centre,GERILLE CENTRE,,,,,,diif,,80380190127,1
poll_station,alio_ismail_centre,ALIO ISMAIL CENTRE,,,,,,diif,,80380190128,2
poll_station,qarurah_primary_school,QARURAH PRIMARY SCHOOL,,,,,,diif,,80380190129,2
poll_station,madina_primary_school,MADINA PRIMARY SCHOOL,,,,,,diif,,80380190130,1
poll_station,abaq_halul_primary_school,ABAQ HALUL PRIMARY SCHOOL,,,,,,diif,,80380190131,1
poll_station,wara_darsama_primary_school,WARA DARSAMA PRIMARY SCHOOL,,,,,,diif,,80380190132,1
poll_station,abaqmadobe_primary_school,Abaqmadobe Primary School,,,,,,diif,,80380190133,1
poll_station,jilalow_primary_school,Jilalow Primary School,,,,,,diif,,80380190134,1
poll_station,didkuro_primary_school,DIDKURO PRIMARY SCHOOL,,,,,,takaba_south,,90390191001,3
poll_station,duduble_primary_school,DUDUBLE PRIMARY SCHOOL,,,,,,takaba_south,,90390191002,2
poll_station,wangai_dahan_primary_school,WANGAI DAHAN PRIMARY SCHOOL,,,,,,takaba_south,,90390191003,1
poll_station,sukela_quli_primary_school,SUKELA QULI PRIMARY SCHOOL,,,,,,takaba_south,,90390191004,1
poll_station,kotkoto_primary_school,KOTKOTO PRIMARY SCHOOL,,,,,,takaba_south,,90390191005,1
poll_station,bolowle_primary_school,BOLOWLE PRIMARY SCHOOL,,,,,,takaba_south,,90390191006,1
poll_station,kobadadi_primary_school,KOBADADI PRIMARY SCHOOL,,,,,,takaba_south,,90390191007,1
poll_station,korobo_primary_school,KOROBO PRIMARY SCHOOL,,,,,,takaba_south,,90390191008,1
poll_station,amasa_primary_school,AMASA PRIMARY SCHOOL,,,,,,takaba_south,,90390191009,1
poll_station,wayam_dera_primary_school,WAYAM DERA PRIMARY SCHOOL,,,,,,takaba_south,,90390191010,1
poll_station,itilale_primary_school,ITILALE PRIMARY SCHOOL,,,,,,takaba_south,,90390191011,1
poll_station,gulani_primary_school,GULANI PRIMARY SCHOOL,,,,,,takaba_south,,90390191012,1
poll_station,majigaram_primary_school,MAJIGARAM PRIMARY SCHOOL,,,,,,takaba_south,,90390191013,2
poll_station,ayan_primary_school,AYAN PRIMARY SCHOOL,,,,,,takaba_south,,90390191014,1
poll_station,duduble_east_chiefs_office,DUDUBLE EAST CHIEF'S OFFICE,,,,,,takaba_south,,90390191015,1
poll_station,kubdishan_primary_school,KUBDISHAN PRIMARY SCHOOL,,,,,,takaba,,90390192016,1
poll_station,arda_halo_primary_school,ARDA HALO PRIMARY SCHOOL,,,,,,takaba,,90390192017,1
poll_station,iyan_abkula_primary_school,IYAN ABKULA PRIMARY SCHOOL,,,,,,takaba,,90390192018,1
poll_station,bachile_primary_school,BACHILE PRIMARY SCHOOL,,,,,,takaba,,90390192019,1
poll_station,allokoba_primary_school,ALLOKOBA PRIMARY SCHOOL,,,,,,takaba,,90390192020,1
poll_station,takaba_primary_school,TAKABA PRIMARY SCHOOL,,,,,,takaba,,90390192021,3
poll_station,adult_education_centre,ADULT EDUCATION CENTRE,,,,,,takaba,,90390192022,2
poll_station,haji_rashid_primary_school,HAJI RASHID PRIMARY SCHOOL,,,,,,takaba,,90390192023,2
poll_station,rocky_hills_primary_school,ROCKY HILLS PRIMARY SCHOOL,,,,,,takaba,,90390192024,1
poll_station,gubatu_primary_school,GUBATU PRIMARY SCHOOL,,,,,,takaba,,90390192025,1
poll_station,takaba_boys_secondary_school,TAKABA BOYS SECONDARY SCHOOL,,,,,,takaba,,90390192026,1
poll_station,bamba_taka_primary_school,BAMBA TAKA PRIMARY SCHOOL,,,,,,takaba,,90390192027,1
poll_station,gambela_primary_school,GAMBELA PRIMARY SCHOOL,,,,,,takaba,,90390192028,1
poll_station,haji_yussuf_girls_secondary_schoo,HAJI YUSSUF GIRLS SECONDARY SCHOO,,,,,,takaba,,90390192029,1
poll_station,darwed_primary_school,DARWED PRIMARY SCHOOL,,,,,,lagsure,,90390193030,4
poll_station,lag_sure_primary_school,LAG SURE PRIMARY SCHOOL,,,,,,lagsure,,90390193031,4
poll_station,awachosambur_primary_school,AWACHOSAMBUR PRIMARY SCHOOL,,,,,,lagsure,,90390193032,1
poll_station,gutole_primary_school,GUTOLE PRIMARY SCHOOL,,,,,,lagsure,,90390193033,3
poll_station,mirdakar_primary_school,MIRDAKAR PRIMARY SCHOOL,,,,,,lagsure,,90390193034,1
poll_station,sukela_qalqalcha_primary_school,SUKELA QALQALCHA PRIMARY SCHOOL,,,,,,lagsure,,90390193035,1
poll_station,qorobo_saglan_primary_school,QOROBO SAGLAN PRIMARY SCHOOL,,,,,,lagsure,,90390193036,1
poll_station,ogode_primary_school,OGODE PRIMARY SCHOOL,,,,,,lagsure,,90390193037,1
poll_station,hoopy_primary_school,HOOPY PRIMARY SCHOOL,,,,,,lagsure,,90390193038,1
poll_station,iresteno_primary_school,IRESTENO PRIMARY SCHOOL,,,,,,dandu,,90390194039,3
poll_station,kubi_halo_primary_school,KUBI HALO PRIMARY SCHOOL,,,,,,dandu,,90390194040,1
poll_station,dandu_primary_school,DANDU PRIMARY SCHOOL,,,,,,dandu,,90390194041,3
poll_station,el_danaba_primary_school,EL DANABA PRIMARY SCHOOL,,,,,,dandu,,90390194042,2
poll_station,alati_dam_mobile,ALATI DAM MOBILE,,,,,,dandu,,90390194043,2
poll_station,awachosaqira_dam_mobile,AWACHOSAQIRA DAM MOBILE,,,,,,dandu,,90390194044,1
poll_station,karsa_hama_rpimary_school,KARSA HAMA RPIMARY SCHOOL,,,,,,dandu,,90390194045,1
poll_station,didkoba_primary_school,DIDKOBA PRIMARY SCHOOL,,,,,,dandu,,90390194046,1
poll_station,dadabo_primary_school,DADABO PRIMARY SCHOOL,,,,,,dandu,,90390194047,1
poll_station,hada_primary_school,HADA PRIMARY SCHOOL,,,,,,dandu,,90390194048,1
poll_station,harbuyo_primary_school,HARBUYO PRIMARY SCHOOL,,,,,,dandu,,90390194049,1
poll_station,masho_primary_school,MASHO PRIMARY SCHOOL,,,,,,dandu,,90390194050,1
poll_station,argesa_primary_school,ARGESA PRIMARY SCHOOL,,,,,,dandu,,90390194051,1
poll_station,habarkatu_primary_school,HABARKATU PRIMARY SCHOOL,,,,,,dandu,,90390194052,1
poll_station,abkote_primary_school,ABKOTE PRIMARY SCHOOL,,,,,,dandu,,90390194053,1
poll_station,dirib_mafuko_primary_school,DIRIB MAFUKO PRIMARY SCHOOL,,,,,,dandu,,90390194054,1
poll_station,hada_dimtu_centre,HADA DIMTU CENTRE,,,,,,dandu,,90390194055,1
poll_station,gither_primary_school,GITHER PRIMARY SCHOOL,,,,,,gither,,90390195056,2
poll_station,sake_centre,SAKE CENTRE,,,,,,gither,,90390195057,1
poll_station,burduras_primary_school,BURDURAS PRIMARY SCHOOL,,,,,,gither,,90390195058,3
poll_station,karsa_dima_mobile,KARSA DIMA MOBILE,,,,,,gither,,90390195059,1
poll_station,sake_primary_school,SAKE PRIMARY SCHOOL,,,,,,gither,,90390195060,1
poll_station,gagaba_primary_school,GAGABA PRIMARY SCHOOL,,,,,,gither,,90390195061,2
poll_station,teso_ramo_primary_school,TESO RAMO PRIMARY SCHOOL,,,,,,gither,,90390195062,1
poll_station,dobu_primary_school,DOBU PRIMARY SCHOOL,,,,,,gither,,90390195063,1
poll_station,harshilmi_primary_school,HARSHILMI PRIMARY SCHOOL,,,,,,gither,,90390195064,1
poll_station,midina_primary_school,MIDINA PRIMARY SCHOOL,,,,,,gither,,90390195065,1
poll_station,mubarak_integrated_primary_scho,MUBARAK INTEGRATED PRIMARY SCHO,,,,,,gither,,90390195066,1
poll_station,mukutano_rpimary_school,MUKUTANO RPIMARY SCHOOL,,,,,,gither,,90390195067,1
poll_station,gobo_gala_primary_school,GOBO GALA PRIMARY SCHOOL,,,,,,gither,,90390195068,2
poll_station,kalaf_primary_school,KALAF PRIMARY SCHOOL,,,,,,gither,,90390195069,1
poll_station,karsa_dima_primary_school,KARSA DIMA PRIMARY SCHOOL,,,,,,gither,,90390195070,1
poll_station,hardimtu_primary_school,HARDIMTU PRIMARY SCHOOL,,,,,,gither,,90390195071,1
poll_station,malaba_primary_school,MALABA PRIMARY SCHOOL,,,,,,gither,,90390195072,1
poll_station,gesreb_primary_school,GESREB PRIMARY SCHOOL,,,,,,gither,,90390195073,1
poll_station,kinisa_primary_school,KINISA PRIMARY SCHOOL,,,,,,gither,,90390195074,1
poll_station,sukela_lowo_primary_school,SUKELA LOWO PRIMARY SCHOOL,,,,,,gither,,90390195075,1
poll_station,dadach_dera_primary_school,DADACH DERA PRIMARY SCHOOL,,,,,,gither,,90390195076,1
poll_station,lulis_primary_school,LULIS PRIMARY SCHOOL,,,,,,banissa,,90400196001,2
poll_station,ogondicho_primary_school,OGONDICHO PRIMARY SCHOOL,,,,,,banissa,,90400196002,2
poll_station,banisa_primary_school,BANISA PRIMARY SCHOOL,,,,,,banissa,,90400196003,5
poll_station,chiracha_primary_school,CHIRACHA PRIMARY SCHOOL,,,,,,banissa,,90400196004,2
poll_station,awal_yatane_primary_school,AWAL YATANE PRIMARY SCHOOL,,,,,,banissa,,90400196005,1
poll_station,antrak_primary_school,ANTRAK PRIMARY SCHOOL,,,,,,banissa,,90400196006,1
poll_station,haji_mohamed_gira_primary_schoo,HAJI MOHAMED GIRA PRIMARY SCHOO,,,,,,banissa,,90400196007,3
poll_station,merille_primary_school,MERILLE PRIMARY SCHOOL,,,,,,banissa,,90400196008,1
poll_station,banisa_vocational_technic_center,BANISA VOCATIONAL TECHNIC CENTER,,,,,,banissa,,90400196009,2
poll_station,mataarba_primary_school,MATAARBA PRIMARY SCHOOL,,,,,,banissa,,90400196010,1
poll_station,hardawa_primary_school,HARDAWA PRIMARY SCHOOL,,,,,,banissa,,90400196011,1
poll_station,derkhale_primary_school,DERKHALE PRIMARY SCHOOL,,,,,,derkhale,,90400197012,2
poll_station,tarama_primary_school,TARAMA PRIMARY SCHOOL,,,,,,derkhale,,90400197013,3
poll_station,goljo_primary_school,GOLJO PRIMARY SCHOOL,,,,,,derkhale,,90400197014,1
poll_station,kukub_primary_school,KUKUB PRIMARY SCHOOL,,,,,,derkhale,,90400197015,1
poll_station,burashum_primary_school,BURASHUM PRIMARY SCHOOL,,,,,,derkhale,,90400197016,1
poll_station,diribor_primary_school,DIRIBOR PRIMARY SCHOOL,,,,,,derkhale,,90400197017,3
poll_station,qorobo_aberoprimary_school,QOROBO ABEROPRIMARY SCHOOL,,,,,,derkhale,,90400197018,1
poll_station,qoroboshaba_primary_school,QOROBOSHABA PRIMARY SCHOOL,,,,,,derkhale,,90400197019,1
poll_station,dakar_primary_school,DAKAR PRIMARY SCHOOL,,,,,,derkhale,,90400197020,1
poll_station,guba_primary_school,GUBA PRIMARY SCHOOL,,,,,,guba,,90400198021,1
poll_station,chiriqo_primary_school,CHIRIQO PRIMARY SCHOOL,,,,,,guba,,90400198022,1
poll_station,qotqot_dam_primary_school,QOTQOT DAM PRIMARY SCHOOL,,,,,,guba,,90400198023,1
poll_station,murat_elow_centre,MURAT ELOW CENTRE,,,,,,guba,,90400198024,1
poll_station,tarbey_primary_school,TARBEY PRIMARY SCHOOL,,,,,,guba,,90400198025,1
poll_station,murithow_centre,MURITHOW CENTRE,,,,,,guba,,90400198026,1
poll_station,jibal_primary_school,JIBAL PRIMARY SCHOOL,,,,,,guba,,90400198027,1
poll_station,hullow_primary_school,HULLOW PRIMARY SCHOOL,,,,,,malkamari,,90400199028,1
poll_station,malkamari_primary_school,MALKAMARI PRIMARY SCHOOL,,,,,,malkamari,,90400199029,1
poll_station,bisiq_mobile,BISIQ MOBILE,,,,,,malkamari,,90400199030,1
poll_station,malka_ruqa_primary_school,MALKA RUQA PRIMARY SCHOOL,,,,,,malkamari,,90400199031,1
poll_station,rajau_mobile,RAJAU MOBILE,,,,,,malkamari,,90400199032,1
poll_station,boqon_saar_centre,BOQON SAAR CENTRE,,,,,,malkamari,,90400199033,1
poll_station,garab_jiqle_centre,GARAB JIQLE CENTRE,,,,,,malkamari,,90400199034,1
poll_station,domal_primary_school,DOMAL PRIMARY SCHOOL,,,,,,malkamari,,90400199035,5
poll_station,gor_athi_primary_school,GOR ATHI PRIMARY SCHOOL,,,,,,malkamari,,90400199036,1
poll_station,atagarbija_centre,ATA-GARBIJA CENTRE,,,,,,malkamari,,90400199037,1
poll_station,shobtoy_primary_school,SHOBTOY PRIMARY SCHOOL,,,,,,malkamari,,90400199038,1
poll_station,farjan_primary_school,FARJAN PRIMARY SCHOOL,,,,,,malkamari,,90400199039,1
poll_station,eymole_primary_school,EYMOLE PRIMARY SCHOOL,,,,,,kiliwehiri,,90400200040,3
poll_station,kiliwehiri_primary_school,KILIWEHIRI PRIMARY SCHOOL,,,,,,kiliwehiri,,90400200041,2
poll_station,ameyi_primary_school,AMEYI PRIMARY SCHOOL,,,,,,kiliwehiri,,90400200042,1
poll_station,birkan_primary_school,BIRKAN PRIMARY SCHOOL,,,,,,kiliwehiri,,90400200043,1
poll_station,umur_primary_school,UMUR PRIMARY SCHOOL,,,,,,kiliwehiri,,90400200044,1
poll_station,daka_bor_primary_school,DAKA BOR PRIMARY SCHOOL,,,,,,kiliwehiri,,90400200045,1
poll_station,funan_teso_primary_school,FUNAN TESO PRIMARY SCHOOL,,,,,,kiliwehiri,,90400200046,1
poll_station,chabi_primary_school,CHABI PRIMARY SCHOOL,,,,,,kiliwehiri,,90400200047,1
poll_station,ardagarse_primary_school,ARDAGARSE PRIMARY SCHOOL,,,,,,kiliwehiri,,90400200048,1
poll_station,khotkhot_primary_school,KHOTKHOT PRIMARY SCHOOL,,,,,,kiliwehiri,,90400200049,1
poll_station,dambalagale_primary_school,DAMBALAGALE PRIMARY SCHOOL,,,,,,kiliwehiri,,90400200050,1
poll_station,achini_primary_school,ACHINI PRIMARY SCHOOL,,,,,,kiliwehiri,,90400200051,1
poll_station,khorgowla_primary_school,KHORGOWLA PRIMARY SCHOOL,,,,,,kiliwehiri,,90400200052,1
poll_station,bulafulay_primary_school,BULAFULAY PRIMARY SCHOOL,,,,,,kiliwehiri,,90400200053,1
poll_station,qararidertu_primary_school,QARARIDERTU PRIMARY SCHOOL,,,,,,kiliwehiri,,90400200054,1
poll_station,darken_gaba_primary_school,DARKEN GABA PRIMARY SCHOOL,,,,,,kiliwehiri,,90400200055,1
poll_station,gesrebki_primary_school,GESREBKI PRIMARY SCHOOL,,,,,,kiliwehiri,,90400200056,1
poll_station,senior_abdullah_girl_secondary_sc,SENIOR ABDULLAH GIRL SECONDARY SC,,,,,,kiliwehiri,,90400200057,1
poll_station,urile_primary_school,URILE PRIMARY SCHOOL,,,,,,kiliwehiri,,90400200058,1
poll_station,khaba_guto_primary_school,KHABA GUTO PRIMARY SCHOOL,,,,,,kiliwehiri,,90400200059,1
poll_station,ashabito_primary_school,ASHABITO PRIMARY SCHOOL,,,,,,ashabito,,90410201001,3
poll_station,dara_farma,DARA FARMA,,,,,,ashabito,,90410201002,2
poll_station,libi_bul_primary_school,LIBI BUL PRIMARY SCHOOL,,,,,,ashabito,,90410201003,1
poll_station,sigare_hills,SIGARE HILLS,,,,,,ashabito,,90410201004,1
poll_station,bambo_west,BAMBO WEST,,,,,,ashabito,,90410201005,2
poll_station,sukela_tifna_primary_school,SUKELA TIFNA PRIMARY SCHOOL,,,,,,ashabito,,90410201006,1
poll_station,quramathow,QURAMATHOW,,,,,,ashabito,,90410201007,1
poll_station,arda_argasu_centre,ARDA ARGASU CENTRE,,,,,,ashabito,,90410201008,1
poll_station,bire_centre,BIRE CENTRE,,,,,,ashabito,,90410201009,2
poll_station,wargadud_dam,WARGADUD DAM,,,,,,ashabito,,90410201010,2
poll_station,kubi_hills,KUBI HILLS,,,,,,ashabito,,90410201011,1
poll_station,olla_primary_school,OLLA PRIMARY SCHOOL,,,,,,guticha,,90410202012,2
poll_station,koban_daka,KOBAN DAKA,,,,,,guticha,,90410202013,1
poll_station,barwaqo_primary_school,BARWAQO PRIMARY SCHOOL,,,,,,guticha,,90410202014,2
poll_station,shir_shir_primary_school,SHIR SHIR PRIMARY SCHOOL,,,,,,guticha,,90410202015,2
poll_station,gofa_primary_school,GOFA PRIMARY SCHOOL,,,,,,guticha,,90410202016,1
poll_station,qordobo_nursery_school,QORDOBO NURSERY SCHOOL,,,,,,guticha,,90410202017,1
poll_station,guticha_primary_school,GUTICHA PRIMARY SCHOOL,,,,,,guticha,,90410202018,1
poll_station,saqira_village,SAQIRA VILLAGE,,,,,,guticha,,90410202019,2
poll_station,darab_athathi_primary_school,DARAB ATHATHI PRIMARY SCHOOL,,,,,,guticha,,90410202020,1
poll_station,korma_adow,KORMA ADOW,,,,,,guticha,,90410202021,1
poll_station,sarman_primary_school,SARMAN PRIMARY SCHOOL,,,,,,guticha,,90410202022,1
poll_station,yaqila_farms,YAQILA FARMS,,,,,,guticha,,90410202023,1
poll_station,lanqura_primary_school,LANQURA PRIMARY SCHOOL,,,,,,guticha,,90410202024,2
poll_station,istanbul_centre,ISTANBUL CENTRE,,,,,,guticha,,90410202025,1
poll_station,daidai_primary_school,DAIDAI PRIMARY SCHOOL,,,,,,guticha,,90410202026,1
poll_station,shandarmod_centre,SHANDARMOD CENTRE,,,,,,guticha,,90410202027,1
poll_station,garablaqa_primary_school,GARABLAQA PRIMARY SCHOOL,,,,,,guticha,,90410202028,1
poll_station,garbab_primary_school,GARBAB PRIMARY SCHOOL,,,,,,guticha,,90410202029,1
poll_station,gumar_centre,GUMAR CENTRE,,,,,,guticha,,90410202030,1
poll_station,dilley_primary_school,DILLEY PRIMARY SCHOOL,,,,,,guticha,,90410202031,1
poll_station,mkutano_centre,MKUTANO CENTRE,,,,,,guticha,,90410202032,1
poll_station,jikow_primary_school,JIKOW PRIMARY SCHOOL,,,,,,guticha,,90410202033,1
poll_station,dagahtur_primary_school,DAGAHTUR PRIMARY SCHOOL,,,,,,guticha,,90410202034,1
poll_station,yuub_geltur_primary,YUUB GELTUR PRIMARY,,,,,,guticha,,90410202035,1
poll_station,kubi_primary_school,KUBI PRIMARY SCHOOL,,,,,,morothile,,90410203036,1
poll_station,kajaja,KAJAJA,,,,,,morothile,,90410203037,1
poll_station,morothile_primary_school,MOROTHILE PRIMARY SCHOOL,,,,,,morothile,,90410203038,3
poll_station,morothile_chief_camp,MOROTHILE CHIEF CAMP,,,,,,morothile,,90410203039,1
poll_station,rhamu_primary_school,RHAMU PRIMARY SCHOOL,,,,,,rhamu,,90410204040,2
poll_station,shantoley_primary_school,SHANTOLEY PRIMARY SCHOOL,,,,,,rhamu,,90410204041,2
poll_station,girisa_primary_school,GIRISA PRIMARY SCHOOL,,,,,,rhamu,,90410204042,3
poll_station,alfowzan_primary_school,AL-FOWZAN PRIMARY SCHOOL,,,,,,rhamu,,90410204043,3
poll_station,tossi_primary_school,TOSSI PRIMARY SCHOOL,,,,,,rhamu,,90410204044,3
poll_station,ladeni_primary_school,LADENI PRIMARY SCHOOL,,,,,,rhamu,,90410204045,2
poll_station,towfiq_primary_school,TOWFIQ PRIMARY SCHOOL,,,,,,rhamu,,90410204063,1
poll_station,saakora,SAAKORA,,,,,,rhamu,,90410204047,1
poll_station,shanqala_primary_shool,SHANQALA PRIMARY SHOOL,,,,,,rhamu,,90410204048,1
poll_station,awara_primary_school,AWARA PRIMARY SCHOOL,,,,,,rhamu,,90410204049,1
poll_station,jabi_bar,JABI BAR,,,,,,rhamu,,90410204050,1
poll_station,alhidaya_primary_school,ALHIDAYA PRIMARY SCHOOL,,,,,,rhamu,,90410204051,3
poll_station,sheekoley_farms,SHEEKOLEY FARMS,,,,,,rhamu,,90410204052,2
poll_station,rhamu_day_secondary_school,RHAMU DAY SECONDARY SCHOOL,,,,,,rhamu,,90410204053,1
poll_station,alfurqan_primary_school,AL-FURQAN PRIMARY SCHOOL,,,,,,rhamu,,90410204054,2
poll_station,rhamu_girls_sec_school,RHAMU GIRLS SEC SCHOOL,,,,,,rhamu,,90410204055,1
poll_station,abakaro_primary_school,ABAKARO PRIMARY SCHOOL,,,,,,rhamu,,90410204056,1
poll_station,darsalam_primary_school,DARSALAM PRIMARY SCHOOL,,,,,,rhamu,,90410204057,1
poll_station,rhamu_polythecnic,RHAMU POLYTHECNIC,,,,,,rhamu,,90410204058,1
poll_station,upper_hill_primary_school,UPPER HILL PRIMARY SCHOOL,,,,,,rhamu,,90410204059,1
poll_station,dau_river_day_sec_school,DAU RIVER DAY SEC SCHOOL,,,,,,rhamu,,90410204060,1
poll_station,qodi,QODI,,,,,,rhamu,,90410204061,1
poll_station,tawakal_primary,TAWAKAL PRIMARY,,,,,,rhamu,,90410204062,1
poll_station,yabicho_a_nursery,YABICHO A NURSERY,,,,,,rhamu_dimtu,,90410205063,1
poll_station,yabicho_primary_school,YABICHO PRIMARY SCHOOL,,,,,,rhamu_dimtu,,90410205064,2
poll_station,kalmalab,KALMALAB,,,,,,rhamu_dimtu,,90410205065,1
poll_station,kalicha_primary_school,KALICHA PRIMARY SCHOOL,,,,,,rhamu_dimtu,,90410205066,2
poll_station,mado_wells,MADO WELLS,,,,,,rhamu_dimtu,,90410205067,1
poll_station,rhamudimtu_primary_school,RHAMU-DIMTU PRIMARY SCHOOL,,,,,,rhamu_dimtu,,90410205068,2
poll_station,garsey_primary_school,GARSEY PRIMARY SCHOOL,,,,,,rhamu_dimtu,,90410205069,1
poll_station,ado_saden,ADO SADEN,,,,,,rhamu_dimtu,,90410205070,1
poll_station,bur_john_primary_school,BUR JOHN PRIMARY SCHOOL,,,,,,rhamu_dimtu,,90410205071,2
poll_station,qorahey_primary_school,QORAHEY PRIMARY SCHOOL,,,,,,rhamu_dimtu,,90410205018,1
poll_station,balanqa_shallow_wells,BALANQA SHALLOW WELLS,,,,,,rhamu_dimtu,,90410205073,1
poll_station,libin_girls_primary,LIBIN GIRLS PRIMARY,,,,,,rhamu_dimtu,,90410205074,2
poll_station,usubey_center,USUBEY CENTER,,,,,,rhamu_dimtu,,90410205075,2
poll_station,dagahtur_water_point,DAGAHTUR WATER POINT,,,,,,rhamu_dimtu,,90410205076,1
poll_station,degmarer_primary_school,DEGMARER PRIMARY SCHOOL,,,,,,rhamu_dimtu,,90410205077,1
poll_station,barjif_centre,BARJIF CENTRE,,,,,,rhamu_dimtu,,90410205078,1
poll_station,gabray_centre,GABRAY CENTRE,,,,,,rhamu_dimtu,,90410205079,1
poll_station,harare_primary_school,HARARE PRIMARY SCHOOL,,,,,,rhamu_dimtu,,90410205080,1
poll_station,asal_centre,ASAL CENTRE,,,,,,wargadud,,90420206072,2
poll_station,elele_primary_school,ELELE PRIMARY SCHOOL,,,,,,wargadud,,90420206002,1
poll_station,eres_kinto_primary_school,ERES KINTO PRIMARY SCHOOL,,,,,,wargadud,,90420206003,1
poll_station,harsanga_primary_school,HARSANGA PRIMARY SCHOOL,,,,,,wargadud,,90420206004,1
poll_station,chirole_primary_school,CHIROLE PRIMARY SCHOOL,,,,,,wargadud,,90420206005,2
poll_station,arda_qalacha_primary_school,ARDA QALACHA PRIMARY SCHOOL,,,,,,wargadud,,90420206006,1
poll_station,abey_buqe_primary_school,ABEY BUQE PRIMARY SCHOOL,,,,,,wargadud,,90420206007,2
poll_station,wargadud_primary_school,WARGADUD PRIMARY SCHOOL,,,,,,wargadud,,90420206008,3
poll_station,tuli_primary_school,TULI PRIMARY SCHOOL,,,,,,wargadud,,90420206009,1
poll_station,corner_s,CORNER S,,,,,,wargadud,,90420206010,1
poll_station,damog_primary_school,DAMOG PRIMARY SCHOOL,,,,,,wargadud,,90420206011,1
poll_station,awalbandera_village_centre,AWALBANDERA VILLAGE CENTRE,,,,,,wargadud,,90420206012,1
poll_station,nyat_alio_primary,NYAT ALIO PRIMARY,,,,,,kutulo,,90420207013,1
poll_station,kutayu_primary_school,KUTAYU PRIMARY SCHOOL,,,,,,kutulo,,90420207014,1
poll_station,gogogesa_shallow_wells,GOGOGESA SHALLOW WELLS,,,,,,kutulo,,90420207015,1
poll_station,boji_garse_primary_school,BOJI GARSE PRIMARY SCHOOL,,,,,,kutulo,,90420207016,1
poll_station,garsesala_health_centre,GARSESALA HEALTH CENTRE,,,,,,kutulo,,90420207017,1
poll_station,bore_hole_11_primary_school,BORE HOLE 11 PRIMARY SCHOOL,,,,,,kutulo,,90420207018,2
poll_station,gode_primary_school,GODE PRIMARY SCHOOL,,,,,,kutulo,,90420207019,1
poll_station,chief_mohamed_jari_academy,CHIEF MOHAMED JARI ACADEMY,,,,,,kutulo,,90420207020,3
poll_station,dabacity_primary_school,DABACITY PRIMARY SCHOOL,,,,,,kutulo,,90420207021,1
poll_station,dimu_primary_school,DIMU PRIMARY SCHOOL,,,,,,kutulo,,90420207022,1
poll_station,harawale_primary_school,HARAWALE PRIMARY SCHOOL,,,,,,kutulo,,90420207023,1
poll_station,abe_umur_primary_school,ABE UMUR PRIMARY SCHOOL,,,,,,kutulo,,90420207024,1
poll_station,elramu_primary_school,ELRAMU PRIMARY SCHOOL,,,,,,kutulo,,90420207025,1
poll_station,falama_primary_school,FALAMA PRIMARY SCHOOL,,,,,,kutulo,,90420207054,1
poll_station,lehele_primary_school,LEHELE PRIMARY SCHOOL,,,,,,kutulo,,90420207027,1
poll_station,elkuro,ELKURO,,,,,,kutulo,,90420207028,1
poll_station,old_kutulo_primary,OLD KUTULO PRIMARY,,,,,,kutulo,,90420207029,1
poll_station,mitita_primary_school,MITITA PRIMARY SCHOOL,,,,,,kutulo,,90420207030,1
poll_station,gesrebki_primary_school,GESREBKI PRIMARY SCHOOL,,,,,,kutulo,,90420207056,1
poll_station,majanidadach_primary_school,MAJANI-DADACH PRIMARY SCHOOL,,,,,,kutulo,,90420207032,1
poll_station,qobo_ecd_centre,QOBO ECD CENTRE,,,,,,kutulo,,90420207033,1
poll_station,kutulo_model_secondary_school,KUTULO MODEL SECONDARY SCHOOL,,,,,,kutulo,,90420207034,1
poll_station,aluwes_primary_school,ALUWES PRIMARY SCHOOL,,,,,,elwak_south,,90420208035,1
poll_station,hada_kalo,HADA KALO,,,,,,elwak_south,,90420208036,1
poll_station,qolati_nursery,QOLATI NURSERY,,,,,,elwak_south,,90420208037,2
poll_station,elwak_d_e_b_primary_school,ELWAK D. E. B. PRIMARY SCHOOL,,,,,,elwak_south,,90420208038,1
poll_station,elwak_girls_primary_school,ELWAK GIRLS PRIMARY SCHOOL,,,,,,elwak_south,,90420208039,1
poll_station,dawdeer_primary_school,DAWDEER PRIMARY SCHOOL,,,,,,elwak_south,,90420208040,1
poll_station,makutano_primary_school,MAKUTANO PRIMARY SCHOOL,,,,,,elwak_south,,90420208041,1
poll_station,elwak_secondary_school,ELWAK SECONDARY SCHOOL,,,,,,elwak_south,,90420208042,2
poll_station,uthole_primary_school,UTHOLE PRIMARY SCHOOL,,,,,,elwak_south,,90420208043,1
poll_station,wachile_primary,WACHILE PRIMARY,,,,,,elwak_south,,90420208044,1
poll_station,ababosone_primary_school,ABABOSONE PRIMARY SCHOOL,,,,,,elwak_south,,90420208045,1
poll_station,geed_alo_primary_school,GEED ALO PRIMARY SCHOOL,,,,,,elwak_south,,90420208046,1
poll_station,elhagarsu_primary,ELHAGARSU PRIMARY,,,,,,elwak_south,,90420208047,1
poll_station,aluteibi_primary_school,ALUTEIBI PRIMARY SCHOOL,,,,,,elwak_south,,90420208048,1
poll_station,motc_centre,MOTC CENTRE,,,,,,elwak_south,,90420208049,1
poll_station,alrawla_primary,AL-RAWLA PRIMARY,,,,,,elwak_south,,90420208050,2
poll_station,elsafara_primary_school,EL-SAFARA PRIMARY SCHOOL,,,,,,elwak_south,,90420208051,1
poll_station,eres_suki_primary_school,ERES SUKI PRIMARY SCHOOL,,,,,,elwak_north,,90420209052,1
poll_station,elgolicha_primary_school,ELGOLICHA PRIMARY SCHOOL,,,,,,elwak_north,,90420209053,1
poll_station,elgala_primary_school,ELGALA PRIMARY SCHOOL,,,,,,elwak_north,,90420209054,2
poll_station,bulla_afya_youth_centre,BULLA AFYA YOUTH CENTRE,,,,,,elwak_north,,90420209055,3
poll_station,dasheng_alango_water_point,DASHENG ALANGO WATER POINT,,,,,,elwak_north,,90420209056,1
poll_station,wante_water_point,WANTE WATER POINT,,,,,,elwak_north,,90420209057,1
poll_station,yado_center,YADO CENTER,,,,,,elwak_north,,90420209058,1
poll_station,bulla_afya_peimary,BULLA AFYA PEIMARY,,,,,,elwak_north,,90420209059,2
poll_station,qurqura_centre,QURQURA CENTRE,,,,,,elwak_north,,90420209060,1
poll_station,bulla_nguvu_centre,BULLA NGUVU CENTRE,,,,,,elwak_north,,90420209061,2
poll_station,harbate_primary_school,HARBATE PRIMARY SCHOOL,,,,,,shimbir_fatuma,,90420210062,1
poll_station,haji_abass_primary_school,HAJI ABASS PRIMARY SCHOOL,,,,,,shimbir_fatuma,,90420210063,1
poll_station,dido_primary_school,DIDO PRIMARY SCHOOL,,,,,,shimbir_fatuma,,90420210064,1
poll_station,burmayo_south_primary_school,BURMAYO SOUTH PRIMARY SCHOOL,,,,,,shimbir_fatuma,,90420210065,1
poll_station,shimbir_fatuma_primary_school,SHIMBIR FATUMA PRIMARY SCHOOL,,,,,,shimbir_fatuma,,90420210066,2
poll_station,harade,HARADE,,,,,,shimbir_fatuma,,90420210067,2
poll_station,qarsa_damu_primary_school,QARSA DAMU PRIMARY SCHOOL,,,,,,shimbir_fatuma,,90420210068,1
poll_station,qalanqalesa_primary_school,QALANQALESA PRIMARY SCHOOL,,,,,,shimbir_fatuma,,90420210069,2
poll_station,dololo_primary_school,DOLOLO PRIMARY SCHOOL,,,,,,shimbir_fatuma,,90420210045,2
poll_station,fincharo_primary_school,FINCHARO PRIMARY SCHOOL,,,,,,shimbir_fatuma,,90420210071,2
poll_station,egu_dam,EGU DAM,,,,,,shimbir_fatuma,,90420210072,1
poll_station,chachabole_primary_school,CHACHABOLE PRIMARY SCHOOL,,,,,,shimbir_fatuma,,90420210073,1
poll_station,kob_adadi_primary_school,KOB ADADI PRIMARY SCHOOL,,,,,,shimbir_fatuma,,90420210074,1
poll_station,eltul,ELTUL,,,,,,shimbir_fatuma,,90420210075,1
poll_station,tutes,TUTES,,,,,,shimbir_fatuma,,90420210076,1
poll_station,wayamlecha_primary_school,WAYAMLECHA PRIMARY SCHOOL,,,,,,shimbir_fatuma,,90420210077,1
poll_station,harqura_primary_school,HARQURA PRIMARY SCHOOL,,,,,,shimbir_fatuma,,90420210078,1
poll_station,charifuda_primary_school,CHARIFUDA PRIMARY SCHOOL,,,,,,shimbir_fatuma,,90420210079,1
poll_station,omar_jillaow_centre,OMAR JILLAOW CENTRE,,,,,,arabia,,90430211001,1
poll_station,ledi_centre,LEDI CENTRE,,,,,,arabia,,90430211002,1
poll_station,arabia_primary_school,ARABIA PRIMARY SCHOOL,,,,,,arabia,,90430211003,2
poll_station,oda_primary_school,ODA PRIMARY SCHOOL,,,,,,arabia,,90430211004,1
poll_station,farey_primary_school,FAREY PRIMARY SCHOOL,,,,,,arabia,,90430211005,1
poll_station,sarohindi_primary_school,SAROHINDI PRIMARY SCHOOL,,,,,,arabia,,90430211006,1
poll_station,kamar_bahawa,KAMAR BAHAWA,,,,,,arabia,,90430211007,1
poll_station,korjab_farms,KORJAB FARMS,,,,,,arabia,,90430211008,1
poll_station,berawyon_farms,BERAWYON FARMS,,,,,,arabia,,90430211009,1
poll_station,hegalow_primary_school,HEGALOW PRIMARY SCHOOL,,,,,,arabia,,90430211010,1
poll_station,arabia_boys_secondary_school,ARABIA BOYS SECONDARY SCHOOL,,,,,,arabia,,90430211011,1
poll_station,ali_ibrahim_centre,ALI IBRAHIM CENTRE,,,,,,township,,90430212012,1
poll_station,bulla_mpya_primary_school,BULLA MPYA PRIMARY SCHOOL,,,,,,township,,90430212013,4
poll_station,bokolo_duse_centre,BOKOLO DUSE CENTRE,,,,,,township,,90430212014,3
poll_station,kamor_primary_school,KAMOR PRIMARY SCHOOL,,,,,,township,,90430212015,1
poll_station,barwaqo_primary_school,BARWAQO PRIMARY SCHOOL,,,,,,township,,90430212014,3
poll_station,khadija_girls_primary_school,KHADIJA GIRLS PRIMARY SCHOOL,,,,,,township,,90430212017,3
poll_station,duse_primary_school,DUSE PRIMARY SCHOOL,,,,,,township,,90430212018,1
poll_station,border_point_1,BORDER POINT 1,,,,,,township,,90430212019,1
poll_station,mandera_village_poly,MANDERA VILLAGE POLY,,,,,,township,,90430212020,5
poll_station,township_primary_school,TOWNSHIP PRIMARY SCHOOL,,,,,,township,,90430212021,3
poll_station,buruburu_primary_school,BURUBURU PRIMARY SCHOOL,,,,,,township,,90430212022,2
poll_station,koromey_primary_school,KOROMEY PRIMARY SCHOOL,,,,,,township,,90430212023,1
poll_station,barwaqo_boys_secondary_school,BARWAQO BOYS SECONDARY SCHOOL,,,,,,township,,90430212024,1
poll_station,buruburu_girls_secondary_school,BURUBURU GIRLS SECONDARY SCHOOL,,,,,,township,,90430212025,1
poll_station,jua_kali_centre,JUA KALI CENTRE,,,,,,township,,90430212026,1
poll_station,livestock_market,LIVESTOCK MARKET,,,,,,neboi,,90430213027,4
poll_station,neboi_primary_school,NEBOI PRIMARY SCHOOL,,,,,,neboi,,90430213028,2
poll_station,shafshafey_primary_school,SHAFSHAFEY PRIMARY SCHOOL,,,,,,neboi,,90430213029,4
poll_station,deb_primary_school,D.E.B PRIMARY SCHOOL,,,,,,neboi,,90430213030,4
poll_station,boys_town,BOYS TOWN,,,,,,neboi,,90430213031,1
poll_station,mandera_open_air_market,MANDERA OPEN AIR MARKET,,,,,,neboi,,90430213032,2
poll_station,daua_intergrated,DAUA INTERGRATED,,,,,,neboi,,90430213033,2
poll_station,shafshafey_boys_secondary_schoo,SHAFSHAFEY BOYS SECONDARY SCHOO,,,,,,neboi,,90430213034,1
poll_station,tawakal_primary_school,TAWAKAL PRIMARY SCHOOL,,,,,,neboi,,90430213035,1
poll_station,society_centre,SOCIETY CENTRE,,,,,,neboi,,90430213036,1
poll_station,hareri_hosle_primary_school,HARERI HOSLE PRIMARY SCHOOL,,,,,,khalalio,,90430214037,1
poll_station,kamor_elle_primary_school,KAMOR ELLE PRIMARY SCHOOL,,,,,,khalalio,,90430214038,1
poll_station,hareri_hosle_mobile,HARERI HOSLE MOBILE,,,,,,khalalio,,90430214039,1
poll_station,gududiye_primary_school,GUDUDIYE PRIMARY SCHOOL,,,,,,khalalio,,90430214040,2
poll_station,khalalio_primary_school,KHALALIO PRIMARY SCHOOL,,,,,,khalalio,,90430214041,2
poll_station,darika_primary_school,DARIKA PRIMARY SCHOOL,,,,,,khalalio,,90430214042,2
poll_station,bella_primary_school,BELLA PRIMARY SCHOOL,,,,,,khalalio,,90430214043,3
poll_station,karo_primary_school,KARO PRIMARY SCHOOL,,,,,,khalalio,,90430214044,1
poll_station,garbaqoley_primary_school,GARBAQOLEY PRIMARY SCHOOL,,,,,,khalalio,,90430214045,2
poll_station,gingo_nursery,GINGO NURSERY,,,,,,khalalio,,90430214046,1
poll_station,lamadid_nursery,LAMADID NURSERY,,,,,,khalalio,,90430214047,1
poll_station,malka_gududiye,MALKA GUDUDIYE,,,,,,khalalio,,90430214048,1
poll_station,adan_hirsi_primary_school,ADAN HIRSI PRIMARY SCHOOL,,,,,,khalalio,,90430214049,1
poll_station,matasafara_centre,MATASAFARA CENTRE,,,,,,khalalio,,90430214050,1
poll_station,bur_abor_primary_school,BUR ABOR PRIMARY SCHOOL,,,,,,khalalio,,90430214051,1
poll_station,figho_primary_school,FIGHO PRIMARY SCHOOL,,,,,,khalalio,,90430214052,3
poll_station,bulla_haji_primary_school,BULLA HAJI PRIMARY SCHOOL,,,,,,khalalio,,90430214053,1
poll_station,khalalio_girls_secondary_school,KHALALIO GIRLS SECONDARY SCHOOL,,,,,,khalalio,,90430214054,1
poll_station,shariff_ile_primary_school,SHARIFF ILE PRIMARY SCHOOL,,,,,,khalalio,,90430214055,1
poll_station,gingo_market,GINGO MARKET,,,,,,khalalio,,90430214056,1
poll_station,aresa_primary_school,ARESA PRIMARY SCHOOL,,,,,,libehia,,90430215057,3
poll_station,hareri_primary_school,HARERI PRIMARY SCHOOL,,,,,,libehia,,90430215058,1
poll_station,amin_gurey_center,AMIN GUREY CENTER,,,,,,libehia,,90430215059,1
poll_station,gumbiso_primary_school,GUMBISO PRIMARY SCHOOL,,,,,,libehia,,90430215060,1
poll_station,libehia_primary_school,LIBEHIA PRIMARY SCHOOL,,,,,,libehia,,90430215061,2
poll_station,qurader_shallow_wells,QURADER SHALLOW WELLS,,,,,,libehia,,90430215062,1
poll_station,kamor_buhlow,KAMOR BUHLOW,,,,,,libehia,,90430215063,1
poll_station,qarari_shallow_wells,QARARI SHALLOW WELLS,,,,,,libehia,,90430215064,1
poll_station,aresa_girls_secondary_school,ARESA GIRLS SECONDARY SCHOOL,,,,,,libehia,,90430215065,2
poll_station,hareri_mixed_secondary_school,HARERI MIXED SECONDARY SCHOOL,,,,,,libehia,,90430215066,1
poll_station,sala_primary_school,SALA PRIMARY SCHOOL,,,,,,sala,,90440216060,2
poll_station,qualla_water_point,QUALLA WATER POINT,,,,,,sala,,90440216002,2
poll_station,jabi_east_centre,JABI EAST CENTRE,,,,,,sala,,90440216003,1
poll_station,meygag_primary_school,MEYGAG PRIMARY SCHOOL,,,,,,sala,,90440216004,1
poll_station,fino_primary_school,FINO PRIMARY SCHOOL,,,,,,fino,,90440217005,1
poll_station,sheikh_barrow_community_hall,SHEIKH BARROW COMMUNITY HALL,,,,,,fino,,90440217006,1
poll_station,dawa_duba_community_hall,DAWA DUBA COMMUNITY HALL,,,,,,fino,,90440217007,1
poll_station,warta_aad,WARTA AAD,,,,,,fino,,90440217008,1
poll_station,duntow,DUNTOW,,,,,,fino,,90440217009,1
poll_station,fino_youth_polytechnic,FINO YOUTH POLYTECHNIC,,,,,,fino,,90440217010,1
poll_station,sheikh_barrow_primary_school,SHEIKH BARROW PRIMARY SCHOOL,,,,,,fino,,90440217011,1
poll_station,bulla_maalim_water_point,BULLA MAALIM WATER POINT,,,,,,fino,,90440217012,1
poll_station,kabo_primary_school,KABO PRIMARY SCHOOL,,,,,,lafey,,90440218013,1
poll_station,kamor_liban_primary_school,KAMOR LIBAN PRIMARY SCHOOL,,,,,,lafey,,90440218014,1
poll_station,damasa_centre,DAMASA CENTRE,,,,,,lafey,,90440218015,1
poll_station,lafey_primary_school,LAFEY PRIMARY SCHOOL,,,,,,lafey,,90440218016,3
poll_station,qaharey_primary_school,QAHAREY PRIMARY SCHOOL,,,,,,lafey,,90440218017,1
poll_station,mansa_water_point,MANSA WATER POINT,,,,,,lafey,,90440218018,1
poll_station,saqo_dam,SAQO DAM,,,,,,lafey,,90440218019,1
poll_station,haylow_dam,HAYLOW DAM,,,,,,lafey,,90440218020,1
poll_station,lafey_market,LAFEY MARKET,,,,,,lafey,,90440218021,1
poll_station,nurul_yaqin_integrated,NURUL YAQIN INTEGRATED,,,,,,lafey,,90440218022,1
poll_station,digdar_primary_school,DIGDAR PRIMARY SCHOOL,,,,,,lafey,,90440218023,1
poll_station,lafey_youth_polytechnic,LAFEY YOUTH POLYTECHNIC,,,,,,lafey,,90440218024,1
poll_station,lafey_boys_secondary_school,LAFEY BOYS SECONDARY SCHOOL,,,,,,lafey,,90440218025,1
poll_station,kabo_borehole,KABO BOREHOLE,,,,,,lafey,,90440218026,1
poll_station,bambo_primary_school,BAMBO PRIMARY SCHOOL,,,,,,waranqara,,90440219027,1
poll_station,barmille_centre,BARMILLE CENTRE,,,,,,waranqara,,90440219028,1
poll_station,waranqara_primary_school,WARANQARA PRIMARY SCHOOL,,,,,,waranqara,,90440219029,1
poll_station,kamor_farda_water_point,KAMOR FARDA WATER POINT,,,,,,waranqara,,90440219030,1
poll_station,gari_primary_school,GARI PRIMARY SCHOOL,,,,,,waranqara,,90440219031,1
poll_station,sogle_centre,SOGLE CENTRE,,,,,,waranqara,,90440219032,1
poll_station,safo_dam,SAFO DAM,,,,,,waranqara,,90440219033,1
poll_station,kheira_ali_primary_school,KHEIRA ALI PRIMARY SCHOOL,,,,,,waranqara,,90440219034,1
poll_station,harey_centre,HAREY CENTRE,,,,,,waranqara,,90440219035,1
poll_station,gothey_center,GOTHEY CENTER,,,,,,waranqara,,90440219036,1
poll_station,gari_borehole,GARI BOREHOLE,,,,,,waranqara,,90440219037,1
poll_station,ahmed_issack_farm,AHMED ISSACK FARM,,,,,,waranqara,,90440219038,1
poll_station,gabano_centre,GABANO CENTRE,,,,,,waranqara,,90440219039,1
poll_station,basa_julun,BASA JULUN,,,,,,waranqara,,90440219040,1
poll_station,alungu_gof,ALUNGU GOF,,,,,,alango_gof,,90440220041,1
poll_station,alungu_primary_school,ALUNGU PRIMARY SCHOOL,,,,,,alango_gof,,90440220042,2
poll_station,yatho_centre,YATHO CENTRE,,,,,,alango_gof,,90440220043,2
poll_station,shaaban_gedi,SHAABAN GEDI,,,,,,alango_gof,,90440220044,2
poll_station,alungu_dam,ALUNGU DAM,,,,,,alango_gof,,90440220045,1
poll_station,bori_primary_school,BORI PRIMARY SCHOOL,,,,,,butiye,,100450221001,1
poll_station,kate_primary_school,KATE PRIMARY SCHOOL,,,,,,butiye,,100450221002,1
poll_station,somare_primary_school,SOMARE PRIMARY SCHOOL,,,,,,butiye,,100450221003,2
poll_station,butiye_primary_school,BUTIYE PRIMARY SCHOOL,,,,,,butiye,,100450221004,5
poll_station,moyale_boys_secondary_school,MOYALE BOYS' SECONDARY SCHOOL,,,,,,butiye,,100450221005,2
poll_station,dadacha_lakole_primary_school,DADACHA LAKOLE PRIMARY SCHOOL,,,,,,butiye,,100450221006,1
poll_station,kuraa_manyatta_centre,KURAA MANYATTA CENTRE,,,,,,butiye,,100450221007,1
poll_station,malka_dhoke_mobile,MALKA DHOKE MOBILE,,,,,,butiye,,100450221008,1
poll_station,qilta_primary_school,QILTA PRIMARY SCHOOL,,,,,,butiye,,100450221009,1
poll_station,butiye_nursery_school,BUTIYE NURSERY SCHOOL,,,,,,butiye,,100450221010,3
poll_station,teso_primary_school,TESO PRIMARY SCHOOL,,,,,,butiye,,100450221011,1
poll_station,arosa_primary_school,AROSA PRIMARY SCHOOL,,,,,,butiye,,100450221012,1
poll_station,manqatta_mobile,MANQATTA MOBILE,,,,,,butiye,,100450221013,1
poll_station,maeyi_nursery,MAEYI NURSERY,,,,,,butiye,,100450221014,1
poll_station,sololo_primary_school,SOLOLO PRIMARY SCHOOL,,,,,,sololo,,100450222015,2
poll_station,mado_adi_primary_school,MADO ADI PRIMARY SCHOOL,,,,,,sololo,,100450222016,1
poll_station,wayegodha_primary_school,WAYE-GODHA PRIMARY SCHOOL,,,,,,sololo,,100450222017,1
poll_station,anona_primary_school,ANONA PRIMARY SCHOOL,,,,,,sololo,,100450222018,2
poll_station,sololo_secondary_school,SOLOLO SECONDARY SCHOOL,,,,,,sololo,,100450222019,2
poll_station,ramole_primary_school,RAMOLE PRIMARY SCHOOL,,,,,,sololo,,100450222020,1
poll_station,sololo_women_group_centre,SOLOLO WOMEN GROUP CENTRE,,,,,,sololo,,100450222021,2
poll_station,goda_loko_village_centre,GODA LOKO VILLAGE CENTRE,,,,,,sololo,,100450222022,1
poll_station,mata_saden_mobile,MATA SADEN MOBILE,,,,,,sololo,,100450222023,1
poll_station,abbo_manyatta_centre,ABBO MANYATTA CENTRE,,,,,,sololo,,100450222024,1
poll_station,anona_nursery_school,ANONA NURSERY SCHOOL,,,,,,sololo,,100450222025,1
poll_station,sololo_madrasa,SOLOLO MADRASA,,,,,,sololo,,100450222026,2
poll_station,aria_mobile,ARIA MOBILE,,,,,,sololo,,100450222027,1
poll_station,dr_guracha_memorial_girls_scho,DR. GURACHA MEMORIAL GIRLS SCHO,,,,,,sololo,,100450222028,1
poll_station,obbu_technical,OBBU TECHNICAL,,,,,,sololo,,100450222029,1
poll_station,manyatta_burji_madrassa,MANYATTA BURJI MADRASSA,,,,,,heillu_manyatta,,100450223030,3
poll_station,stmarys_primary_school,ST.MARY'S PRIMARY SCHOOL,,,,,,heillu_manyatta,,100450223031,2
poll_station,heilu_primary_school,HEILU PRIMARY SCHOOL,,,,,,heillu_manyatta,,100450223032,2
poll_station,mansile_primary_school,MANSILE PRIMARY SCHOOL,,,,,,heillu_manyatta,,100450223033,1
poll_station,kinisa_primary_school,KINISA PRIMARY SCHOOL,,,,,,heillu_manyatta,,100450223074,1
poll_station,k_rashidin_primary_school,K/RASHIDIN PRIMARY SCHOOL,,,,,,heillu_manyatta,,100450223035,2
poll_station,heilu_nursery_school,HEILU NURSERY SCHOOL,,,,,,heillu_manyatta,,100450223036,3
poll_station,manyatta_primary_school,MANYATTA PRIMARY SCHOOL,,,,,,heillu_manyatta,,100450223052,1
poll_station,fatul_bahri_madrasa,FATUL BAHRI MADRASA,,,,,,heillu_manyatta,,100450223038,2
poll_station,heilu_social_hall,HEILU SOCIAL HALL,,,,,,heillu_manyatta,,100450223039,2
poll_station,moyale_girls_secondary_school,MOYALE GIRLS SECONDARY SCHOOL,,,,,,heillu_manyatta,,100450223040,2
poll_station,funan_dimo_manyatta_centre,FUNAN DIMO MANYATTA CENTRE,,,,,,heillu_manyatta,,100450223041,1
poll_station,odda_primary_school,ODDA PRIMARY SCHOOL,,,,,,golbo,,100450224042,3
poll_station,hadesa_nursery_school,HADESA NURSERY SCHOOL,,,,,,golbo,,100450224043,1
poll_station,funan_nyatta_primary_school,FUNAN NYATTA PRIMARY SCHOOL,,,,,,golbo,,100450224044,2
poll_station,nana_primary_school,NANA PRIMARY SCHOOL,,,,,,golbo,,100450224045,2
poll_station,yabalo_primary_school,YABALO PRIMARY SCHOOL,,,,,,golbo,,100450224046,2
poll_station,godoma_primary_school,GODOMA PRIMARY SCHOOL,,,,,,golbo,,100450224047,1
poll_station,godoma_diko_primary_school,GODOMA DIKO PRIMARY SCHOOL,,,,,,golbo,,100450224048,1
poll_station,golla_centre,GOLLA CENTRE,,,,,,golbo,,100450224049,1
poll_station,dabel_primary_school,DABEL PRIMARY SCHOOL,,,,,,golbo,,100450224050,2
poll_station,dirr_dima_primary_school,DIRR DIMA PRIMARY SCHOOL,,,,,,golbo,,100450224051,1
poll_station,odda_dispensary,ODDA DISPENSARY,,,,,,golbo,,100450224052,2
poll_station,funan_nyatta_water_point,FUNAN NYATTA WATER POINT,,,,,,golbo,,100450224053,1
poll_station,nana_bore_hole,NANA BORE HOLE,,,,,,golbo,,100450224054,1
poll_station,walensu_taka_mobile,WALENSU TAKA MOBILE,,,,,,golbo,,100450224055,1
poll_station,guyo_timo_nursery_school,GUYO TIMO NURSERY SCHOOL,,,,,,golbo,,100450224056,1
poll_station,dabel_water_point,DABEL WATER POINT,,,,,,golbo,,100450224057,1
poll_station,iladu_nursery_school,ILADU NURSERY SCHOOL,,,,,,golbo,,100450224058,1
poll_station,watiti_primary_school,WATITI PRIMARY SCHOOL,,,,,,golbo,,100450224059,1
poll_station,qalaliwe_centre,QALALIWE CENTRE,,,,,,golbo,,100450224060,3
poll_station,missa_centre,MISSA CENTRE,,,,,,golbo,,100450224061,1
poll_station,qomqom_primary_school,QOMQOM PRIMARY SCHOOL,,,,,,golbo,,100450224062,2
poll_station,garse_nursery_school,GARSE NURSERY SCHOOL,,,,,,golbo,,100450224063,1
poll_station,godhe_nursery_school,GODHE NURSERY SCHOOL,,,,,,golbo,,100450224064,1
poll_station,qoloba_primary_school,QOLOBA PRIMARY SCHOOL,,,,,,golbo,,100450224065,2
poll_station,moyale_primary_school,MOYALE PRIMARY SCHOOL,,,,,,moyale_township,,100450225066,2
poll_station,al_huda_primary_school,AL HUDA PRIMARY SCHOOL,,,,,,moyale_township,,100450225067,2
poll_station,old_hospital_hall,OLD HOSPITAL HALL,,,,,,moyale_township,,100450225068,3
poll_station,baraza_park,BARAZA PARK,,,,,,moyale_township,,100450225011,3
poll_station,itisam_madrasa,ITISAM MADRASA,,,,,,moyale_township,,100450225070,1
poll_station,moyale_madrasa,MOYALE MADRASA,,,,,,moyale_township,,100450225071,2
poll_station,sessi_primary_school,SESSI PRIMARY SCHOOL,,,,,,moyale_township,,100450225072,2
poll_station,muslim_primary_school,MUSLIM PRIMARY SCHOOL,,,,,,moyale_township,,100450225073,1
poll_station,al_amin_madrasa,AL AMIN MADRASA,,,,,,moyale_township,,100450225074,1
poll_station,taqwa_madrasa,TAQWA MADRASA,,,,,,moyale_township,,100450225075,2
poll_station,gurumesa_dispensary,GURUMESA DISPENSARY,,,,,,moyale_township,,100450225076,1
poll_station,walda_primary_school,WALDA PRIMARY SCHOOL,,,,,,uran,,100450226077,1
poll_station,rawana_primary_school,RAWANA PRIMARY SCHOOL,,,,,,uran,,100450226078,1
poll_station,elle_bora_primary_school,ELLE BORA PRIMARY SCHOOL,,,,,,uran,,100450226079,1
poll_station,uran_nursery_school,URAN NURSERY SCHOOL,,,,,,uran,,100450226080,2
poll_station,uran_primary_school,URAN PRIMARY SCHOOL,,,,,,uran,,100450226081,2
poll_station,golole_primary_school,GOLOLE PRIMARY SCHOOL,,,,,,uran,,100450226082,1
poll_station,karbururi_nursery_school,KARBURURI NURSERY SCHOOL,,,,,,uran,,100450226083,1
poll_station,yasare_mobile,YASARE MOBILE,,,,,,uran,,100450226084,1
poll_station,dadach_elele_primary_school,DADACH ELELE PRIMARY SCHOOL,,,,,,uran,,100450226085,1
poll_station,buti_mobile,BUTI MOBILE,,,,,,uran,,100450226086,1
poll_station,funan_qumbi_primary_school,FUNAN QUMBI PRIMARY SCHOOL,,,,,,uran,,100450226087,1
poll_station,banale_water_point,BANALE WATER POINT,,,,,,uran,,100450226088,1
poll_station,helle_dimtu_mobile,HELLE DIMTU MOBILE,,,,,,uran,,100450226089,1
poll_station,uran_godha_primary_school,URAN GODHA PRIMARY SCHOOL,,,,,,uran,,100450226090,1
poll_station,badanota_centre,BADANOTA CENTRE,,,,,,uran,,100450226091,1
poll_station,qicha_primary_school,QICHA PRIMARY SCHOOL,,,,,,uran,,100450226092,1
poll_station,mado_adi_mobile,MADO ADI MOBILE,,,,,,uran,,100450226093,1
poll_station,golole_nursery_school,GOLOLE NURSERY SCHOOL,,,,,,uran,,100450226094,1
poll_station,karbururi_primary_school,KARBURURI PRIMARY SCHOOL,,,,,,uran,,100450226095,1
poll_station,qonqoma_mobile,QONQOMA MOBILE,,,,,,uran,,100450226096,1
poll_station,dirmetti_nursery_school,DIRMETTI NURSERY SCHOOL,,,,,,uran,,100450226097,1
poll_station,uran_dida_centre,URAN DIDA CENTRE,,,,,,uran,,100450226098,1
poll_station,qiltipe_centre,QILTIPE CENTRE,,,,,,uran,,100450226099,1
poll_station,gawale_mobile,GAWALE MOBILE,,,,,,uran,,100450226100,1
poll_station,sololo_makutano_primary_schoo,SOLOLO MAKUTANO PRIMARY SCHOO,,,,,,obbu,,100450227101,1
poll_station,dibudadacha_mobile,DIBU-DADACHA MOBILE,,,,,,obbu,,100450227102,1
poll_station,hambalo_dispensary,HAMBALO DISPENSARY,,,,,,obbu,,100450227103,1
poll_station,dambala_fachana_primary_school,DAMBALA FACHANA PRIMARY SCHOOL,,,,,,obbu,,100450227104,2
poll_station,garba_mobile,GARBA MOBILE,,,,,,obbu,,100450227105,1
poll_station,hoga_mobile,HOGA MOBILE,,,,,,obbu,,100450227106,1
poll_station,badan_rero_community_hall,BADAN RERO COMMUNITY HALL,,,,,,obbu,,100450227107,1
poll_station,mukh_gurra_primary_school,MUKH GURRA PRIMARY SCHOOL,,,,,,obbu,,100450227108,1
poll_station,shinyile_mobile,SHINYILE MOBILE,,,,,,obbu,,100450227109,1
poll_station,maram_mobile,MARAM MOBILE,,,,,,obbu,,100450227110,1
poll_station,mable_balle_mobile,MABLE BALLE MOBILE,,,,,,obbu,,100450227111,1
poll_station,kuku_bar_mobile,KUKU BAR MOBILE,,,,,,obbu,,100450227112,1
poll_station,dabiyu_manyatta_centre,DABIYU MANYATTA CENTRE,,,,,,obbu,,100450227113,1
poll_station,gadha_korma_centre,GADHA KORMA CENTRE,,,,,,obbu,,100450227114,1
poll_station,wayaam_centre,WAYAAM CENTRE,,,,,,obbu,,100450227115,1
poll_station,dukana_pr_sch,DUKANA PR. SCH,,,,,,dukana,,100460228001,3
poll_station,eljibo_water_hole,ELJIBO WATER HOLE,,,,,,dukana,,100460228002,1
poll_station,balessaru_ctr,BALESSARU CTR,,,,,,dukana,,100460228003,1
poll_station,sabare_ctr,SABARE CTR,,,,,,dukana,,100460228004,1
poll_station,arabtris_ap_post,ARABTRIS AP POST,,,,,,dukana,,100460228005,1
poll_station,bulluk_ap_post,BULLUK AP POST,,,,,,dukana,,100460228006,1
poll_station,elhadi_pry,EL-HADI PRY,,,,,,dukana,,100460228007,1
poll_station,dibandiba_manyatta,DIBANDIBA MANYATTA,,,,,,dukana,,100460228008,1
poll_station,rara_manyatta,RARA MANYATTA,,,,,,dukana,,100460228009,1
poll_station,balesa_pr_sch,BALESA PR. SCH.,,,,,,dukana,,100460228010,2
poll_station,dosa_afurtole_manyatta,DOSA AFURTOLE MANYATTA,,,,,,dukana,,100460228011,1
poll_station,konye_manyatta,KONYE MANYATTA,,,,,,dukana,,100460228012,1
poll_station,garwole_pry,GARWOLE PRY,,,,,,dukana,,100460228013,1
poll_station,rejicha_manyatta,REJICHA MANYATTA,,,,,,dukana,,100460228014,1
poll_station,kubi_adi_nursery,KUBI ADI NURSERY,,,,,,dukana,,100460228015,1
poll_station,dololo_boji_manyatta,DOLOLO BOJI MANYATTA,,,,,,dukana,,100460228016,1
poll_station,goff_dukana,GOFF DUKANA,,,,,,dukana,,100460228017,1
poll_station,diid_golla_mobile,DIID GOLLA MOBILE,,,,,,dukana,,100460228018,1
poll_station,yaa_algana,YAA ALGANA,,,,,,dukana,,100460228019,1
poll_station,baranbate_balesa_centre,BARANBATE BALESA CENTRE,,,,,,dukana,,100460228020,1
poll_station,kilkile_manyatta,KILKILE MANYATTA,,,,,,dukana,,100460228021,1
poll_station,dukana_girls_primary_school,DUKANA GIRLS PRIMARY SCHOOL,,,,,,dukana,,100460228022,1
poll_station,kalesa_manyatta,KALESA MANYATTA,,,,,,dukana,,100460228023,1
poll_station,lag_loko_mobile,LAG LOKO MOBILE,,,,,,maikona,,100460229024,1
poll_station,hurri_hills_pr_sch,HURRI HILLS PR. SCH.,,,,,,maikona,,100460229025,1
poll_station,burarat_manyatta,BURARAT MANYATTA,,,,,,maikona,,100460229026,1
poll_station,borr_mobile,BORR MOBILE,,,,,,maikona,,100460229027,1
poll_station,kalacha_pr_sch,KALACHA PR. SCH.,,,,,,maikona,,100460229028,2
poll_station,karawe_wells,KARAWE WELLS,,,,,,maikona,,100460229029,1
poll_station,hilder_nursery,HILDER NURSERY,,,,,,maikona,,100460229030,1
poll_station,el_gade_pry,EL GADE PRY,,,,,,maikona,,100460229031,2
poll_station,rage_pry,RAGE PRY,,,,,,maikona,,100460229032,1
poll_station,tulu_dimtu_mobile,TULU DIMTU MOBILE,,,,,,maikona,,100460229033,1
poll_station,ramata_robi_manyatta,RAMATA ROBI MANYATTA,,,,,,maikona,,100460229034,1
poll_station,maikona_pr_sch,MAIKONA PR. SCH.,,,,,,maikona,,100460229035,2
poll_station,hiyole_manyatta,HIYOLE MANYATTA,,,,,,maikona,,100460229036,1
poll_station,arano_dam,ARANO DAM,,,,,,maikona,,100460229037,1
poll_station,bisik_mobile,BISIK MOBILE,,,,,,maikona,,100460229038,1
poll_station,forole_pry,FOROLE PRY,,,,,,maikona,,100460229039,1
poll_station,sasala_manyatta,SASALA MANYATTA,,,,,,maikona,,100460229040,1
poll_station,el_bor_centre,EL BOR CENTRE,,,,,,maikona,,100460229041,1
poll_station,shankira_nursery,SHANKIRA NURSERY,,,,,,maikona,,100460229042,1
poll_station,toricha_nursery,TORICHA NURSERY,,,,,,maikona,,100460229043,1
poll_station,warra_manyatta,WARRA MANYATTA,,,,,,maikona,,100460229044,1
poll_station,selle_haroresa_mobile,SELLE HARORESA MOBILE,,,,,,maikona,,100460229045,1
poll_station,st_mary_primary_schoolhurri_hil,ST MARY PRIMARY SCHOOL(HURRI HIL,,,,,,maikona,,100460229046,1
poll_station,kuraa_wells,KURAA WELLS,,,,,,maikona,,100460229047,1
poll_station,dakane_mobile,DAKANE MOBILE,,,,,,maikona,,100460229048,1
poll_station,chalbi_prsch,CHALBI PR.SCH,,,,,,maikona,,100460229049,2
poll_station,gandile_nursery,GANDILE NURSERY,,,,,,maikona,,100460229050,1
poll_station,bas_balesa_nusery,BAS BALESA NUSERY,,,,,,maikona,,100460229051,1
poll_station,ali_boru_nursery,ALI BORU NURSERY,,,,,,maikona,,100460229052,1
poll_station,turbi_pr_sch,TURBI PR. SCH.,,,,,,turbi,,100460230053,2
poll_station,burgabo_pry,BURGABO PRY,,,,,,turbi,,100460230054,1
poll_station,tigo_satelitte,TIGO SATELITTE,,,,,,turbi,,100460230055,1
poll_station,boji_manayatta,BOJI MANAYATTA,,,,,,turbi,,100460230056,1
poll_station,bubisa_pr_sch,BUBISA PR. SCH.,,,,,,turbi,,100460230057,2
poll_station,shura_water_pry,SHURA WATER PRY,,,,,,turbi,,100460230058,1
poll_station,lagawachu_mobile,LAGAWACHU MOBILE,,,,,,turbi,,100460230059,1
poll_station,wolena_baye_manyatta,WOLENA BAYE MANYATTA,,,,,,turbi,,100460230060,1
poll_station,sapansaawaldilomobile,SAPANSA-AWAL-DILO-MOBILE,,,,,,turbi,,100460230061,1
poll_station,horrenderi_manyatta,HORRENDERI MANYATTA,,,,,,turbi,,100460230062,1
poll_station,dakanti_mobile,DAKANTI MOBILE,,,,,,turbi,,100460230063,2
poll_station,dhekuku_mobile,DHEKUKU MOBILE,,,,,,turbi,,100460230064,1
poll_station,yaa_galbo_mobile,YAA GALBO MOBILE,,,,,,turbi,,100460230065,1
poll_station,muthe_centre,MUTHE CENTRE,,,,,,turbi,,100460230066,1
poll_station,kambi_nyoka_centre,KAMBI NYOKA CENTRE,,,,,,turbi,,100460230067,1
poll_station,demo_nursery,DEMO NURSERY,,,,,,turbi,,100460230068,1
poll_station,kukub_fami_nursery,KUKUB FAMI NURSERY,,,,,,turbi,,100460230069,1
poll_station,awaye_mobile,AWAYE MOBILE,,,,,,turbi,,100460230070,1
poll_station,yaa_odhola_mobile,YAA ODHOLA MOBILE,,,,,,turbi,,100460230071,1
poll_station,chafa_chachane_mobile,CHAFA CHACHANE MOBILE,,,,,,turbi,,100460230072,1
poll_station,gas_pr_sch,GAS PR. SCH.,,,,,,north_horr,,100460231073,1
poll_station,eltokoch_water_hole,ELTOKOCH WATER HOLE,,,,,,north_horr,,100460231074,1
poll_station,sarimo_manyatta,SARIMO MANYATTA,,,,,,north_horr,,100460231075,1
poll_station,koromto_mobile,KOROMTO MOBILE,,,,,,north_horr,,100460231076,1
poll_station,kete_manyatta,KETE MANYATTA,,,,,,north_horr,,100460231077,1
poll_station,north_horr_pr_sch,NORTH HORR PR. SCH.,,,,,,north_horr,,100460231078,4
poll_station,uran_ura_manyatta,URAN URA MANYATTA,,,,,,north_horr,,100460231079,1
poll_station,wormo_nursery,WORMO NURSERY,,,,,,north_horr,,100460231080,1
poll_station,elbeso_pry,EL-BESO PRY,,,,,,north_horr,,100460231081,2
poll_station,darade_ap_post,DARADE AP POST,,,,,,north_horr,,100460231082,1
poll_station,karsa_gate,KARSA GATE,,,,,,north_horr,,100460231083,1
poll_station,horri_gunda_nursery,HORRI GUNDA NURSERY,,,,,,north_horr,,100460231084,1
poll_station,gorich_nursery,GORICH NURSERY,,,,,,north_horr,,100460231085,1
poll_station,elboru_magado_centre,EL-BORU MAGADO CENTRE,,,,,,north_horr,,100460231086,1
poll_station,malabot_pry,MALABOT PRY,,,,,,north_horr,,100460231087,1
poll_station,korka_pry,KORKA PRY,,,,,,north_horr,,100460231088,2
poll_station,sarimo_mobile_darade,SARIMO MOBILE (DARADE),,,,,,north_horr,,100460231089,1
poll_station,barchum_gos_mobile,BARCHUM GOS MOBILE,,,,,,north_horr,,100460231090,1
poll_station,elisacko_mala_pry,EL-ISACKO MALA PRY,,,,,,north_horr,,100460231091,1
poll_station,ruso_primary_school,RUSO PRIMARY SCHOOL,,,,,,north_horr,,100460231092,1
poll_station,illeret_pr_sch,ILLERET PR. SCH.,,,,,,illeret,,100460232093,3
poll_station,alia_bay_wildlife_p_hqs,ALIA BAY WILDLIFE P. HQS.,,,,,,illeret,,100460232094,1
poll_station,koobi_fora_camp,KOOBI FORA CAMP.,,,,,,illeret,,100460232095,1
poll_station,telesgayi_manyatta,TELESGAYI MANYATTA,,,,,,illeret,,100460232096,1
poll_station,ololo_manyatta,OLOLO MANYATTA,,,,,,illeret,,100460232097,1
poll_station,ilkimire_manyatta,ILKIMIRE MANYATTA,,,,,,illeret,,100460232098,1
poll_station,elbokoch_pry,ELBOKOCH PRY,,,,,,illeret,,100460232099,1
poll_station,dura_mobile,DURA MOBILE,,,,,,illeret,,100460232100,1
poll_station,kokoi_mobile,KOKOI MOBILE,,,,,,illeret,,100460232101,1
poll_station,manyatta_jillo_pr_sch,MANYATTA JILLO PR. SCH,,,,,,sagante_jaldesa,,100470233001,2
poll_station,st_peters_pr_sch,ST. PETERS PR. SCH,,,,,,sagante_jaldesa,,100470233002,2
poll_station,goro_rukesa_pr_sch,GORO RUKESA PR. SCH.,,,,,,sagante_jaldesa,,100470233003,2
poll_station,gar_qarsa_pr_sch,GAR QARSA PR. SCH,,,,,,sagante_jaldesa,,100470233004,1
poll_station,dirib_gombo_pr_sch,DIRIB GOMBO PR. SCH,,,,,,sagante_jaldesa,,100470233005,1
poll_station,hekima_pr_sch,HEKIMA PR. SCH,,,,,,sagante_jaldesa,,100470233006,1
poll_station,boru_haro_pr_sch,BORU HARO PR. SCH,,,,,,sagante_jaldesa,,100470233007,1
poll_station,badasa_pr_sch,BADASA PR. SCH,,,,,,sagante_jaldesa,,100470233008,2
poll_station,scheme_nur_sch,SCHEME NUR SCH,,,,,,sagante_jaldesa,,100470233009,1
poll_station,matamuka_pri_sch,MATAMUKA PRI. SCH,,,,,,sagante_jaldesa,,100470233010,1
poll_station,gof_chopa_mobile,GOF CHOPA MOBILE,,,,,,sagante_jaldesa,,100470233011,1
poll_station,mwangaza_pr_sch,MWANGAZA PR. SCH,,,,,,sagante_jaldesa,,100470233012,1
poll_station,dida_adi_nur_sch,DIDA ADI NUR SCH,,,,,,sagante_jaldesa,,100470233013,1
poll_station,kubi_qallo_mobile,KUBI QALLO MOBILE,,,,,,sagante_jaldesa,,100470233014,1
poll_station,qachacha_pri_sch,QACHACHA PRI SCH,,,,,,sagante_jaldesa,,100470233015,1
poll_station,kubi_bagasa_pr_sch,KUBI BAGASA PR. SCH,,,,,,sagante_jaldesa,,100470233016,1
poll_station,jaldesa_one_borehole,JALDESA ONE BOREHOLE,,,,,,sagante_jaldesa,,100470233017,1
poll_station,ola_yaa_nur_sch,OLA YAA NUR SCH,,,,,,sagante_jaldesa,,100470233018,1
poll_station,dub_gindole_nur_sch,DUB GINDOLE NUR SCH,,,,,,sagante_jaldesa,,100470233019,1
poll_station,dibayu_nur_sch,DIBAYU NUR SCH,,,,,,sagante_jaldesa,,100470233020,1
poll_station,manyatta_haro_huka_ap_post,MANYATTA HARO HUKA AP POST.,,,,,,sagante_jaldesa,,100470233021,1
poll_station,manyatta_guyo_arero,MANYATTA GUYO ARERO,,,,,,sagante_jaldesa,,100470233022,1
poll_station,manyatta_ilman_molu,MANYATTA ILMAN MOLU,,,,,,sagante_jaldesa,,100470233023,1
poll_station,manyatta_gilla_nur_sch,MANYATTA GILLA NUR SCH,,,,,,sagante_jaldesa,,100470233024,1
poll_station,saku_centre_of_exellency,SAKU CENTRE OF EXELLENCY,,,,,,sagante_jaldesa,,100470233025,1
poll_station,dokatu_bore_hall,DOKATU BORE HALL,,,,,,sagante_jaldesa,,100470233026,1
poll_station,wasafi_manyatta,WASAFI MANYATTA,,,,,,sagante_jaldesa,,100470233027,1
poll_station,hula_hula_pr_sch,HULA HULA PR. SCH.,,,,,,karare,,100470234028,2
poll_station,karantina_nur_sch,KARANTINA NUR SCH.,,,,,,karare,,100470234029,1
poll_station,karare_pr_sch,KARARE PR. SCH,,,,,,karare,,100470234030,1
poll_station,parkishon_pr_sch,PARKISHON PR. SCH,,,,,,karare,,100470234031,1
poll_station,kituruni_pr_sch,KITURUNI PR. SCH.,,,,,,karare,,100470234032,1
poll_station,songa_pr_sch,SONGA PR. SCH.,,,,,,karare,,100470234033,1
poll_station,leyai_pr_sch,LEYAI PR. SCH.,,,,,,karare,,100470234034,1
poll_station,lpus_nur_pr_sch,LPUS NUR PR. SCH,,,,,,karare,,100470234035,1
poll_station,nasikakwe_mobile,NASIKAKWE MOBILE,,,,,,karare,,100470234036,1
poll_station,lakartinya_prisch,LAKARTINYA PRI.SCH,,,,,,karare,,100470234037,1
poll_station,karare_mix_sch,KARARE MIX SCH.,,,,,,karare,,100470234038,1
poll_station,sk_wings_prschl,S.K WINGS PR.SCHL,,,,,,karare,,100470234039,1
poll_station,loruko_prschl,LORUKO PR.SCHL,,,,,,karare,,100470234040,1
poll_station,fathi_madrassa,FATHI MADRASSA,,,,,,marsabit_central,,100470235041,2
poll_station,sakuu_pr_sch,SAKUU PR. SCH.,,,,,,marsabit_central,,100470235042,2
poll_station,kiwanja_ndege_pr_sch,KIWANJA NDEGE PR. SCH.,,,,,,marsabit_central,,100470235043,2
poll_station,ola_daaba_pri_sch,OLA DAABA PRI. SCH.,,,,,,marsabit_central,,100470235044,1
poll_station,marsabit_full_pr_sch,MARSABIT FULL PR. SCH.,,,,,,marsabit_central,,100470235045,2
poll_station,complex_social_hall,COMPLEX SOCIAL HALL,,,,,,marsabit_central,,100470235046,3
poll_station,st_johns_pr_sch,ST. JOHNS PR. SCH.,,,,,,marsabit_central,,100470235047,2
poll_station,skm_pr_sch,S.K.M PR. SCH.,,,,,,marsabit_central,,100470235048,2
poll_station,alhidaya_pri_sch,ALHIDAYA PRI. SCH.,,,,,,marsabit_central,,100470235049,2
poll_station,comboni_nur_sch,COMBONI NUR. SCH,,,,,,marsabit_central,,100470235050,1
poll_station,members_club,MEMBERS CLUB,,,,,,marsabit_central,,100470235051,2
poll_station,fr_john_memorial_prschl,FR. JOHN MEMORIAL PR.SCHL,,,,,,marsabit_central,,100470235052,2
poll_station,taqwa_integrated_madrassa,TAQWA INTEGRATED MADRASSA,,,,,,marsabit_central,,100470235053,3
poll_station,nagayo_chiefs_office,NAGAYO CHIEF'S OFFICE,,,,,,marsabit_central,,100470235054,2
poll_station,manyatta_mato_community_hall,MANYATTA MATO COMMUNITY HALL,,,,,,marsabit_central,,100470235055,1
poll_station,mountain_chiefs_office,MOUNTAIN CHIEFS' OFFICE,,,,,,marsabit_central,,100470235056,2
poll_station,shegel_prschl,SHEGEL PR.SCHL,,,,,,marsabit_central,,100470235057,1
poll_station,pefa_church_nurschl,PEFA CHURCH NUR.SCHL,,,,,,marsabit_central,,100470235058,1
poll_station,manyatta_kartasi_madrassa,MANYATTA KARTASI MADRASSA,,,,,,marsabit_central,,100470235059,1
poll_station,saku_youth_empowerment_center,SAKU YOUTH EMPOWERMENT CENTER,,,,,,marsabit_central,,100470235060,1
poll_station,dakabaricha_dispensary,DAKABARICHA DISPENSARY,,,,,,marsabit_central,,100470235061,1
poll_station,olturot_primary_sch,OLTUROT PRIMARY SCH.,,,,,,loiyangalani,,100480236001,1
poll_station,gatab_primary_sch,GATAB PRIMARY SCH.,,,,,,loiyangalani,,100480236002,1
poll_station,arapal_nur_school,ARAPAL NUR. SCHOOL,,,,,,loiyangalani,,100480236003,1
poll_station,larachi_centre,LARACHI CENTRE,,,,,,loiyangalani,,100480236004,1
poll_station,moite_primary,MOITE PRIMARY,,,,,,loiyangalani,,100480236005,2
poll_station,gas_mobile,GAS MOBILE,,,,,,loiyangalani,,100480236006,1
poll_station,elmolo_pri_sch,ELMOLO PRI. SCH,,,,,,loiyangalani,,100480236007,1
poll_station,loiyangalani_pri_sch,LOIYANGALANI PRI. SCH.,,,,,,loiyangalani,,100480236008,3
poll_station,serima_mobile,SERIMA MOBILE,,,,,,loiyangalani,,100480236009,1
poll_station,luai_water_point,LUAI WATER POINT,,,,,,loiyangalani,,100480236010,1
poll_station,losikiriash_pri_sch,LOSIKIRIASH PRI. SCH,,,,,,loiyangalani,,100480236011,1
poll_station,ngororoi_pry_sch,NGOROROI PRY. SCH.,,,,,,loiyangalani,,100480236012,1
poll_station,pallo_mobile,PALLO MOBILE,,,,,,loiyangalani,,100480236013,1
poll_station,santur_pry_school,SANTUR PRY SCHOOL,,,,,,loiyangalani,,100480236014,2
poll_station,titus_memorial_pry,TITUS MEMORIAL PRY,,,,,,loiyangalani,,100480236015,1
poll_station,mbarnat_nursery,MBARNAT NURSERY,,,,,,loiyangalani,,100480236016,1
poll_station,two_sisters_primary_school,TWO SISTERS PRIMARY SCHOOL,,,,,,loiyangalani,,100480236017,1
poll_station,kargi_soc_hall,KARGI SOC. HALL,,,,,,kargi_south_horr,,100480237018,2
poll_station,segel_mobile,SEGEL MOBILE,,,,,,kargi_south_horr,,100480237019,2
poll_station,ogishu_mobile,OGISHU MOBILE,,,,,,kargi_south_horr,,100480237020,1
poll_station,kurkum_pry,KURKUM PRY,,,,,,kargi_south_horr,,100480237021,1
poll_station,south_horr_t_centre,SOUTH HORR T. CENTRE,,,,,,kargi_south_horr,,100480237022,1
poll_station,tunguu_nur_school,TUNGUU NUR. SCHOOL,,,,,,kargi_south_horr,,100480237023,1
poll_station,kurungu_primary_sch,KURUNGU PRIMARY SCH.,,,,,,kargi_south_horr,,100480237024,1
poll_station,koros_water_point,KOROS WATER POINT,,,,,,kargi_south_horr,,100480237025,1
poll_station,arge_mobile,ARGE MOBILE,,,,,,kargi_south_horr,,100480237026,1
poll_station,gangeisa_primary_sch,GANGEISA PRIMARY SCH.,,,,,,kargi_south_horr,,100480237027,2
poll_station,gorle_nur_school,GORLE NUR. SCHOOL,,,,,,kargi_south_horr,,100480237028,1
poll_station,kambinye_mobile,KAMBINYE MOBILE,,,,,,kargi_south_horr,,100480237029,1
poll_station,ngurunit_primary_sch,NGURUNIT PRIMARY SCH.,,,,,,korr_ngurunit,,100480238030,2
poll_station,lepebendera_mobile,LEPEBENDERA MOBILE,,,,,,korr_ngurunit,,100480238031,1
poll_station,namarei_primary_sch,NAMAREI PRIMARY SCH.,,,,,,korr_ngurunit,,100480238032,2
poll_station,lengima_primary,LENGIMA PRIMARY,,,,,,korr_ngurunit,,100480238033,1
poll_station,farakore_pry,FARAKORE PRY,,,,,,korr_ngurunit,,100480238034,1
poll_station,illaut_mobile,ILLAUT MOBILE,,,,,,korr_ngurunit,,100480238035,1
poll_station,korr_primary_school,KORR PRIMARY SCHOOL,,,,,,korr_ngurunit,,100480238036,2
poll_station,balah_primary_school,BALAH PRIMARY SCHOOL,,,,,,korr_ngurunit,,100480238037,2
poll_station,halisirwa_mobile,HALISIRWA MOBILE,,,,,,korr_ngurunit,,100480238038,1
poll_station,mpakas_pry,MPAKAS PRY,,,,,,korr_ngurunit,,100480238039,1
poll_station,dadabo_agudhan_mob,DADABO AGUDHAN MOB.,,,,,,korr_ngurunit,,100480238040,1
poll_station,tirrim_pry,TIRRIM PRY,,,,,,korr_ngurunit,,100480238041,2
poll_station,burri_haramia_mobile,BURRI HARAMIA MOBILE,,,,,,korr_ngurunit,,100480238042,2
poll_station,sunyuro_mobile,SUNYURO MOBILE,,,,,,korr_ngurunit,,100480238043,2
poll_station,lekuchula_primary,LEKUCHULA PRIMARY,,,,,,korr_ngurunit,,100480238044,1
poll_station,sarai_manyatta,SARAI MANYATTA,,,,,,korr_ngurunit,,100480238045,1
poll_station,nomads_primary,NOMADS PRIMARY,,,,,,korr_ngurunit,,100480238046,1
poll_station,ilmodhi_nursery_school,ILMODHI NURSERY SCHOOL,,,,,,korr_ngurunit,,100480238047,1
poll_station,sanchir_waterpoint,SANCHIR WATERPOINT,,,,,,logo_logo,,100480239048,1
poll_station,marti_nursery,MARTI NURSERY,,,,,,logo_logo,,100480239049,1
poll_station,log_logo_primary,LOG LOGO PRIMARY,,,,,,logo_logo,,100480239050,1
poll_station,lokileleng_nursery,LOKILELENG NURSERY,,,,,,logo_logo,,100480239051,1
poll_station,elbaarok_primary_school,ELBAAROK PRIMARY SCHOOL,,,,,,logo_logo,,100480239052,1
poll_station,kamboe_primary_sch,KAMBOE PRIMARY SCH.,,,,,,logo_logo,,100480239053,2
poll_station,catholic_nursery,CATHOLIC NURSERY,,,,,,logo_logo,,100480239054,1
poll_station,lesitima_borehole,LESITIMA BOREHOLE,,,,,,logo_logo,,100480239055,1
poll_station,laisamis_primary_sch,LAISAMIS PRIMARY SCH.,,,,,,laisamis,,100480240056,2
poll_station,silipani_primary_school,SILIPANI PRIMARY SCHOOL,,,,,,laisamis,,100480240057,1
poll_station,sakaldara_primary_sch,SAKALDARA PRIMARY SCH,,,,,,laisamis,,100480240058,1
poll_station,tirgamo_nursery,TIRGAMO NURSERY,,,,,,laisamis,,100480240059,1
poll_station,halugunder_nur_sch,HALUGUNDER NUR. SCH.,,,,,,laisamis,,100480240060,1
poll_station,lontolio_primary_sch,LONTOLIO PRIMARY SCH.,,,,,,laisamis,,100480240061,1
poll_station,losidan_primary_school,LOSIDAN PRIMARY SCHOOL,,,,,,laisamis,,100480240062,1
poll_station,merille_primary_sch,MERILLE PRIMARY SCH.,,,,,,laisamis,,100480240063,2
poll_station,kamotonyi_primary_school,KAMOTONYI PRIMARY SCHOOL,,,,,,laisamis,,100480240064,1
poll_station,salt_lick_centre,SALT LICK CENTRE,,,,,,laisamis,,100480240065,1
poll_station,ambara_mobile,AMBARA MOBILE,,,,,,laisamis,,100480240066,1
poll_station,soweto_nursery,SOWETO NURSERY,,,,,,laisamis,,100480240067,1
poll_station,ulauli_school,ULAULI SCHOOL,,,,,,laisamis,,100480240068,1
poll_station,nairibi_primary,NAIRIBI PRIMARY,,,,,,laisamis,,100480240069,1
poll_station,wabera_pry_sch,WABERA PRY SCH,,,,,,wabera,,110490241001,5
poll_station,st_kizito_pry_sch,ST KIZITO PRY SCH,,,,,,wabera,,110490241002,2
poll_station,ramadhan_pry_sch,RAMADHAN PRY SCH,,,,,,wabera,,110490241003,3
poll_station,isiolo_boys_sec,ISIOLO BOYS SEC,,,,,,wabera,,110490241004,2
poll_station,mwangaza_pry_sch,MWANGAZA PRY SCH,,,,,,wabera,,110490241005,3
poll_station,kiwanjani_pry_sch,KIWANJANI PRY SCH,,,,,,wabera,,110490241006,3
poll_station,deaf_sch,DEAF SCH,,,,,,wabera,,110490241007,2
poll_station,acacia_play_ground,ACACIA PLAY GROUND,,,,,,wabera,,110490241008,3
poll_station,isiolo_stadium,ISIOLO STADIUM,,,,,,wabera,,110490241009,2
poll_station,tullu_roba_chiefs_camp,TULLU ROBA CHIEFS CAMP,,,,,,wabera,,110490241010,1
poll_station,isiolo_girls_secondary_school,Isiolo Girls Secondary School,,,,,,wabera,,110490241011,1
poll_station,ikhlas_academy,Ikhlas Academy,,,,,,wabera,,110490241012,1
poll_station,bula_mpya_pry_sch,BULA MPYA PRY SCH,,,,,,bulla_pesa,,110490242013,2
poll_station,waso_pry_sch,WASO PRY SCH,,,,,,bulla_pesa,,110490242014,7
poll_station,marire_nursery_school,MARIRE NURSERY SCHOOL,,,,,,bulla_pesa,,110490242015,5
poll_station,kambi_ya_juu_nursery_sch,KAMBI YA JUU NURSERY SCH.,,,,,,bulla_pesa,,110490242016,2
poll_station,bula_pesa_water_kiosk,BULA PESA WATER KIOSK,,,,,,bulla_pesa,,110490242017,4
poll_station,pepo_la_tumaini_pry_sch,PEPO LA TUMAINI PRY SCH,,,,,,bulla_pesa,,110490242018,2
poll_station,bulla_pesa_dispensary,BULLA PESA DISPENSARY,,,,,,bulla_pesa,,110490242019,2
poll_station,agricultural_training_centre_rural,Agricultural Training Centre (Rural),,,,,,bulla_pesa,,110490242020,1
poll_station,bisan_biliqo_pry_sch,BISAN BILIQO PRY SCH,,,,,,chari,,110490243021,1
poll_station,kuro_bisan_owohot_spring,KURO BISAN OWO(HOT SPRING),,,,,,chari,,110490243022,1
poll_station,mado_gurba_hukamobile,MADO GURBA HUKA(MOBILE),,,,,,chari,,110490243023,1
poll_station,kom_pry_sch,KOM PRY SCH,,,,,,chari,,110490243024,1
poll_station,sabarwawa_water_pan_mobile,SABARWAWA WATER PAN (MOBILE),,,,,,chari,,110490243025,1
poll_station,nyachisa_bore_hole_mobile,NYACHISA BORE HOLE (MOBILE),,,,,,chari,,110490243026,1
poll_station,bulesa_pry_sch,BULESA PRY SCH,,,,,,chari,,110490243027,2
poll_station,mado_halkanomobile,MADO HALKANO(MOBILE),,,,,,chari,,110490243028,1
poll_station,goda_pry_sch,GODA PRY SCH,,,,,,chari,,110490243029,1
poll_station,mado_gallemobile,MADO GALLE(MOBILE),,,,,,chari,,110490243030,1
poll_station,barambatemobile,BARAMBATE(MOBILE),,,,,,chari,,110490243031,1
poll_station,awarsitu_pry_sch,AWARSITU PRY SCH,,,,,,chari,,110490243032,1
poll_station,tumtumobile,TUMTU(MOBILE),,,,,,chari,,110490243033,1
poll_station,dima_ado_pry_sch,DIMA ADO PRY SCH.,,,,,,chari,,110490243034,1
poll_station,gamachu_muslim_pry_school,GAMACHU MUSLIM PRY SCHOOL,,,,,,cherab,,110490244035,1
poll_station,merti_pry_sch,MERTI PRY SCH,,,,,,cherab,,110490244036,2
poll_station,merti_muslim_pry_sch,MERTI MUSLIM PRY SCH,,,,,,cherab,,110490244037,2
poll_station,merti_sec_sch,MERTI SEC SCH,,,,,,cherab,,110490244038,1
poll_station,macci_pry_sch,MACCI PRY SCH,,,,,,cherab,,110490244039,1
poll_station,khalifa_pry_sch,KHALIFA PRY SCH,,,,,,cherab,,110490244040,1
poll_station,saleti_pry_sch,SALETI PRY SCH,,,,,,cherab,,110490244041,1
poll_station,boranmobile,BORAN(MOBILE),,,,,,cherab,,110490244042,1
poll_station,korbesa_pry_sch,KORBESA PRY SCH,,,,,,cherab,,110490244043,1
poll_station,mataarba_pry_sch,MATAARBA PRY SCH,,,,,,cherab,,110490244044,1
poll_station,malkagalla_pry_sch,MALKAGALLA PRY SCH,,,,,,cherab,,110490244045,1
poll_station,dololo_dakiye_pry_sch,DOLOLO DAKIYE PRY SCH,,,,,,cherab,,110490244046,1
poll_station,ade_warabesa_pry_sch,ADE WARABESA PRY SCH,,,,,,cherab,,110490244047,1
poll_station,duma_borehole,DUMA BOREHOLE,,,,,,cherab,,110490244048,1
poll_station,malgishmobile,MALGISH(MOBILE),,,,,,cherab,,110490244049,1
poll_station,yamicha_primary_school,YAMICHA PRIMARY SCHOOL,,,,,,cherab,,110490244050,1
poll_station,dadacha_basa_pry_sch,DADACHA BASA PRY SCH,,,,,,cherab,,110490244051,1
poll_station,urura_boreholemobile,URURA BOREHOLE(MOBILE),,,,,,cherab,,110490244052,1
poll_station,dogogicha_dammobile,DOGOGICHA DAM(MOBILE),,,,,,cherab,,110490244053,1
poll_station,riga_nursery_sch,RIGA NURSERY SCH,,,,,,cherab,,110490244054,1
poll_station,biliqi_pri_sch,BILIQI PRI. SCH.,,,,,,cherab,,110490244055,1
poll_station,boji_boreholemobile,BOJI BOREHOLE(MOBILE),,,,,,cherab,,110490244056,1
poll_station,kulamobile,KULA(MOBILE),,,,,,cherab,,110490244057,1
poll_station,dadacha_lafemobile,DADACHA LAFE(MOBILE),,,,,,cherab,,110490244058,1
poll_station,mulanda_nursery_sch,MULANDA NURSERY SCH,,,,,,cherab,,110490244059,1
poll_station,lakoley_pry_sch,LAKOLEY PRY SCH,,,,,,cherab,,110490244060,1
poll_station,badan_raro_nursery,BADAN RARO NURSERY,,,,,,cherab,,110490244061,1
poll_station,ngare_mara_pry_sch,NGARE MARA PRY SCH,,,,,,ngare_mara,,110490245062,2
poll_station,attan_pry_sch,ATTAN PRY SCH,,,,,,ngare_mara,,110490245063,1
poll_station,isiolo_samburu_complex,ISIOLO/SAMBURU COMPLEX,,,,,,ngare_mara,,110490245064,1
poll_station,nakupurat_nursery_sch,NAKUPURAT NURSERY SCH,,,,,,ngare_mara,,110490245065,1
poll_station,daaba_pri_sch,DAABA PRI. SCH.,,,,,,ngare_mara,,110490245066,1
poll_station,gotu_pry_sch,GOTU PRY SCH,,,,,,ngare_mara,,110490245067,1
poll_station,kiwanja_nursery_sch,KIWANJA NURSERY SCH,,,,,,ngare_mara,,110490245068,2
poll_station,manyatta_zebra_nursery_sch,MANYATTA ZEBRA NURSERY SCH,,,,,,ngare_mara,,110490245069,1
poll_station,lowangila_pry_sch,LOWANGILA PRY SCH,,,,,,ngare_mara,,110490245070,1
poll_station,chumvi_yere_primary_school,Chumvi Yere Primary School,,,,,,ngare_mara,,110490245071,1
poll_station,nasuroi_nursery_school,Nasuroi Nursery School,,,,,,ngare_mara,,110490245072,2
poll_station,chumvi_yare_primary_school,CHUMVI YARE PRIMARY SCHOOL,,,,,,ngare_mara,,110490245073,1
poll_station,shambani_pri_sch,SHAMBANI PRI. SCH.,,,,,,burat,,110490246074,1
poll_station,samburu_community_school,SAMBURU COMMUNITY SCHOOL,,,,,,burat,,110490246075,1
poll_station,aremiet_pry_sch,AREMIET PRY SCH,,,,,,burat,,110490246076,1
poll_station,kilimani_pri_sch,KILIMANI PRI. SCH.,,,,,,burat,,110490246077,2
poll_station,elsa_pry_sch,ELSA PRY SCH.,,,,,,burat,,110490246078,1
poll_station,leparua_pry_sch,LEPARUA PRY SCH.,,,,,,burat,,110490246079,1
poll_station,ntalabany_pry_sch,NTALABANY PRY. SCH.,,,,,,burat,,110490246080,1
poll_station,kambi_garba_pry_sch,KAMBI GARBA PRY SCH,,,,,,burat,,110490246081,2
poll_station,uhuru_pry_sch,UHURU PRY SCH,,,,,,burat,,110490246082,3
poll_station,olla_bulle_nursery_sch,OLLA BULLE NURSERY SCH,,,,,,burat,,110490246083,2
poll_station,emegen_primary_school,EMEGEN PRIMARY SCHOOL,,,,,,burat,,110490246084,1
poll_station,kambi_ya_juu_pry_sch,KAMBI YA JUU PRY SCH,,,,,,burat,,110490246085,2
poll_station,olla_odha_nursery,OLLA ODHA NURSERY,,,,,,burat,,110490246086,2
poll_station,nomads_pry_sch,NOMADS PRY SCH,,,,,,burat,,110490246087,2
poll_station,alamachi_nursery_sch,ALAMACHI NURSERY SCH,,,,,,burat,,110490246088,1
poll_station,kakili_pri_sch,KAKILI PRI SCH.,,,,,,burat,,110490246089,1
poll_station,uhuru_mixed_day_secondary_school,Uhuru Mixed Day Secondary School,,,,,,burat,,110490246090,2
poll_station,oldonyiro_pri_sch,OLDONYIRO PRI. SCH.,,,,,,oldo_nyiro,,110490247091,2
poll_station,longopito_lmd_office,LONGOPITO LMD OFFICE,,,,,,oldo_nyiro,,110490247092,1
poll_station,rumate_nur_sch,RUMATE NUR. SCH.,,,,,,oldo_nyiro,,110490247093,1
poll_station,kipsing_pri_sch,KIPSING PRI. SCH.,,,,,,oldo_nyiro,,110490247094,2
poll_station,tualle_pri_sch,TUALLE PRI. SCH.,,,,,,oldo_nyiro,,110490247095,1
poll_station,kawalashmobile,KAWALASH(MOBILE),,,,,,oldo_nyiro,,110490247096,1
poll_station,ntepesmobile,NTEPES(MOBILE),,,,,,oldo_nyiro,,110490247097,1
poll_station,lenguruma_pry_sch,LENGURUMA PRY. SCH.,,,,,,oldo_nyiro,,110490247098,1
poll_station,rap_pry_school,RAP PRY SCHOOL,,,,,,oldo_nyiro,,110490247099,1
poll_station,lobarishereki_pry_sch,LOBARISHEREKI PRY SCH,,,,,,oldo_nyiro,,110490247100,1
poll_station,parkuruk_pry_school,PARKURUK PRY SCHOOL,,,,,,oldo_nyiro,,110490247101,1
poll_station,ntundu_mobile,NTUNDU (MOBILE),,,,,,oldo_nyiro,,110490247102,1
poll_station,lemorijo_mobile,LEMORIJO (MOBILE),,,,,,oldo_nyiro,,110490247103,1
poll_station,mokori_nursery_sch,MOKORI NURSERY SCH,,,,,,oldo_nyiro,,110490247104,1
poll_station,ndugu_zangu_pry_sch,NDUGU ZANGU PRY SCH,,,,,,oldo_nyiro,,110490247105,1
poll_station,legwenyi_pry_sch,LEGWENYI PRY SCH,,,,,,oldo_nyiro,,110490247106,1
poll_station,nooloroi_pry_sch,NOOLOROI PRY SCH,,,,,,oldo_nyiro,,110490247107,1
poll_station,garbatulla_day_primary_school,GARBATULLA DAY PRIMARY SCHOOL,,,,,,garbatulla,,110500248001,1
poll_station,daawa_primary_school,DAAWA PRIMARY SCHOOL,,,,,,garbatulla,,110500248002,2
poll_station,matagari_primary_school,MATAGARI PRIMARY SCHOOL,,,,,,garbatulla,,110500248003,2
poll_station,nagaa_primary_school,NAGAA PRIMARY SCHOOL,,,,,,garbatulla,,110500248004,1
poll_station,sayyidah_fatimah_girls_education,SAYYIDAH FATIMAH GIRLS EDUCATION,,,,,,garbatulla,,110500248005,1
poll_station,malkadaka_primary_school,MALKA-DAKA PRIMARY SCHOOL,,,,,,garbatulla,,110500248006,1
poll_station,kuro_mumme_mobile,KURO MUMME MOBILE,,,,,,garbatulla,,110500248007,1
poll_station,kuroftu_mollumobile,KUROFTU MOLLU(MOBILE),,,,,,garbatulla,,110500248008,1
poll_station,gafarsa_primary_school,GAFARSA PRIMARY SCHOOL,,,,,,garbatulla,,110500248009,2
poll_station,ires_kalicha_madrassa,IRES KALICHA MADRASSA,,,,,,garbatulla,,110500248010,1
poll_station,muchuro_primary_school,MUCHURO PRIMARY SCHOOL,,,,,,garbatulla,,110500248011,1
poll_station,kombolla_primary_school,KOMBOLLA PRIMARY SCHOOL,,,,,,garbatulla,,110500248012,1
poll_station,belgesh_primary_school,BELGESH PRIMARY SCHOOL,,,,,,garbatulla,,110500248013,1
poll_station,bisanadhi_primary,BISANADHI PRIMARY,,,,,,garbatulla,,110500248014,1
poll_station,boji_primary_school,BOJI PRIMARY SCHOOL,,,,,,garbatulla,,110500248015,1
poll_station,tana_nursery_school,TANA NURSERY SCHOOL,,,,,,garbatulla,,110500248016,1
poll_station,abagarse_pry_school,ABAGARSE PRY SCHOOL,,,,,,garbatulla,,110500248017,1
poll_station,mado_yaka_abakiri_primary_scho,MADO YAKA (ABAKIRI) PRIMARY SCHO,,,,,,kinna,,110500249018,2
poll_station,yak_barsadi_primary_school,YAK BARSADI PRIMARY SCHOOL,,,,,,kinna,,110500249019,1
poll_station,kula_mawe_primary_school,KULA MAWE PRIMARY SCHOOL,,,,,,kinna,,110500249020,2
poll_station,dabasiti_primary_school,DABASITI PRIMARY SCHOOL,,,,,,kinna,,110500249021,1
poll_station,kuro_barata_mobile,KURO BARATA MOBILE,,,,,,kinna,,110500249022,1
poll_station,algani_girls_primary_school,ALGANI GIRLS PRIMARY SCHOOL,,,,,,kinna,,110500249023,3
poll_station,duse_primary_school,DUSE PRIMARY SCHOOL,,,,,,kinna,,110500249018,2
poll_station,galma_dido_primary_school,GALMA DIDO PRIMARY SCHOOL,,,,,,kinna,,110500249025,2
poll_station,kinna_primary_school,KINNA PRIMARY SCHOOL,,,,,,kinna,,110500249026,2
poll_station,rapsu_primary_school,RAPSU PRIMARY SCHOOL,,,,,,kinna,,110500249027,1
poll_station,korbesa_primary,KORBESA PRIMARY,,,,,,kinna,,110500249028,1
poll_station,bibi_water_supply,BIBI WATER SUPPLY,,,,,,kinna,,110500249029,2
poll_station,wako_wario_primary_school,WAKO WARIO PRIMARY SCHOOL,,,,,,kinna,,110500249030,1
poll_station,koticha_pry_school,KOTICHA PRY SCHOOL,,,,,,kinna,,110500249031,1
poll_station,kulamawe_day_seconday_school,KULAMAWE DAY SECONDAY SCHOOL,,,,,,kinna,,110500249032,1
poll_station,kinna_social_hall,KINNA SOCIAL HALL,,,,,,kinna,,110500249033,1
poll_station,kubi_sera,KUBI SERA,,,,,,kinna,,110500249034,1
poll_station,malka_mansa_pry,MALKA MANSA PRY,,,,,,sericho,,110500250035,1
poll_station,eresaboru_primary_school,ERESABORU PRIMARY SCHOOL,,,,,,sericho,,110500250036,1
poll_station,fororsa_mobile,FORORSA MOBILE,,,,,,sericho,,110500250037,1
poll_station,badana_garadida_primary_school,BADANA GARADIDA PRIMARY SCHOOL,,,,,,sericho,,110500250038,1
poll_station,biliq_nuru_primary_school,BILIQ NURU PRIMARY SCHOOL,,,,,,sericho,,110500250039,1
poll_station,sericho_primary_school,SERICHO PRIMARY SCHOOL,,,,,,sericho,,110500250040,3
poll_station,gubatu_primary_school,GUBATU PRIMARY SCHOOL,,,,,,sericho,,110500250025,1
poll_station,qone_village,QONE VILLAGE,,,,,,sericho,,110500250042,1
poll_station,makarim_primary_school,MAKARIM PRIMARY SCHOOL,,,,,,sericho,,110500250043,1
poll_station,omara_primary_school,OMARA PRIMARY SCHOOL,,,,,,sericho,,110500250044,1
poll_station,barrier_village,BARRIER VILLAGE,,,,,,sericho,,110500250045,1
poll_station,eldera_primary_school,ELDERA PRIMARY SCHOOL,,,,,,sericho,,110500250046,1
poll_station,hawaye_wells_mobile,HAWAYE WELLS MOBILE,,,,,,sericho,,110500250047,1
poll_station,belgesh_dam_mobile,BELGESH DAM (MOBILE),,,,,,sericho,,110500250048,1
poll_station,mogore_primary,MOGORE PRIMARY,,,,,,sericho,,110500250049,1
poll_station,bahari_girls_pry_school,BAHARI GIRLS PRY SCHOOL,,,,,,sericho,,110500250050,1
poll_station,maua_stadium,MAUA STADIUM,,,,,,maua,,120510251001,4
poll_station,maua_girls_high_school,MAUA GIRLS HIGH SCHOOL,,,,,,maua,,120510251002,4
poll_station,maua_tea_banda,MAUA TEA BANDA,,,,,,maua,,120510251003,2
poll_station,maua_primary_school,MAUA PRIMARY SCHOOL,,,,,,maua,,120510251072,2
poll_station,kilalai_primary_school,KILALAI PRIMARY SCHOOL,,,,,,maua,,120510251005,2
poll_station,gitura_primary_school,GITURA PRIMARY SCHOOL,,,,,,maua,,120510251006,3
poll_station,kathima_primary_school,KATHIMA PRIMARY SCHOOL,,,,,,maua,,120510251007,1
poll_station,kithetu_primary_school,KITHETU PRIMARY SCHOOL,,,,,,maua,,120510251008,1
poll_station,ankurani_primary_school,ANKURANI PRIMARY SCHOOL,,,,,,maua,,120510251009,1
poll_station,makutano_nursery_school,MAKUTANO NURSERY SCHOOL,,,,,,maua,,120510251010,1
poll_station,kithaene_nursery_school,KITHAENE NURSERY SCHOOL,,,,,,maua,,120510251011,1
poll_station,ubaaya_nursery_school,UBAAYA NURSERY SCHOOL,,,,,,maua,,120510251012,1
poll_station,kithetu_open_air_market,KITHETU OPEN AIR MARKET,,,,,,maua,,120510251013,1
poll_station,maua_cereals_and_produce_board,MAUA CEREALS AND PRODUCE BOARD,,,,,,maua,,120510251014,3
poll_station,maua_methodist_hospital_compou,MAUA METHODIST HOSPITAL COMPOU,,,,,,maua,,120510251015,4
poll_station,kiluli_voice_of_salvation_church,KILULI VOICE OF SALVATION CHURCH,,,,,,maua,,120510251016,1
poll_station,maua_youth_empowerment_centr,MAUA YOUTH EMPOWERMENT CENTR,,,,,,maua,,120510251017,1
poll_station,methodist_church_of_kenya_maua,METHODIST CHURCH OF KENYA MAUA,,,,,,maua,,120510251018,1
poll_station,ntingirai_tea_buying_centre,NTINGIRAI TEA BUYING CENTRE,,,,,,kiegoi_antubochiu,,120510252019,1
poll_station,kiegoi_tea_buying_centre,KIEGOI TEA BUYING CENTRE,,,,,,kiegoi_antubochiu,,120510252020,1
poll_station,ndume_tea_buying_centre,NDUME TEA BUYING CENTRE,,,,,,kiegoi_antubochiu,,120510252021,1
poll_station,kandu_tea_buying_centre,KANDU TEA BUYING CENTRE,,,,,,kiegoi_antubochiu,,120510252022,1
poll_station,lubuene_tea_buying_centre,LUBUENE TEA BUYING CENTRE,,,,,,kiegoi_antubochiu,,120510252023,1
poll_station,kanthiari_coffee_factory,KANTHIARI COFFEE FACTORY,,,,,,kiegoi_antubochiu,,120510252024,2
poll_station,itumbi_primary_school,ITUMBI PRIMARY SCHOOL,,,,,,kiegoi_antubochiu,,120510252025,1
poll_station,gitumi_primary_school,GITUMI PRIMARY SCHOOL,,,,,,kiegoi_antubochiu,,120510252026,2
poll_station,kiegoi_primary_school,KIEGOI PRIMARY SCHOOL,,,,,,kiegoi_antubochiu,,120510252027,3
poll_station,kibilaku_primary_school,KIBILAKU PRIMARY SCHOOL,,,,,,kiegoi_antubochiu,,120510252028,1
poll_station,ntingirai_primary_school,NTINGIRAI PRIMARY SCHOOL,,,,,,kiegoi_antubochiu,,120510252029,1
poll_station,mpurine_primary_school,MPURINE PRIMARY SCHOOL,,,,,,kiegoi_antubochiu,,120510252030,2
poll_station,kinyanka_primary_school,KINYANKA PRIMARY SCHOOL,,,,,,kiegoi_antubochiu,,120510252031,2
poll_station,auki_primary_school,AUKI PRIMARY SCHOOL,,,,,,kiegoi_antubochiu,,120510252032,2
poll_station,luluma_primary_school,LULUMA PRIMARY SCHOOL,,,,,,kiegoi_antubochiu,,120510252033,2
poll_station,ura_primary_school,URA PRIMARY SCHOOL,,,,,,kiegoi_antubochiu,,120510252034,3
poll_station,antubochiu_tea_buying_centre,ANTUBOCHIU TEA BUYING CENTRE,,,,,,kiegoi_antubochiu,,120510252035,2
poll_station,antubochiu_primary_school,ANTUBOCHIU PRIMARY SCHOOL,,,,,,kiegoi_antubochiu,,120510252036,3
poll_station,makiri_coffee_factory,MAKIRI COFFEE FACTORY,,,,,,kiegoi_antubochiu,,120510252037,3
poll_station,kiome_eapc_church_compound,KIOME EAPC CHURCH COMPOUND,,,,,,kiegoi_antubochiu,,120510252038,1
poll_station,maua_youth_polytechnic,MAUA YOUTH POLYTECHNIC,,,,,,kiegoi_antubochiu,,120510252039,1
poll_station,giteretu_eapc,GITERETU EAPC,,,,,,kiegoi_antubochiu,,120510252040,1
poll_station,ngawene_tbc,NGAWENE TBC,,,,,,kiegoi_antubochiu,,120510252041,1
poll_station,nkaa_tbc,NKAA TBC,,,,,,kiegoi_antubochiu,,120510252042,1
poll_station,atuli_tbc,ATULI TBC,,,,,,kiegoi_antubochiu,,120510252043,1
poll_station,kaniechunge_nursery_school,KANIECHUNGE NURSERY SCHOOL,,,,,,athiru_gaiti,,120510253044,1
poll_station,gantutune_nursery_school,GANTUTUNE NURSERY SCHOOL,,,,,,athiru_gaiti,,120510253045,1
poll_station,antubankui_primary_school,ANTUBANKUI PRIMARY SCHOOL,,,,,,athiru_gaiti,,120510253046,2
poll_station,murumune_nursery_school,MURUMUNE NURSERY SCHOOL,,,,,,athiru_gaiti,,120510253047,1
poll_station,nkaria_primary_school,NKARIA PRIMARY SCHOOL,,,,,,athiru_gaiti,,120510253048,1
poll_station,kiguma_ciiri_primary_school,KIGUMA CIIRI PRIMARY SCHOOL,,,,,,athiru_gaiti,,120510253049,2
poll_station,athiru_gaiti_primary_school,ATHIRU GAITI PRIMARY SCHOOL,,,,,,athiru_gaiti,,120510253050,2
poll_station,akui_primary_school,AKUI PRIMARY SCHOOL,,,,,,athiru_gaiti,,120510253051,1
poll_station,karurune_primary_school,KARURUNE PRIMARY SCHOOL,,,,,,athiru_gaiti,,120510253052,2
poll_station,ikingo_primary_school,IKINGO PRIMARY SCHOOL,,,,,,athiru_gaiti,,120510253053,1
poll_station,karembwine_primary_school,KAREMBWINE PRIMARY SCHOOL,,,,,,athiru_gaiti,,120510253054,1
poll_station,lakathi_primary_school,LAKATHI PRIMARY SCHOOL,,,,,,athiru_gaiti,,120510253055,1
poll_station,kilili_primary_school,KILILI PRIMARY SCHOOL,,,,,,athiru_gaiti,,120510253056,3
poll_station,thubai_primary_school,THUBAI PRIMARY SCHOOL,,,,,,athiru_gaiti,,120510253057,1
poll_station,ngongo_kalama_nursery,NGONGO KALAMA NURSERY,,,,,,athiru_gaiti,,120510253058,1
poll_station,kaluli_open_air_market,KALULI OPEN AIR MARKET,,,,,,athiru_gaiti,,120510253059,1
poll_station,kithanga_primary_school,KITHANGA PRIMARY SCHOOL,,,,,,athiru_gaiti,,120510253060,1
poll_station,athiru_gaiti_open_air_market,ATHIRU GAITI OPEN AIR MARKET,,,,,,athiru_gaiti,,120510253061,3
poll_station,anjaru_nursery_school,ANJARU NURSERY SCHOOL,,,,,,athiru_gaiti,,120510253062,1
poll_station,kiraone_health_centre_compound,KIRAONE HEALTH CENTRE COMPOUND,,,,,,athiru_gaiti,,120510253063,2
poll_station,kiamiringa_open_air_market,KIAMIRINGA OPEN AIR MARKET,,,,,,athiru_gaiti,,120510253064,1
poll_station,kindani_open_air_market,KINDANI OPEN AIR MARKET,,,,,,athiru_gaiti,,120510253065,1
poll_station,nguruma_assistant_chiefs_office,NGURUMA ASSISTANT CHIEFS' OFFICE,,,,,,athiru_gaiti,,120510253066,1
poll_station,thuria_methodist_church_of_keny,THURIA METHODIST CHURCH OF KENY,,,,,,athiru_gaiti,,120510253067,1
poll_station,kathangaline_new_apostolic_chu,KATHANGALINE NEW APOSTOLIC CHU,,,,,,athiru_gaiti,,120510253068,1
poll_station,iruma_new_apostolic_church,IRUMA NEW APOSTOLIC CHURCH,,,,,,athiru_gaiti,,120510253069,1
poll_station,kambene_primary_school,KAMBENE PRIMARY SCHOOL,,,,,,akachiu,,120510254070,1
poll_station,riaki_primary_school,RIAKI PRIMARY SCHOOL,,,,,,akachiu,,120510254071,2
poll_station,amwamba_primary_school,AMWAMBA PRIMARY SCHOOL,,,,,,akachiu,,120510254072,2
poll_station,nceme_primary_school,NCEME PRIMARY SCHOOL,,,,,,akachiu,,120510254073,1
poll_station,kamburu_primary_school,KAMBURU PRIMARY SCHOOL,,,,,,akachiu,,120510254074,1
poll_station,ryenya_primary_school,RYENYA PRIMARY SCHOOL,,,,,,akachiu,,120510254075,2
poll_station,athi_primary_school,ATHI PRIMARY SCHOOL,,,,,,akachiu,,120510254076,2
poll_station,muthiru_primary_school,MUTHIRU PRIMARY SCHOOL,,,,,,akachiu,,120510254077,1
poll_station,tiira_primary_school,TIIRA PRIMARY SCHOOL,,,,,,akachiu,,120510254078,3
poll_station,amunju_primary_school,AMUNJU PRIMARY SCHOOL,,,,,,akachiu,,120510254079,1
poll_station,giika_primary_school,GIIKA PRIMARY SCHOOL,,,,,,akachiu,,120510254080,1
poll_station,ugoti_primary_school,UGOTI PRIMARY SCHOOL,,,,,,akachiu,,120510254081,2
poll_station,riigi_primary_school,RIIGI PRIMARY SCHOOL,,,,,,akachiu,,120510254082,2
poll_station,kalamene_health_centre,KALAMENE HEALTH CENTRE,,,,,,akachiu,,120510254083,1
poll_station,mutiokiama_health_center,MUTIOKIAMA HEALTH CENTER,,,,,,akachiu,,120510254084,1
poll_station,ura_tea_buying_centre,URA TEA BUYING CENTRE,,,,,,akachiu,,120510254085,2
poll_station,amunju_methodist_church_comp,AMUNJU METHODIST CHURCH COMP,,,,,,akachiu,,120510254086,1
poll_station,choi_tea_buying_center,CHOI TEA BUYING CENTER,,,,,,akachiu,,120510254087,1
poll_station,antuamuo_tea_buying_center,ANTUAMUO TEA BUYING CENTER,,,,,,akachiu,,120510254088,1
poll_station,nkinja_primary_school,NKINJA PRIMARY SCHOOL,,,,,,akachiu,,120510254089,1
poll_station,munyariki_primary_school,MUNYARIKI PRIMARY SCHOOL,,,,,,akachiu,,120510254090,1
poll_station,amwamba_sda_primary_school,AMWAMBA S.D.A PRIMARY SCHOOL,,,,,,akachiu,,120510254091,1
poll_station,kiale_tbc,KIALE T.B.C,,,,,,akachiu,,120510254092,1
poll_station,gatai_tbc,GATAI T.B.C,,,,,,akachiu,,120510254093,1
poll_station,amungenti_primary_school,AMUNG'ENTI PRIMARY SCHOOL,,,,,,kanuni,,120510255094,3
poll_station,murua_primary_school,MURUA PRIMARY SCHOOL,,,,,,kanuni,,120510255095,1
poll_station,abuuri_primary_school,ABUURI PRIMARY SCHOOL,,,,,,kanuni,,120510255096,2
poll_station,karumaru_primary_school,KARUMARU PRIMARY SCHOOL,,,,,,kanuni,,120510255097,3
poll_station,athimba_primary_school,ATHIMBA PRIMARY SCHOOL,,,,,,kanuni,,120510255098,3
poll_station,antuambui_primary_school,ANTUAMBUI PRIMARY SCHOOL,,,,,,kanuni,,120510255099,2
poll_station,nkiene_primary_school,NKIENE PRIMARY SCHOOL,,,,,,kanuni,,120510255100,1
poll_station,kianda_primary_school,KIANDA PRIMARY SCHOOL,,,,,,kanuni,,120510255101,2
poll_station,thaicu_primary_school,THAICU PRIMARY SCHOOL,,,,,,kanuni,,120510255102,2
poll_station,igembe_secondary_school,IGEMBE SECONDARY SCHOOL,,,,,,kanuni,,120510255103,2
poll_station,kathambi_primary_school,KATHAMBI PRIMARY SCHOOL,,,,,,kanuni,,120510255104,1
poll_station,kizimani_primary_school,KIZIMANI PRIMARY SCHOOL,,,,,,kanuni,,120510255105,1
poll_station,antubeiga_nursery_school,ANTUBEIGA NURSERY SCHOOL,,,,,,kanuni,,120510255106,1
poll_station,kiguru_primary_school,KIGURU PRIMARY SCHOOL,,,,,,kanuni,,120510255107,1
poll_station,ntherone_primary_school,NTHERONE PRIMARY SCHOOL,,,,,,kanuni,,120510255108,2
poll_station,kanuni_open_air_market,KANUNI OPEN AIR MARKET.,,,,,,kanuni,,120510255109,1
poll_station,mukweone_eapc_church_compoun,MUKWEONE EAPC CHURCH COMPOUN,,,,,,kanuni,,120510255110,1
poll_station,matangine_annointed_generatio,MATANGINE ANNOINTED GENERATIO,,,,,,kanuni,,120510255111,1
poll_station,tumtum_eapc,TUMTUM EAPC,,,,,,kanuni,,120510255112,1
poll_station,kathelwa_primary_school,KATHELWA PRIMARY SCHOOL,,,,,,akirangondu,,120520256001,2
poll_station,kk_nanga_primary_school,K.K. NANGA PRIMARY SCHOOL,,,,,,akirangondu,,120520256002,1
poll_station,nkoe_primary_school,NKOE PRIMARY SCHOOL,,,,,,akirangondu,,120520256003,1
poll_station,limbuku_primary_school,LIMBUKU PRIMARY SCHOOL,,,,,,akirangondu,,120520256004,1
poll_station,machungulu_primary_school,MACHUNGULU PRIMARY SCHOOL,,,,,,akirangondu,,120520256005,3
poll_station,muringinene_primary_school,MURINGINENE PRIMARY SCHOOL,,,,,,akirangondu,,120520256006,2
poll_station,mwerene_primary_school,MWERENE PRIMARY SCHOOL,,,,,,akirangondu,,120520256007,2
poll_station,tuuru_primary_school,TUURU PRIMARY SCHOOL,,,,,,akirangondu,,120520256008,1
poll_station,mwerongai_primary_school,MWERONGAI PRIMARY SCHOOL,,,,,,akirangondu,,120520256009,1
poll_station,nguthuki_primary_school,NGUTHUKI PRIMARY SCHOOL,,,,,,akirangondu,,120520256010,1
poll_station,st_mary_s_primary_school,ST. MARY S PRIMARY SCHOOL,,,,,,akirangondu,,120520256011,2
poll_station,mukorene_primary_school,MUKORENE PRIMARY SCHOOL,,,,,,akirangondu,,120520256012,1
poll_station,gituine_tea_bctr,GITUINE TEA B.CTR,,,,,,akirangondu,,120520256013,2
poll_station,karama_antuamuo_primary_schoo,KARAMA ANTUAMUO PRIMARY SCHOO,,,,,,akirangondu,,120520256014,2
poll_station,mporoko_primary_school,MPOROKO PRIMARY SCHOOL,,,,,,akirangondu,,120520256015,2
poll_station,limbuku_nursery_school,LIMBUKU NURSERY SCHOOL,,,,,,akirangondu,,120520256016,1
poll_station,irindii_baptist_nursery_school,IRINDII BAPTIST NURSERY SCHOOL,,,,,,akirangondu,,120520256017,2
poll_station,kathelwa_catholic_nursery_scho,KATHELWA CATHOLIC NURSERY SCHO,,,,,,akirangondu,,120520256018,1
poll_station,gituine_aipca_nursery_school,GITUINE AIPCA NURSERY SCHOOL,,,,,,akirangondu,,120520256019,1
poll_station,kiani_kia_muuti_open_air_market,KIANI KIA MUUTI OPEN AIR MARKET,,,,,,akirangondu,,120520256020,2
poll_station,kk_mwere_primary_school,K.K MWERE PRIMARY SCHOOL,,,,,,akirangondu,,120520256021,1
poll_station,akirangondu_boys_secondary_sch,AKIRANG'ONDU BOYS SECONDARY SCH,,,,,,akirangondu,,120520256022,1
poll_station,kk_cattle_dip,K.K CATTLE DIP,,,,,,akirangondu,,120520256023,1
poll_station,kiani_kia_aaru_primary_school,KIANI KIA AARU PRIMARY SCHOOL,,,,,,athiru_ruujine,,120520257024,2
poll_station,kalankware_primary_school,KALANKWARE PRIMARY SCHOOL,,,,,,athiru_ruujine,,120520257025,2
poll_station,kanathu_primary_school,KANATHU PRIMARY SCHOOL,,,,,,athiru_ruujine,,120520257026,1
poll_station,thimbili_primary_school,THIMBILI PRIMARY SCHOOL,,,,,,athiru_ruujine,,120520257027,2
poll_station,athiru_ruujine_primary_school,ATHIRU RUUJINE PRIMARY SCHOOL,,,,,,athiru_ruujine,,120520257028,3
poll_station,kaluchu_nursery_school,KALUCHU NURSERY SCHOOL,,,,,,athiru_ruujine,,120520257029,1
poll_station,kibuline_nursery_school,KIBULINE NURSERY SCHOOL,,,,,,athiru_ruujine,,120520257030,1
poll_station,karama_tea_bctr,KARAMA TEA B.CTR,,,,,,athiru_ruujine,,120520257031,2
poll_station,matirine_primary_school,MATIRINE PRIMARY SCHOOL,,,,,,athiru_ruujine,,120520257032,3
poll_station,baibariu_primary_school,BAIBARIU PRIMARY SCHOOL,,,,,,athiru_ruujine,,120520257033,2
poll_station,kathithine_primary_school,KATHITHINE PRIMARY SCHOOL,,,,,,athiru_ruujine,,120520257034,2
poll_station,kawiru_primary_school,KAWIRU PRIMARY SCHOOL,,,,,,athiru_ruujine,,120520257035,3
poll_station,kamiruru_primary_school,KAMIRURU PRIMARY SCHOOL,,,,,,athiru_ruujine,,120520257036,2
poll_station,akuune_primary_school,AKUUNE PRIMARY SCHOOL,,,,,,athiru_ruujine,,120520257037,2
poll_station,kabukuro_primary_school,KABUKURO PRIMARY SCHOOL,,,,,,athiru_ruujine,,120520257038,2
poll_station,murera_primary_school,MURERA PRIMARY SCHOOL,,,,,,athiru_ruujine,,120520257039,1
poll_station,nkanga_primary_school,NKANGA PRIMARY SCHOOL,,,,,,athiru_ruujine,,120520257040,1
poll_station,kalui_primary_school,KALUI PRIMARY SCHOOL,,,,,,athiru_ruujine,,120520257041,1
poll_station,thimbili_secondary_school,THIMBILI SECONDARY SCHOOL,,,,,,athiru_ruujine,,120520257042,1
poll_station,thitha_secondary_school,THITHA SECONDARY SCHOOL,,,,,,athiru_ruujine,,120520257043,1
poll_station,kawiru_secondary_school,KAWIRU SECONDARY SCHOOL,,,,,,athiru_ruujine,,120520257044,2
poll_station,kiutine_open_air_market,KIUTINE OPEN AIR MARKET,,,,,,athiru_ruujine,,120520257045,3
poll_station,kaluluu_primary_school,KALULUU PRIMARY SCHOOL,,,,,,athiru_ruujine,,120520257046,1
poll_station,malaene_primary_school,MALAENE PRIMARY SCHOOL,,,,,,athiru_ruujine,,120520257047,1
poll_station,ntukai_nursery_school,NTUKAI NURSERY SCHOOL,,,,,,athiru_ruujine,,120520257048,1
poll_station,matiandui_primary_school,MATIANDUI PRIMARY SCHOOL,,,,,,igembe_east,,120520258049,1
poll_station,kimutubua_primary_school,KIMUTUBUA PRIMARY SCHOOL,,,,,,igembe_east,,120520258050,1
poll_station,mpinda_primary_school,MPINDA PRIMARY SCHOOL,,,,,,igembe_east,,120520258051,1
poll_station,miori_primary_school,MIORI PRIMARY SCHOOL,,,,,,igembe_east,,120520258052,2
poll_station,nthare_primary_school,NTHARE PRIMARY SCHOOL,,,,,,igembe_east,,120520258053,1
poll_station,kaurine_primary_school,KAURINE PRIMARY SCHOOL,,,,,,igembe_east,,120520258054,2
poll_station,kariru_primary_school,KARIRU PRIMARY SCHOOL,,,,,,igembe_east,,120520258055,1
poll_station,nthambiro_primary_school,NTHAMBIRO PRIMARY SCHOOL,,,,,,igembe_east,,120520258056,2
poll_station,kabuito_primary_school,KABUITO PRIMARY SCHOOL,,,,,,igembe_east,,120520258057,2
poll_station,kanjoo_primary_school,KANJOO PRIMARY SCHOOL,,,,,,igembe_east,,120520258058,2
poll_station,nankenge_nursery_school,NANKENGE NURSERY SCHOOL,,,,,,igembe_east,,120520258059,1
poll_station,kalimikuu_primary_school,KALIMIKUU PRIMARY SCHOOL,,,,,,igembe_east,,120520258060,2
poll_station,ngujuju_primary_school,NGUJUJU PRIMARY SCHOOL,,,,,,igembe_east,,120520258061,1
poll_station,mutuatine_primary_school,MUTUATINE PRIMARY SCHOOL,,,,,,igembe_east,,120520258062,2
poll_station,kathathene_primary_school,KATHATHENE PRIMARY SCHOOL,,,,,,igembe_east,,120520258063,1
poll_station,ntuene_primary_school,NTUENE PRIMARY SCHOOL,,,,,,igembe_east,,120520258064,3
poll_station,ithanja_nursery_school,ITHANJA NURSERY SCHOOL,,,,,,igembe_east,,120520258065,1
poll_station,amaku_nursery_school,AMAKU NURSERY SCHOOL,,,,,,igembe_east,,120520258066,2
poll_station,andiala_nursery_school,ANDIALA NURSERY SCHOOL,,,,,,igembe_east,,120520258067,1
poll_station,kirindara_nursery_school,KIRINDARA NURSERY SCHOOL,,,,,,igembe_east,,120520258068,1
poll_station,makutano_primary_school,MAKUTANO PRIMARY SCHOOL,,,,,,igembe_east,,120520258041,1
poll_station,mwomwere_primary_school,MWOMWERE PRIMARY SCHOOL,,,,,,igembe_east,,120520258070,1
poll_station,kiengu_open_air_market,KIENGU OPEN AIR MARKET,,,,,,igembe_east,,120520258071,2
poll_station,kiengu_methodist_church_compo,KIENGU METHODIST CHURCH COMPO,,,,,,igembe_east,,120520258072,1
poll_station,nthambiro_health_centre,NTHAMBIRO HEALTH CENTRE,,,,,,igembe_east,,120520258073,2
poll_station,kanyankine_methodist_church_co,KANYANKINE METHODIST CHURCH CO,,,,,,igembe_east,,120520258074,1
poll_station,muuru_pentecost_church_compo,MUURU PENTECOST CHURCH COMPO,,,,,,igembe_east,,120520258075,1
poll_station,maukune_methodist_church_com,MAUKUNE METHODIST CHURCH COM,,,,,,igembe_east,,120520258076,1
poll_station,muuriine_pentecost_church_comp,MUURIINE PENTECOST CHURCH COMP,,,,,,igembe_east,,120520258077,1
poll_station,kiborione_nursery_school,KIBORIONE NURSERY SCHOOL,,,,,,igembe_east,,120520258078,1
poll_station,nark_nkiri_primary_school,NARK NKIRI PRIMARY SCHOOL,,,,,,igembe_east,,120520258079,1
poll_station,miori_chiefs_camp,MIORI CHIEF'S CAMP,,,,,,igembe_east,,120520258080,1
poll_station,muumone_primary_school,MUUMONE PRIMARY SCHOOL,,,,,,njia,,120520259081,1
poll_station,mpitha_primary_school,MPITHA PRIMARY SCHOOL,,,,,,njia,,120520259082,2
poll_station,kamuya_nursery_school,KAMUYA NURSERY SCHOOL,,,,,,njia,,120520259083,1
poll_station,mbayo_nursery_school,MBAYO NURSERY SCHOOL,,,,,,njia,,120520259084,1
poll_station,limoro_primary_school,LIMORO PRIMARY SCHOOL,,,,,,njia,,120520259085,1
poll_station,kiolo_kia_muuti_primary_school,KIOLO KIA MUUTI PRIMARY SCHOOL,,,,,,njia,,120520259086,2
poll_station,kiujuline_nursery_school,KIUJULINE NURSERY SCHOOL,,,,,,njia,,120520259087,1
poll_station,njia_secondary_school,NJIA SECONDARY SCHOOL,,,,,,njia,,120520259088,2
poll_station,thumbereria_primary_school,THUMBERERIA PRIMARY SCHOOL,,,,,,njia,,120520259089,2
poll_station,ikombo_nursery_school,IKOMBO NURSERY SCHOOL,,,,,,njia,,120520259090,1
poll_station,ntuui_nursery_school,NTUUI NURSERY SCHOOL,,,,,,njia,,120520259091,1
poll_station,churui_primary_school,CHURUI PRIMARY SCHOOL,,,,,,njia,,120520259092,2
poll_station,kaumone_primary_school,KAUMONE PRIMARY SCHOOL,,,,,,njia,,120520259093,2
poll_station,kithare_primary_school,KITHARE PRIMARY SCHOOL,,,,,,njia,,120520259094,3
poll_station,muiyo_tea_buying_centre,MUIYO TEA BUYING CENTRE,,,,,,njia,,120520259095,2
poll_station,muringene_tea_buying_centre,MURINGENE TEA BUYING CENTRE,,,,,,njia,,120520259096,3
poll_station,thamare_primary_school,THAMARE PRIMARY SCHOOL,,,,,,njia,,120520259097,3
poll_station,ncunguru_primary_school,NCUNGURU PRIMARY SCHOOL,,,,,,njia,,120520259098,3
poll_station,mwiriene_nursery_school,MWIRIENE NURSERY SCHOOL,,,,,,njia,,120520259099,1
poll_station,maili_tatu_tea_buying_centre,MAILI TATU TEA BUYING CENTRE,,,,,,njia,,120520259100,1
poll_station,burieruri_secondary_school,BURIERURI SECONDARY SCHOOL,,,,,,njia,,120520259101,3
poll_station,mporoko_nursery_school,MPOROKO NURSERY SCHOOL,,,,,,njia,,120520259102,1
poll_station,mwomalui_primary_school,MWOMALUI PRIMARY SCHOOL,,,,,,njia,,120520259103,1
poll_station,thuuru_primary_school,THUURU PRIMARY SCHOOL,,,,,,njia,,120520259104,2
poll_station,nkalune_nursery_school,NKALUNE NURSERY SCHOOL,,,,,,njia,,120520259105,1
poll_station,kiujuline_primary_school,KIUJULINE PRIMARY SCHOOL,,,,,,njia,,120520259106,1
poll_station,kaongo_ka_maugu_primary_schoo,KAONGO KA MAUGU PRIMARY SCHOO,,,,,,njia,,120520259107,2
poll_station,kithare_mwiriene_cmmchurch_c,KITHARE MWIRIENE C.M.M.CHURCH C,,,,,,njia,,120520259108,1
poll_station,kanikarui_primary_school,KANIKARUI PRIMARY SCHOOL,,,,,,kangeta,,120520260109,2
poll_station,mukululu_primary_school,MUKULULU PRIMARY SCHOOL,,,,,,kangeta,,120520260110,2
poll_station,gituene_primary_school,GITUENE PRIMARY SCHOOL,,,,,,kangeta,,120520260111,1
poll_station,nkongune_primary_school,NKONGUNE PRIMARY SCHOOL,,,,,,kangeta,,120520260112,1
poll_station,mbaranga_nursery_school,MBARANGA NURSERY SCHOOL,,,,,,kangeta,,120520260113,2
poll_station,njia_primary_school,NJIA PRIMARY SCHOOL,,,,,,kangeta,,120520260114,2
poll_station,kieya_primary_school,KIEYA PRIMARY SCHOOL,,,,,,kangeta,,120520260115,3
poll_station,ntuti_primary_school,NTUTI PRIMARY SCHOOL,,,,,,kangeta,,120520260116,2
poll_station,kandubai_primary_school,KANDUBAI PRIMARY SCHOOL,,,,,,kangeta,,120520260117,1
poll_station,likiau_primary_school,LIKIAU PRIMARY SCHOOL,,,,,,kangeta,,120520260118,1
poll_station,kiani_kiraya_primary_school,KIANI KIRAYA PRIMARY SCHOOL,,,,,,kangeta,,120520260119,1
poll_station,laikumukumu_nursery_school,LAIKUMUKUMU NURSERY SCHOOL,,,,,,kangeta,,120520260120,1
poll_station,nkinyanga_primary_school,NKINYANG'A PRIMARY SCHOOL,,,,,,kangeta,,120520260121,2
poll_station,kangeta_primary_school,KANGETA PRIMARY SCHOOL,,,,,,kangeta,,120520260122,2
poll_station,nkinyanga_dispensary,NKINYANG'A DISPENSARY,,,,,,kangeta,,120520260123,1
poll_station,kathima_coffee_factory,KATHIMA COFFEE FACTORY,,,,,,kangeta,,120520260124,1
poll_station,nturuba_secondary_school,NTURUBA SECONDARY SCHOOL,,,,,,kangeta,,120520260125,1
poll_station,ccm_machenge_nursery_school,C.C.M MACHENGE NURSERY SCHOOL,,,,,,kangeta,,120520260126,1
poll_station,aipcea_liburu_nursery_school,AIPCEA LIBURU NURSERY SCHOOL,,,,,,kangeta,,120520260127,1
poll_station,kangeta_open_air_market,KANGETA OPEN AIR MARKET,,,,,,kangeta,,120520260128,3
poll_station,stthomas_catholic_nursery_scho,ST.THOMAS CATHOLIC NURSERY SCHO,,,,,,kangeta,,120520260129,1
poll_station,ntuti_cattle_dip,NTUTI CATTLE DIP,,,,,,kangeta,,120520260130,1
poll_station,nkinyanga_aipcea_church_compo,NKINYANGA AIPCEA CHURCH COMPO,,,,,,kangeta,,120520260131,1
poll_station,kaithicia_tea_buying_centre,KAITHICIA TEA BUYING CENTRE,,,,,,kangeta,,120520260132,1
poll_station,mea_primary_school,MEA PRIMARY SCHOOL,,,,,,antuambui,,120530261001,1
poll_station,ndumuru_nursery_school,NDUMURU NURSERY SCHOOL,,,,,,antuambui,,120530261002,1
poll_station,athawene_nursery_school,ATHAWENE NURSERY SCHOOL,,,,,,antuambui,,120530261003,1
poll_station,kiolo_nursery_school,KIOLO NURSERY SCHOOL,,,,,,antuambui,,120530261004,2
poll_station,kk_baituiri_nursery_school,K.K. BAITUIRI NURSERY SCHOOL,,,,,,antuambui,,120530261005,1
poll_station,kangenyone_primary_school,KANGENYONE PRIMARY SCHOOL,,,,,,antuambui,,120530261006,1
poll_station,kautine_nursery_school,KAUTINE NURSERY SCHOOL,,,,,,antuambui,,120530261007,2
poll_station,mwerongundu_primary_school,MWERONGUNDU PRIMARY SCHOOL,,,,,,antuambui,,120530261008,2
poll_station,lukununu_primary_school,LUKUNUNU PRIMARY SCHOOL,,,,,,antuambui,,120530261009,2
poll_station,miuine_primary_school,MIUINE PRIMARY SCHOOL,,,,,,antuambui,,120530261010,2
poll_station,nkiriana_primary_school,NKIRIANA PRIMARY SCHOOL,,,,,,antuambui,,120530261011,2
poll_station,kk_etama_primary_school,K.K. ETAMA PRIMARY SCHOOL,,,,,,antuambui,,120530261012,2
poll_station,kk_kiula_primary_school,K.K. KIULA PRIMARY SCHOOL,,,,,,antuambui,,120530261013,2
poll_station,lubua_primary_school,LUBUA PRIMARY SCHOOL,,,,,,antuambui,,120530261014,2
poll_station,laare_social_hall,LAARE SOCIAL HALL,,,,,,antuambui,,120530261015,3
poll_station,mwerongundu_secondary_schoo,MWERONGUNDU SECONDARY SCHOO,,,,,,antuambui,,120530261016,2
poll_station,kaoronene_primary_school,KAORONENE PRIMARY SCHOOL,,,,,,antuambui,,120530261017,1
poll_station,antuambui_secondary_school,ANTUAMBUI SECONDARY SCHOOL,,,,,,antuambui,,120530261018,2
poll_station,nkanda_secondary_school,NKANDA SECONDARY SCHOOL,,,,,,antuambui,,120530261019,1
poll_station,kirama_aipca_nursery_school,KIRAMA AIPCA NURSERY SCHOOL,,,,,,antuambui,,120530261020,1
poll_station,kamaringa_primary_school,KAMARINGA PRIMARY SCHOOL,,,,,,antuambui,,120530261021,1
poll_station,mulika_nursery_school,MULIKA NURSERY SCHOOL,,,,,,antuambui,,120530261022,1
poll_station,mithiaru_primary_school,MITHIARU PRIMARY SCHOOL,,,,,,antuambui,,120530261023,1
poll_station,linjoka_primary_school,LINJOKA PRIMARY SCHOOL,,,,,,ntunene,,120530262024,2
poll_station,kileera_primary_school,KILEERA PRIMARY SCHOOL,,,,,,ntunene,,120530262025,1
poll_station,mariri_primary_school,MARIRI PRIMARY SCHOOL,,,,,,ntunene,,120530262026,2
poll_station,kirindara_primary_school,KIRINDARA PRIMARY SCHOOL,,,,,,ntunene,,120530262027,2
poll_station,murungene_primary_school,MURUNGENE PRIMARY SCHOOL,,,,,,ntunene,,120530262028,3
poll_station,ntobuine_nursery_school,NTOBUINE NURSERY SCHOOL,,,,,,ntunene,,120530262029,1
poll_station,linjoka_catholic_church_nursery,LINJOKA CATHOLIC CHURCH NURSERY,,,,,,ntunene,,120530262030,2
poll_station,ntunene_coffee_factory,NTUNENE COFFEE FACTORY,,,,,,ntunene,,120530262031,3
poll_station,kiriba_primary_school,KIRIBA PRIMARY SCHOOL,,,,,,ntunene,,120530262071,1
poll_station,muurune_aipca_nursery_school,MUURUNE AIPCA NURSERY SCHOOL,,,,,,ntunene,,120530262033,1
poll_station,tuanda_nursery_school,TUANDA NURSERY SCHOOL,,,,,,ntunene,,120530262034,1
poll_station,mariri_nursery_school,MARIRI NURSERY SCHOOL,,,,,,ntunene,,120530262035,1
poll_station,ntunene_girlssecondary_school,NTUNENE GIRLS'SECONDARY SCHOOL,,,,,,ntunene,,120530262036,1
poll_station,laare_catholic_church,LAARE CATHOLIC CHURCH,,,,,,ntunene,,120530262037,2
poll_station,kimachia_methodist_church,KIMACHIA METHODIST CHURCH,,,,,,ntunene,,120530262038,1
poll_station,kamuwe_primary_school,KAMUWE PRIMARY SCHOOL,,,,,,antubetwe_kiongo,,120530263039,1
poll_station,nairuru_primary_school,NAIRURU PRIMARY SCHOOL,,,,,,antubetwe_kiongo,,120530263040,1
poll_station,kithanga_nursery_school,KITHANGA NURSERY SCHOOL,,,,,,antubetwe_kiongo,,120530263041,1
poll_station,ntanki_secondary_school,NTANKI SECONDARY SCHOOL,,,,,,antubetwe_kiongo,,120530263042,1
poll_station,ndoleli_primary_school,NDOLELI PRIMARY SCHOOL,,,,,,antubetwe_kiongo,,120530263043,2
poll_station,karichu_primary_school,KARICHU PRIMARY SCHOOL,,,,,,antubetwe_kiongo,,120530263044,2
poll_station,kathatene_primary_school,KATHATENE PRIMARY SCHOOL,,,,,,antubetwe_kiongo,,120530263045,1
poll_station,kiromwathi_primary_school,KIROMWATHI PRIMARY SCHOOL,,,,,,antubetwe_kiongo,,120530263046,2
poll_station,anjalu_primary_school,ANJALU PRIMARY SCHOOL,,,,,,antubetwe_kiongo,,120530263047,3
poll_station,theera_primary_school,THEERA PRIMARY SCHOOL,,,,,,antubetwe_kiongo,,120530263048,3
poll_station,kiani_primary_school,KIANI PRIMARY SCHOOL,,,,,,antubetwe_kiongo,,120530263049,2
poll_station,luciuti_primary_school,LUCIUTI PRIMARY SCHOOL,,,,,,antubetwe_kiongo,,120530263050,2
poll_station,miriki_primary_school,MIRIKI PRIMARY SCHOOL,,,,,,antubetwe_kiongo,,120530263051,2
poll_station,mutiorui_nursery_school,MUTIORUI NURSERY SCHOOL,,,,,,antubetwe_kiongo,,120530263052,1
poll_station,antubetwe_secondary_school,ANTUBETWE SECONDARY SCHOOL,,,,,,antubetwe_kiongo,,120530263053,2
poll_station,malaene_primary_school,MALAENE PRIMARY SCHOOL,,,,,,antubetwe_kiongo,,120530263047,3
poll_station,luciuti_social_hall,LUCIUTI SOCIAL HALL,,,,,,antubetwe_kiongo,,120530263055,2
poll_station,marere_polytechnic,MARERE POLYTECHNIC,,,,,,antubetwe_kiongo,,120530263056,1
poll_station,kalerene_nursery_school,KALERENE NURSERY SCHOOL,,,,,,antubetwe_kiongo,,120530263057,1
poll_station,kibutu_nursery_school,KIBUTU NURSERY SCHOOL,,,,,,antubetwe_kiongo,,120530263058,1
poll_station,eapc_thaicui_mwanganthia,EAPC THAICUI MWANGANTHIA,,,,,,antubetwe_kiongo,,120530263059,1
poll_station,mpeketoni_police_post,MPEKETONI POLICE POST,,,,,,antubetwe_kiongo,,120530263060,1
poll_station,kina_meru,KINA MERU,,,,,,antubetwe_kiongo,,120530263061,1
poll_station,mutuati_primary_school,MUTUATI PRIMARY SCHOOL,,,,,,naathu,,120530264062,2
poll_station,kibuchwa_nursery_school,KIBUCHWA NURSERY SCHOOL,,,,,,naathu,,120530264063,2
poll_station,kanthali_primary_school,KANTHALI PRIMARY SCHOOL,,,,,,naathu,,120530264064,1
poll_station,thirua_primary_school,THIRUA PRIMARY SCHOOL,,,,,,naathu,,120530264065,2
poll_station,ndunyu_nursery_school,NDUNYU NURSERY SCHOOL,,,,,,naathu,,120530264066,1
poll_station,ndulu_nursery_school,NDULU NURSERY SCHOOL,,,,,,naathu,,120530264067,1
poll_station,mbayo_primary_school,MBAYO PRIMARY SCHOOL,,,,,,naathu,,120530264068,1
poll_station,kalembuine_nursery_school,KALEMBUINE NURSERY SCHOOL,,,,,,naathu,,120530264069,3
poll_station,kk_baithai_primary_school,K.K. BAITHAI PRIMARY SCHOOL,,,,,,naathu,,120530264070,3
poll_station,mweromutua_primary_school,MWEROMUTUA PRIMARY SCHOOL,,,,,,naathu,,120530264071,2
poll_station,mutuati_secondary_school,MUTUATI SECONDARY SCHOOL,,,,,,naathu,,120530264072,2
poll_station,naathu_primary_school,NAATHU PRIMARY SCHOOL,,,,,,naathu,,120530264073,2
poll_station,naathu_secondary_school,NAATHU SECONDARY SCHOOL,,,,,,naathu,,120530264074,2
poll_station,mbayo_secondary_school,MBAYO SECONDARY SCHOOL,,,,,,naathu,,120530264075,1
poll_station,naikuriu_primary_school,NAIKURIU PRIMARY SCHOOL,,,,,,naathu,,120530264076,1
poll_station,tamani_pentecostal_primary_scho,TAMANI PENTECOSTAL PRIMARY SCHO,,,,,,naathu,,120530264077,1
poll_station,latuani_primary_school,LATUANI PRIMARY SCHOOL,,,,,,naathu,,120530264078,1
poll_station,kamukunji_church_on_the_rock,KAMUKUNJI CHURCH ON THE ROCK,,,,,,naathu,,120530264079,1
poll_station,liundu_mck_primary,LIUNDU MCK PRIMARY,,,,,,naathu,,120530264080,1
poll_station,mutuati_methodist_nursery_scho,MUTUATI METHODIST NURSERY SCHO,,,,,,amwathi,,120530265081,3
poll_station,mburanjiru_primary_school,MBURANJIRU PRIMARY SCHOOL,,,,,,amwathi,,120530265082,2
poll_station,leeta_primary_school,LEETA PRIMARY SCHOOL,,,,,,amwathi,,120530265083,2
poll_station,ambaru_primary_school,AMBARU PRIMARY SCHOOL,,,,,,amwathi,,120530265084,3
poll_station,nthangarine_primary_school,NTHANGARINE PRIMARY SCHOOL,,,,,,amwathi,,120530265085,2
poll_station,barenta_primary_school,BARENTA PRIMARY SCHOOL,,,,,,amwathi,,120530265086,1
poll_station,kamweline_primary_school,KAMWELINE PRIMARY SCHOOL,,,,,,amwathi,,120530265087,1
poll_station,nkamathi_primary_school,NKAMATHI PRIMARY SCHOOL,,,,,,amwathi,,120530265088,1
poll_station,murweti_primary_school,MURWETI PRIMARY SCHOOL,,,,,,amwathi,,120530265089,1
poll_station,kiolo_primary_school,KIOLO PRIMARY SCHOOL,,,,,,amwathi,,120530265090,2
poll_station,meeria_primary_school,MEERIA PRIMARY SCHOOL,,,,,,amwathi,,120530265091,2
poll_station,kaungu_primary_school,KAUNGU PRIMARY SCHOOL,,,,,,amwathi,,120530265092,1
poll_station,kinisa_nursery_school,KINISA NURSERY SCHOOL,,,,,,amwathi,,120530265093,1
poll_station,kiegoi_nursery_school,KIEGOI NURSERY SCHOOL,,,,,,amwathi,,120530265094,1
poll_station,murunya_nursery_sch,MURUNYA NURSERY SCH,,,,,,amwathi,,120530265095,1
poll_station,murara_primary_school,MURARA PRIMARY SCHOOL,,,,,,amwathi,,120530265096,1
poll_station,kathanga_primary_school,KATHANGA PRIMARY SCHOOL,,,,,,amwathi,,120530265097,2
poll_station,aithu_primary_school,AITHU PRIMARY SCHOOL,,,,,,amwathi,,120530265098,2
poll_station,mbiriata_primary_school,MBIRIATA PRIMARY SCHOOL,,,,,,amwathi,,120530265099,2
poll_station,kamboo_primary_school,KAMBOO PRIMARY SCHOOL,,,,,,amwathi,,120530265100,2
poll_station,ngitana_primary_school,NGITANA PRIMARY SCHOOL,,,,,,amwathi,,120530265101,1
poll_station,ngukwine_primary_school,NGUKWINE PRIMARY SCHOOL,,,,,,amwathi,,120530265102,2
poll_station,kachiuru_primary_school,KACHIURU PRIMARY SCHOOL,,,,,,amwathi,,120530265103,1
poll_station,nkamathi_secondary_school,NKAMATHI SECONDARY SCHOOL,,,,,,amwathi,,120530265104,1
poll_station,st_anthony_nginyo_nursery_scho,ST. ANTHONY NG'INYO NURSERY SCHO,,,,,,amwathi,,120530265105,1
poll_station,aithu_nursery_school,AITHU NURSERY SCHOOL,,,,,,amwathi,,120530265106,1
poll_station,kabachi_multipurpose_hall,KABACHI MULTIPURPOSE HALL,,,,,,amwathi,,120530265107,2
poll_station,tiri_primary_school,TIRI PRIMARY SCHOOL,,,,,,amwathi,,120530265108,1
poll_station,mck_ngaya,MCK NGAYA,,,,,,amwathi,,120530265109,1
poll_station,limoro_primary_school,LIMORO PRIMARY SCHOOL,,,,,,athwana,,120540266085,2
poll_station,maitha_primary_school,MAITHA PRIMARY SCHOOL,,,,,,athwana,,120540266002,2
poll_station,mwanika_primary_school,MWANIKA PRIMARY SCHOOL,,,,,,athwana,,120540266003,2
poll_station,kibiru_primary_school,KIBIRU PRIMARY SCHOOL,,,,,,athwana,,120540266004,2
poll_station,mweronkoro_primary_school,MWERONKORO PRIMARY SCHOOL,,,,,,athwana,,120540266005,1
poll_station,kk_nkengechia_primary_school,K.K NKENGECHIA PRIMARY SCHOOL,,,,,,athwana,,120540266006,1
poll_station,twarama_kenya_assembly_of_god_n,TWARAMA KENYA ASSEMBLY OF GOD N,,,,,,athwana,,120540266007,2
poll_station,laciathuriu_primary_school,LACIATHURIU PRIMARY SCHOOL,,,,,,athwana,,120540266008,1
poll_station,athwana_secondary_school,ATHWANA SECONDARY SCHOOL,,,,,,athwana,,120540266009,2
poll_station,kamanoro_primary_school,KAMANORO PRIMARY SCHOOL,,,,,,athwana,,120540266010,1
poll_station,nkiluthu_primary_school,NKILUTHU PRIMARY SCHOOL,,,,,,athwana,,120540266011,1
poll_station,1_kadebene_livestock_market,1. KADEBENE LIVESTOCK MARKET,,,,,,athwana,,120540266012,1
poll_station,muluta_dispensary,MULUTA DISPENSARY,,,,,,athwana,,120540266013,1
poll_station,kiare_primary_school,KIARE PRIMARY SCHOOL,,,,,,athwana,,120540266014,1
poll_station,kimuthii_primary_school,KIMUTHII PRIMARY SCHOOL,,,,,,akithii,,120540267015,2
poll_station,ntiba_primary_school,NTIBA PRIMARY SCHOOL,,,,,,akithii,,120540267016,2
poll_station,kitheo_primary_school,KITHEO PRIMARY SCHOOL,,,,,,akithii,,120540267017,2
poll_station,kk_tharaine_primary_school,K.K THARAINE PRIMARY SCHOOL,,,,,,akithii,,120540267018,2
poll_station,mucuune_primary_school,MUCUUNE PRIMARY SCHOOL,,,,,,akithii,,120540267019,2
poll_station,kamarima_primary_school,KAMARIMA PRIMARY SCHOOL,,,,,,akithii,,120540267020,1
poll_station,kalimba_primary_school,KALIMBA PRIMARY SCHOOL,,,,,,akithii,,120540267021,1
poll_station,mweronkanga_primary_school,MWERONKANGA PRIMARY SCHOOL,,,,,,akithii,,120540267022,2
poll_station,kk_lumbi_primary_school,K.K LUMBI PRIMARY SCHOOL,,,,,,akithii,,120540267023,2
poll_station,twale_primary_school,TWALE PRIMARY SCHOOL,,,,,,akithii,,120540267024,1
poll_station,manyiri_primary_school,MANYIRI PRIMARY SCHOOL,,,,,,akithii,,120540267025,1
poll_station,ithatene_primary_school,ITHATENE PRIMARY SCHOOL,,,,,,akithii,,120540267026,1
poll_station,limbine_primary_school,LIMBINE PRIMARY SCHOOL,,,,,,akithii,,120540267027,3
poll_station,nkurare_primary_school,NKURARE PRIMARY SCHOOL,,,,,,akithii,,120540267028,1
poll_station,mwili_primary_school,MWILI PRIMARY SCHOOL,,,,,,akithii,,120540267029,2
poll_station,mwerondu_primary_school,MWERONDU PRIMARY SCHOOL,,,,,,akithii,,120540267030,1
poll_station,thinyaine_primary_school,THINYAINE PRIMARY SCHOOL,,,,,,akithii,,120540267031,2
poll_station,maathii_primary_school,MAATHII PRIMARY SCHOOL,,,,,,akithii,,120540267032,2
poll_station,karii_primary_school,KARII PRIMARY SCHOOL,,,,,,akithii,,120540267033,1
poll_station,murichia_primary_school,MURICHIA PRIMARY SCHOOL,,,,,,akithii,,120540267034,1
poll_station,barau_baptist_church,BARAU BAPTIST CHURCH,,,,,,akithii,,120540267035,1
poll_station,accs_office_ngudune,ACCS OFFICE NGUDUNE,,,,,,akithii,,120540267036,1
poll_station,nchurai_mck_church,NCHURAI MCK CHURCH,,,,,,akithii,,120540267037,1
poll_station,kathinge_catholic_church,KATHINGE CATHOLIC CHURCH,,,,,,akithii,,120540267038,1
poll_station,amukoi_ass_chief_office,AMUKOI ASS CHIEF OFFICE,,,,,,akithii,,120540267039,1
poll_station,urru_county_council_hall,URRU COUNTY COUNCIL HALL,,,,,,kianjai,,120540268040,2
poll_station,kithiru_primary_school,KITHIRU PRIMARY SCHOOL,,,,,,kianjai,,120540268041,1
poll_station,mbaarua_primary_school,MBAARUA PRIMARY SCHOOL,,,,,,kianjai,,120540268042,1
poll_station,nairiri_primary_school,NAIRIRI PRIMARY SCHOOL,,,,,,kianjai,,120540268043,2
poll_station,machaku_primary_school,MACHAKU PRIMARY SCHOOL,,,,,,kianjai,,120540268044,2
poll_station,kianjai_primary_school,KIANJAI PRIMARY SCHOOL,,,,,,kianjai,,120540268045,4
poll_station,mutionjuri_primary_school,MUTIONJURI PRIMARY SCHOOL,,,,,,kianjai,,120540268046,2
poll_station,amatu_primary_school,AMATU PRIMARY SCHOOL,,,,,,kianjai,,120540268047,2
poll_station,kanjalu_primary_school,KANJALU PRIMARY SCHOOL,,,,,,kianjai,,120540268048,3
poll_station,rwongo_rwa_nyanki_primary_sch,RWONGO RWA NYANKI PRIMARY SCH,,,,,,kianjai,,120540268049,1
poll_station,antubeiga_primary_school,ANTUBEIGA PRIMARY SCHOOL,,,,,,kianjai,,120540268050,2
poll_station,kiandiu_primary_school,KIANDIU PRIMARY SCHOOL,,,,,,kianjai,,120540268051,2
poll_station,ithamare_primary_school,ITHAMARE PRIMARY SCHOOL,,,,,,kianjai,,120540268052,2
poll_station,luuria_primary_school,LUURIA PRIMARY SCHOOL,,,,,,kianjai,,120540268053,2
poll_station,rei_primary_school,REI PRIMARY SCHOOL,,,,,,kianjai,,120540268054,2
poll_station,mumui_primary_school,MUMUI PRIMARY SCHOOL,,,,,,kianjai,,120540268055,1
poll_station,lairangi_primary_school,LAIRANG'I PRIMARY SCHOOL,,,,,,kianjai,,120540268056,2
poll_station,thau_primary_school,THAU PRIMARY SCHOOL,,,,,,kianjai,,120540268057,2
poll_station,ntalami_primary_school,NTALAMI PRIMARY SCHOOL,,,,,,kianjai,,120540268058,1
poll_station,mituntu_primary_school,MITUNTU PRIMARY SCHOOL,,,,,,kianjai,,120540268059,2
poll_station,muramba_primary_school,MURAMBA PRIMARY SCHOOL,,,,,,kianjai,,120540268060,1
poll_station,urru_primary_school,URRU PRIMARY SCHOOL,,,,,,kianjai,,120540268061,1
poll_station,kirukire_primary_school,KIRUKIRE PRIMARY SCHOOL,,,,,,kianjai,,120540268062,1
poll_station,kianjai_chiefs_camp,KIANJAI CHIEFS CAMP,,,,,,kianjai,,120540268063,1
poll_station,maili_tatu_police_post,MAILI TATU POLICE POST,,,,,,kianjai,,120540268064,1
poll_station,rwanderi_full_gospel_church,RWANDERI FULL GOSPEL CHURCH,,,,,,kianjai,,120540268065,1
poll_station,ack_ngaitethia_pry_school,ACK NGAITETHIA PRY SCHOOL,,,,,,kianjai,,120540268066,1
poll_station,mugae_catholic_church,MUGAE CATHOLIC CHURCH,,,,,,kianjai,,120540268067,1
poll_station,rwanjoe_primary_school,RWANJOE PRIMARY SCHOOL,,,,,,nkomo,,120540269068,1
poll_station,kamitongu_primary_school,KAMITONGU PRIMARY SCHOOL,,,,,,nkomo,,120540269069,1
poll_station,gimpine_primary_school,GIMPINE PRIMARY SCHOOL,,,,,,nkomo,,120540269070,1
poll_station,kanjai_primary_school,KANJAI PRIMARY SCHOOL,,,,,,nkomo,,120540269071,2
poll_station,mwithanga_primary_school,MWITHANGA PRIMARY SCHOOL,,,,,,nkomo,,120540269072,1
poll_station,amwari_primary_school,AMWARI PRIMARY SCHOOL,,,,,,nkomo,,120540269073,2
poll_station,kimachia_primary_school,KIMACHIA PRIMARY SCHOOL,,,,,,nkomo,,120540269074,2
poll_station,kamaroo_primary_school,KAMAROO PRIMARY SCHOOL,,,,,,nkomo,,120540269075,2
poll_station,ntoombo_primary_shool,NTOOMBO PRIMARY SHOOL,,,,,,nkomo,,120540269076,2
poll_station,kithiiri_primary_school,KITHIIRI PRIMARY SCHOOL,,,,,,nkomo,,120540269077,2
poll_station,uringu_primary_school,URINGU PRIMARY SCHOOL,,,,,,nkomo,,120540269078,1
poll_station,lubunu_primary_school,LUBUNU PRIMARY SCHOOL,,,,,,nkomo,,120540269079,2
poll_station,kunene_primary_school,KUNENE PRIMARY SCHOOL,,,,,,nkomo,,120540269080,3
poll_station,strita_primary_school,ST.RITA PRIMARY SCHOOL,,,,,,nkomo,,120540269081,2
poll_station,kanthiari_primary_school,KANTHIARI PRIMARY SCHOOL,,,,,,nkomo,,120540269082,1
poll_station,kamaruki_pry_school,KAMARUKI PRY SCHOOL,,,,,,nkomo,,120540269083,1
poll_station,kunene_health_centre,KUNENE HEALTH CENTRE,,,,,,nkomo,,120540269084,1
poll_station,mwathene_dispensary,MWATHENE DISPENSARY,,,,,,nkomo,,120540269085,1
poll_station,makandi_primary_school,MAKANDI PRIMARY SCHOOL,,,,,,mbeu,,120540270086,2
poll_station,baraimu_primary_school,BARAIMU PRIMARY SCHOOL,,,,,,mbeu,,120540270087,2
poll_station,kibuline_primary_school,KIBULINE PRIMARY SCHOOL,,,,,,mbeu,,120540270088,2
poll_station,kaliati_primary_school,KALIATI PRIMARY SCHOOL,,,,,,mbeu,,120540270089,2
poll_station,kimirii_primary_school,KIMIRII PRIMARY SCHOOL,,,,,,mbeu,,120540270090,2
poll_station,kieru_primary_school,KIERU PRIMARY SCHOOL,,,,,,mbeu,,120540270091,1
poll_station,kibuline_secondary_school,KIBULINE SECONDARY SCHOOL,,,,,,mbeu,,120540270092,2
poll_station,mailu_nursery_school,MAILU NURSERY SCHOOL,,,,,,mbeu,,120540270093,1
poll_station,chaikuru_primary_school,CHAIKURU PRIMARY SCHOOL,,,,,,mbeu,,120540270094,2
poll_station,thanantu_primary_school,THANANTU PRIMARY SCHOOL,,,,,,mbeu,,120540270095,2
poll_station,kaamu_primary_school,KAAMU PRIMARY SCHOOL,,,,,,mbeu,,120540270096,2
poll_station,mukindu_primary_school,MUKINDU PRIMARY SCHOOL,,,,,,mbeu,,120540270097,1
poll_station,kamuthanga_pry_school,KAMUTHANGA PRY SCHOOL,,,,,,mbeu,,120540270098,1
poll_station,aipca_church_machegene,AIPCA CHURCH MACHEGENE,,,,,,mbeu,,120540270099,1
poll_station,bright_future_academy,BRIGHT FUTURE ACADEMY,,,,,,mbeu,,120540270100,1
poll_station,st_johns_kagaene_catholic_churc,ST JOHNS KAGAENE CATHOLIC CHURC,,,,,,mbeu,,120540270101,1
poll_station,ankamia_primary_school,ANKAMIA PRIMARY SCHOOL,,,,,,thangatha,,120550271001,2
poll_station,antuathenge_primary_school,ANTUATHENGE PRIMARY SCHOOL,,,,,,thangatha,,120550271002,2
poll_station,kamunjine_primary_school,KAMUNJINE PRIMARY SCHOOL,,,,,,thangatha,,120550271003,1
poll_station,kaathi_primary_school,KAATHI PRIMARY SCHOOL,,,,,,thangatha,,120550271004,2
poll_station,amugaa_primary_school,AMUGAA PRIMARY SCHOOL,,,,,,thangatha,,120550271005,3
poll_station,irindiro_primary_school,IRINDIRO PRIMARY SCHOOL,,,,,,thangatha,,120550271006,2
poll_station,kaluli_primary_school,KALULI PRIMARY SCHOOL,,,,,,thangatha,,120550271007,3
poll_station,rarimbu_primary_school,RARIMBU PRIMARY SCHOOL,,,,,,thangatha,,120550271008,3
poll_station,karurune_primary_school,KARURUNE PRIMARY SCHOOL,,,,,,thangatha,,120550271052,2
poll_station,miurine_primary_school,MIURINE PRIMARY SCHOOL,,,,,,thangatha,,120550271010,2
poll_station,kirumone_evangelism_church,KIRUMONE EVANGELISM CHURCH,,,,,,thangatha,,120550271011,1
poll_station,ikana_primary_school,IKANA PRIMARY SCHOOL,,,,,,thangatha,,120550271012,1
poll_station,katithine_primary_school,KATITHINE PRIMARY SCHOOL,,,,,,thangatha,,120550271013,1
poll_station,ngongoaka_primary_school,NGONGOAKA PRIMARY SCHOOL,,,,,,thangatha,,120550271014,2
poll_station,mukunga_primary,MUKUNGA PRIMARY,,,,,,thangatha,,120550271015,1
poll_station,thai_disciples_christ_church,THAI DISCIPLES CHRIST CHURCH,,,,,,thangatha,,120550271016,1
poll_station,rurii_primary_school,RURII PRIMARY SCHOOL,,,,,,thangatha,,120550271017,2
poll_station,ngage_secondary_school,NGAGE SECONDARY SCHOOL,,,,,,thangatha,,120550271018,1
poll_station,kalantina_primary_school,KALANTINA PRIMARY SCHOOL,,,,,,thangatha,,120550271019,1
poll_station,thathi_primary_school,THATHI PRIMARY SCHOOL,,,,,,thangatha,,120550271020,2
poll_station,ngutu_primary_school,NGUTU PRIMARY SCHOOL,,,,,,thangatha,,120550271021,2
poll_station,kiguma_primary_school,KIGUMA PRIMARY SCHOOL,,,,,,thangatha,,120550271022,2
poll_station,lwanjilu_primary_school,LWANJILU PRIMARY SCHOOL,,,,,,thangatha,,120550271023,1
poll_station,antuarimata_primary_school,ANTUARIMATA PRIMARY SCHOOL,,,,,,thangatha,,120550271024,1
poll_station,kathanene_primary_school,KATHANENE PRIMARY SCHOOL,,,,,,thangatha,,120550271025,1
poll_station,kiarao_primary_school,KIARAO PRIMARY SCHOOL,,,,,,thangatha,,120550271026,2
poll_station,gakiama_primary_school,GAKIAMA PRIMARY SCHOOL,,,,,,thangatha,,120550271027,1
poll_station,umoja_primary_school,UMOJA PRIMARY SCHOOL,,,,,,thangatha,,120550271007,3
poll_station,mikinduri_primary_school,MIKINDURI PRIMARY SCHOOL,,,,,,mikinduri,,120550272029,5
poll_station,kiriene_primary_school,KIRIENE PRIMARY SCHOOL,,,,,,mikinduri,,120550272030,2
poll_station,ruuju_primary_school,RUUJU PRIMARY SCHOOL,,,,,,mikinduri,,120550272031,2
poll_station,ststephen_catholic_church,ST.STEPHEN CATHOLIC CHURCH,,,,,,mikinduri,,120550272032,1
poll_station,kiamikuu_primary_school,KIAMIKUU PRIMARY SCHOOL,,,,,,mikinduri,,120550272033,1
poll_station,marega_primary_school,MAREGA PRIMARY SCHOOL,,,,,,mikinduri,,120550272034,2
poll_station,kiguru_primary_school,KIGURU PRIMARY SCHOOL,,,,,,mikinduri,,120550272107,2
poll_station,kang_ethia_women_hall,KANG ETHIA WOMEN HALL,,,,,,mikinduri,,120550272036,1
poll_station,thuuri_primary_school,THUURI PRIMARY SCHOOL,,,,,,mikinduri,,120550272037,2
poll_station,mukono_primary_school,MUKONO PRIMARY SCHOOL,,,,,,mikinduri,,120550272038,4
poll_station,athwana_primary_school,ATHWANA PRIMARY SCHOOL,,,,,,mikinduri,,120550272039,2
poll_station,mutewa_primary_school,MUTEWA PRIMARY SCHOOL,,,,,,mikinduri,,120550272040,1
poll_station,mikinduri_coffee_factory,MIKINDURI COFFEE FACTORY,,,,,,mikinduri,,120550272041,2
poll_station,kabuline_primary_school,KABULINE PRIMARY SCHOOL,,,,,,mikinduri,,120550272042,1
poll_station,kk_muthangene_primary_school,K.K. MUTHANGENE PRIMARY SCHOOL,,,,,,mikinduri,,120550272043,1
poll_station,nthangathi_primary_school,NTHANGATHI PRIMARY SCHOOL,,,,,,mikinduri,,120550272044,2
poll_station,athwana_cattle_dip,ATHWANA CATTLE DIP.,,,,,,mikinduri,,120550272045,3
poll_station,akaiga_primary_school,AKAIGA PRIMARY SCHOOL,,,,,,mikinduri,,120550272046,2
poll_station,mukorone_primary_school,MUKORONE PRIMARY SCHOOL,,,,,,mikinduri,,120550272047,1
poll_station,kabeti_primary_schol,KABETI PRIMARY SCHOL,,,,,,mikinduri,,120550272048,1
poll_station,"ruongo_rwa_buuri_chief""""s_camp","RUONGO RWA BUURI CHIEF""""S CAMP",,,,,,mikinduri,,120550272049,1
poll_station,kithuraku_primary_school,KITHURAKU PRIMARY SCHOOL,,,,,,mikinduri,,120550272050,1
poll_station,kinoe_primary_school,KINOE PRIMARY SCHOOL,,,,,,mikinduri,,120550272051,1
poll_station,kailune_primary_school,KAILUNE PRIMARY SCHOOL,,,,,,kiguchwa,,120550273052,1
poll_station,michimikuru_primary_school,MICHIMIKURU PRIMARY SCHOOL,,,,,,kiguchwa,,120550273053,2
poll_station,ametho_primary_school,AMETHO PRIMARY SCHOOL,,,,,,kiguchwa,,120550273054,2
poll_station,irindiro_full_gospel_church,IRINDIRO FULL GOSPEL CHURCH,,,,,,kiguchwa,,120550273055,1
poll_station,kaliene_primary_school,KALIENE PRIMARY SCHOOL,,,,,,kiguchwa,,120550273056,4
poll_station,kkmwethe_primary_school,K.K.MWETHE PRIMARY SCHOOL,,,,,,kiguchwa,,120550273057,2
poll_station,stbenedicts_primary_school,ST.BENEDICT'S PRIMARY SCHOOL,,,,,,kiguchwa,,120550273058,2
poll_station,kailune_tea_buying_centre,KAILUNE TEA BUYING CENTRE,,,,,,kiguchwa,,120550273059,1
poll_station,ngombe_njiru_primary_school,NGO'MBE NJIRU PRIMARY SCHOOL,,,,,,kiguchwa,,120550273060,1
poll_station,kiguchwa_primary_school,KIGUCHWA PRIMARY SCHOOL,,,,,,kiguchwa,,120550273061,2
poll_station,kirimancuma_primary_school,KIRIMANCUMA PRIMARY SCHOOL,,,,,,kiguchwa,,120550273062,1
poll_station,thangatha_tea_buying_centre,THANGATHA TEA BUYING CENTRE,,,,,,kiguchwa,,120550273063,2
poll_station,akairu_primary_school,AKAIRU PRIMARY SCHOOL,,,,,,kiguchwa,,120550273064,2
poll_station,turingwi_open_ground,TURINGWI OPEN GROUND,,,,,,muthara,,120550274065,1
poll_station,matabithi_primary_school,MATABITHI PRIMARY SCHOOL,,,,,,muthara,,120550274066,1
poll_station,mweromalia_primary_school,MWEROMALIA PRIMARY SCHOOL,,,,,,muthara,,120550274067,1
poll_station,kisima_primary_school,KISIMA PRIMARY SCHOOL,,,,,,muthara,,120550274068,1
poll_station,ntulili_primary_school,NTULILI PRIMARY SCHOOL,,,,,,muthara,,120550274069,1
poll_station,kiremu_primary_school,KIREMU PRIMARY SCHOOL,,,,,,muthara,,120550274070,1
poll_station,lailuba_primary_school,LAILUBA PRIMARY SCHOOL,,,,,,muthara,,120550274071,2
poll_station,mweromuthanga_primary_school,MWEROMUTHANGA PRIMARY SCHOOL,,,,,,muthara,,120550274072,1
poll_station,luuma_primary_school,LUUMA PRIMARY SCHOOL,,,,,,muthara,,120550274073,1
poll_station,muthara_open_market,MUTHARA OPEN MARKET,,,,,,muthara,,120550274074,2
poll_station,mabuurwa_primary_school,MABUURWA PRIMARY SCHOOL,,,,,,muthara,,120550274075,2
poll_station,lanyiruu_primary_school,LANYIRUU PRIMARY SCHOOL,,,,,,muthara,,120550274076,1
poll_station,rumanthi_primary_school,RUMANTHI PRIMARY SCHOOL,,,,,,muthara,,120550274077,1
poll_station,lubuathirua_primary_school,LUBUATHIRUA PRIMARY SCHOOL,,,,,,muthara,,120550274078,3
poll_station,kinangaru_primary_school,KINANG'ARU PRIMARY SCHOOL,,,,,,muthara,,120550274079,1
poll_station,muthara_primary_school,MUTHARA PRIMARY SCHOOL,,,,,,muthara,,120550274080,2
poll_station,athambu_primary_school,ATHAMBU PRIMARY SCHOOL,,,,,,muthara,,120550274081,1
poll_station,nguthiru_primary_school,NGUTHIRU PRIMARY SCHOOL,,,,,,muthara,,120550274082,3
poll_station,kk_thaita_tea_buying_centre,K.K. THAITA TEA BUYING CENTRE,,,,,,muthara,,120550274083,1
poll_station,antuanuu_primary_school,ANTUANUU PRIMARY SCHOOL,,,,,,muthara,,120550274084,3
poll_station,ncuui_primary_school,NCUUI PRIMARY SCHOOL,,,,,,muthara,,120550274085,2
poll_station,nduluma_primary_school,NDULUMA PRIMARY SCHOOL,,,,,,muthara,,120550274086,2
poll_station,charuru_primary_school,CHARURU PRIMARY SCHOOL,,,,,,muthara,,120550274087,1
poll_station,thuuria_primary_school,THUURIA PRIMARY SCHOOL,,,,,,muthara,,120550274088,2
poll_station,ntamichu_primary_school,NTAMICHU PRIMARY SCHOOL,,,,,,muthara,,120550274089,2
poll_station,gambela_primary_school,GAMBELA PRIMARY SCHOOL,,,,,,muthara,,120550274028,1
poll_station,kaongo_primary_school,KAONGO PRIMARY SCHOOL,,,,,,muthara,,120550274091,1
poll_station,kailutha_primary_school,KAILUTHA PRIMARY SCHOOL,,,,,,muthara,,120550274092,1
poll_station,kibore_tea_buying_centre,KIBORE TEA BUYING CENTRE,,,,,,muthara,,120550274093,1
poll_station,lii_primary_school,LII PRIMARY SCHOOL,,,,,,muthara,,120550274094,1
poll_station,mwerokieni_primary_school,MWEROKIENI PRIMARY SCHOOL,,,,,,karama,,120550275095,2
poll_station,kiithe_primary_school,KIITHE PRIMARY SCHOOL,,,,,,karama,,120550275096,2
poll_station,mbaranga_primary_school,MBARANGA PRIMARY SCHOOL,,,,,,karama,,120550275097,1
poll_station,laibocha_primary_school,LAIBOCHA PRIMARY SCHOOL,,,,,,karama,,120550275098,1
poll_station,muthara_polytechnic,MUTHARA POLYTECHNIC,,,,,,karama,,120550275099,1
poll_station,ntirutu_primary_school,NTIRUTU PRIMARY SCHOOL,,,,,,karama,,120550275100,2
poll_station,mitunguune_primary_school,MITUNGUUNE PRIMARY SCHOOL,,,,,,karama,,120550275101,3
poll_station,kirima_primary_school,KIRIMA PRIMARY SCHOOL,,,,,,karama,,120550275102,2
poll_station,antuanduru_primary_school,ANTUANDURU PRIMARY SCHOOL,,,,,,karama,,120550275103,3
poll_station,mukuiru_primary_school,MUKUIRU PRIMARY SCHOOL,,,,,,karama,,120550275104,1
poll_station,kinjo_tea_buying_centre,KINJO TEA BUYING CENTRE,,,,,,karama,,120550275105,1
poll_station,angili_primary_school,ANGILI PRIMARY SCHOOL,,,,,,karama,,120550275106,2
poll_station,luthie_primary_school,LUTHIE PRIMARY SCHOOL,,,,,,karama,,120550275107,1
poll_station,kandunyuringa_open_ground,KANDUNYURINGA OPEN GROUND,,,,,,karama,,120550275108,1
poll_station,mula_primary_school,MULA PRIMARY SCHOOL,,,,,,karama,,120550275109,1
poll_station,mutunduru_primary_school,MUTUNDURU PRIMARY SCHOOL,,,,,,karama,,120550275110,1
poll_station,mukuani_primary_school,MUKUANI PRIMARY SCHOOL,,,,,,karama,,120550275111,1
poll_station,ndubua_naincu_nursery,NDUBUA NAINCU NURSERY,,,,,,karama,,120550275112,1
poll_station,linguri_primary_school,LING'URI PRIMARY SCHOOL,,,,,,karama,,120550275113,1
poll_station,miuine_primary_school,MIUINE PRIMARY SCHOOL,,,,,,karama,,120550275010,2
poll_station,forest_camp,FOREST CAMP,,,,,,municipality,,120560276001,1
poll_station,kinoru_primary_school,KINORU PRIMARY SCHOOL,,,,,,municipality,,120560276002,4
poll_station,milimani_mobile,MILIMANI MOBILE,,,,,,municipality,,120560276003,2
poll_station,mwendantu_grounds,MWENDANTU GROUNDS,,,,,,municipality,,120560276004,1
poll_station,deb_township_primary_school,D.E.B TOWNSHIP PRIMARY SCHOOL,,,,,,municipality,,120560276005,1
poll_station,gitoro_primary_school,GITORO PRIMARY SCHOOL,,,,,,municipality,,120560276006,2
poll_station,meru_primary_school,MERU PRIMARY SCHOOL,,,,,,municipality,,120560276007,3
poll_station,ccm_primary_school,CCM PRIMARY SCHOOL,,,,,,municipality,,120560276008,1
poll_station,muslim_primary_school,MUSLIM PRIMARY SCHOOL,,,,,,municipality,,120560276073,1
poll_station,mosque_road_hall_mkt,MOSQUE ROAD HALL (MKT),,,,,,municipality,,120560276010,3
poll_station,library_grounds,LIBRARY GROUNDS,,,,,,municipality,,120560276011,1
poll_station,nteere_park,NTEERE PARK,,,,,,municipality,,120560276012,1
poll_station,pig_whistle_grounds,PIG & WHISTLE GROUNDS,,,,,,municipality,,120560276013,2
poll_station,njuri_ncheke_street,NJURI NCHEKE STREET,,,,,,municipality,,120560276014,5
poll_station,mow_yard,M.O.W YARD,,,,,,municipality,,120560276015,2
poll_station,kongoacheke_coffee_factory,KONGOACHEKE COFFEE FACTORY,,,,,,municipality,,120560276016,2
poll_station,ntima_kinani_housing_grounds,NTIMA KINANI HOUSING GROUNDS,,,,,,municipality,,120560276017,3
poll_station,makutano_market,MAKUTANO MARKET,,,,,,municipality,,120560276018,5
poll_station,kirukuri_street,KIRUKURI STREET,,,,,,municipality,,120560276019,1
poll_station,kaaga_coffee_factory,KAAGA COFFEE FACTORY,,,,,,municipality,,120560276020,1
poll_station,miriga_mieru_society_offices,MIRIGA MIERU SOCIETY OFFICES,,,,,,ntima_east,,120560277021,2
poll_station,good_shepherd_primary_school,GOOD SHEPHERD PRIMARY SCHOOL,,,,,,ntima_east,,120560277022,2
poll_station,njuki_njiru_primary_school,NJUKI NJIRU PRIMARY SCHOOL,,,,,,ntima_east,,120560277023,2
poll_station,kathurine_coffee_factory,KATHURINE COFFEE FACTORY,,,,,,ntima_east,,120560277024,1
poll_station,muringo_mbugi_primary_school,MURINGO MBUGI PRIMARY SCHOOL,,,,,,ntima_east,,120560277025,1
poll_station,gachanka_primary_school,GACHANKA PRIMARY SCHOOL,,,,,,ntima_east,,120560277026,2
poll_station,kathurine_market,KATHURINE MARKET,,,,,,ntima_east,,120560277027,1
poll_station,mwirine_primary_school,MWIRINE PRIMARY SCHOOL,,,,,,ntima_east,,120560277028,1
poll_station,gakoromone_open_air_market,GAKOROMONE OPEN AIR MARKET,,,,,,ntima_east,,120560277029,4
poll_station,mwiteria_primary_school,MWITERIA PRIMARY SCHOOL,,,,,,ntima_east,,120560277030,2
poll_station,gitimbine_market,GITIMBINE MARKET,,,,,,ntima_east,,120560277031,4
poll_station,meru_main_bus_park,MERU MAIN BUS PARK,,,,,,ntima_east,,120560277032,4
poll_station,mck_gakoromone,MCK GAKOROMONE,,,,,,ntima_east,,120560277033,2
poll_station,mpuri_primary_school,MPURI PRIMARY SCHOOL,,,,,,ntima_west,,120560278034,3
poll_station,kiamiriru_primary_school,KIAMIRIRU PRIMARY SCHOOL,,,,,,ntima_west,,120560278035,2
poll_station,nthimbiri_primary_school,NTHIMBIRI PRIMARY SCHOOL,,,,,,ntima_west,,120560278036,3
poll_station,kainginyo_primary_school,KAING'INYO PRIMARY SCHOOL,,,,,,ntima_west,,120560278037,1
poll_station,ngonyi_primary_school,NG'ONYI PRIMARY SCHOOL,,,,,,ntima_west,,120560278038,2
poll_station,mwira_mwanki_primary_school,MWIRA MWANKI PRIMARY SCHOOL,,,,,,ntima_west,,120560278039,1
poll_station,irinda_primary_school,IRINDA PRIMARY SCHOOL,,,,,,ntima_west,,120560278040,3
poll_station,gikumene_primary_school,GIKUMENE PRIMARY SCHOOL,,,,,,ntima_west,,120560278041,4
poll_station,giantune_primary_school,GIANTUNE PRIMARY SCHOOL,,,,,,ntima_west,,120560278042,2
poll_station,gitebe_market,GITEBE MARKET,,,,,,ntima_west,,120560278043,2
poll_station,nchaure_primary_school,NCHAURE PRIMARY SCHOOL,,,,,,ntima_west,,120560278044,1
poll_station,kiraria_primary_school,KIRARIA PRIMARY SCHOOL,,,,,,ntima_west,,120560278045,2
poll_station,gachiege_coffee_factory,GACHIEGE COFFEE FACTORY,,,,,,ntima_west,,120560278046,2
poll_station,kianjuri_farmers_society,KIANJURI FARMERS SOCIETY,,,,,,ntima_west,,120560278047,2
poll_station,gaukene_market,GAUKENE MARKET,,,,,,ntima_west,,120560278048,2
poll_station,national_cereals_and_produce_of,NATIONAL CEREALS AND PRODUCE OF,,,,,,ntima_west,,120560278049,4
poll_station,kathurine_primary_school,KATHURINE PRIMARY SCHOOL,,,,,,ntima_west,,120560278050,1
poll_station,mwithumwiru_primary_school,MWITHUMWIRU PRIMARY SCHOOL,,,,,,nyaki_west,,120560279051,2
poll_station,murathankari_primary_school,MURATHANKARI PRIMARY SCHOOL,,,,,,nyaki_west,,120560279052,3
poll_station,gichunge_primary_school,GICHUNGE PRIMARY SCHOOL,,,,,,nyaki_west,,120560279053,2
poll_station,ngiine_primary_school,NGIINE PRIMARY SCHOOL,,,,,,nyaki_west,,120560279054,2
poll_station,kaithe_market,KAITHE MARKET,,,,,,nyaki_west,,120560279055,2
poll_station,kaaga_boys_high_school,KAAGA BOYS HIGH SCHOOL,,,,,,nyaki_west,,120560279056,2
poll_station,kaaga_primary_school,KAAGA PRIMARY SCHOOL,,,,,,nyaki_west,,120560279057,3
poll_station,chabuene_mobile,CHABUENE MOBILE,,,,,,nyaki_west,,120560279058,2
poll_station,runogone_cattle_dip,RUNOGONE CATTLE DIP,,,,,,nyaki_west,,120560279059,2
poll_station,kirwiro_market,KIRWIRO MARKET,,,,,,nyaki_west,,120560279060,1
poll_station,kauthene_market,KAUTHENE MARKET,,,,,,nyaki_west,,120560279061,1
poll_station,munithu_coffee_factory,MUNITHU COFFEE FACTORY,,,,,,nyaki_west,,120560279062,1
poll_station,kienderu_market,KIENDERU MARKET,,,,,,nyaki_west,,120560279063,1
poll_station,karingene_nursery_school,KARINGENE NURSERY SCHOOL,,,,,,nyaki_west,,120560279064,1
poll_station,munithu_primary_school,MUNITHU PRIMARY SCHOOL,,,,,,nyaki_west,,120560279065,1
poll_station,kambiti_primary_school,KAMBITI PRIMARY SCHOOL,,,,,,nyaki_west,,120560279066,2
poll_station,kathithi_primary_school,KATHITHI PRIMARY SCHOOL,,,,,,nyaki_west,,120560279067,2
poll_station,runogone_primary_school,RUNOGONE PRIMARY SCHOOL,,,,,,nyaki_west,,120560279068,2
poll_station,kithoka_primary_school,KITHOKA PRIMARY SCHOOL,,,,,,nyaki_west,,120560279069,2
poll_station,chugu_primary_school,CHUGU PRIMARY SCHOOL,,,,,,nyaki_west,,120560279070,2
poll_station,karima_ga_ntuiko_primary_school,KARIMA GA NTUIKO PRIMARY SCHOOL,,,,,,nyaki_west,,120560279071,1
poll_station,gakurine_market,GAKURINE MARKET,,,,,,nyaki_west,,120560279072,2
poll_station,kiruai_coffee_factory,KIRUAI COFFEE FACTORY,,,,,,nyaki_west,,120560279073,1
poll_station,kibachia_grounds,KIBACHIA GROUNDS,,,,,,nyaki_west,,120560279074,1
poll_station,nkabune_primary_school,NKABUNE PRIMARY SCHOOL,,,,,,nyaki_east,,120560280075,2
poll_station,mukongorone_primary_school,MUKONGORONE PRIMARY SCHOOL,,,,,,nyaki_east,,120560280076,2
poll_station,rwanyange_primary_school,RWANYANGE PRIMARY SCHOOL,,,,,,nyaki_east,,120560280077,2
poll_station,thuura_high_school,THUURA HIGH SCHOOL,,,,,,nyaki_east,,120560280078,2
poll_station,giaki_primary_school,GIAKI PRIMARY SCHOOL,,,,,,nyaki_east,,120560280079,2
poll_station,ruriine_primary_school,RURIINE PRIMARY SCHOOL,,,,,,nyaki_east,,120560280080,2
poll_station,karirwara_primary_school,KARIRWARA PRIMARY SCHOOL,,,,,,nyaki_east,,120560280081,1
poll_station,mbeu_primary_school,MBEU PRIMARY SCHOOL,,,,,,nyaki_east,,120560280082,1
poll_station,mbirikene_primary_school,MBIRIKENE PRIMARY SCHOOL,,,,,,nyaki_east,,120560280083,1
poll_station,ciothirai_primary_school,CIOTHIRAI PRIMARY SCHOOL,,,,,,nyaki_east,,120560280084,2
poll_station,gachua_primary_school,GACHUA PRIMARY SCHOOL,,,,,,nyaki_east,,120560280085,2
poll_station,mbuuta_primary_school,MBUUTA PRIMARY SCHOOL,,,,,,nyaki_east,,120560280086,1
poll_station,ndiine_primary_school,NDIINE PRIMARY SCHOOL,,,,,,nyaki_east,,120560280087,1
poll_station,ndekero_cattle_dip,NDEKERO CATTLE DIP,,,,,,nyaki_east,,120560280088,1
poll_station,thuura_primary_school,THUURA PRIMARY SCHOOL,,,,,,nyaki_east,,120560280089,1
poll_station,ndurumo_milk_collection_centre,NDURUMO MILK COLLECTION CENTRE,,,,,,nyaki_east,,120560280090,1
poll_station,kathirune_primary_school,KATHIRUNE PRIMARY SCHOOL,,,,,,nyaki_east,,120560280091,1
poll_station,nkugwe_coffee_factory,NKUGWE COFFEE FACTORY,,,,,,nyaki_east,,120560280092,1
poll_station,ciothirai_market,CIOTHIRAI MARKET,,,,,,nyaki_east,,120560280093,1
poll_station,kiburine_cdc_centre,KIBURINE CDC CENTRE,,,,,,nyaki_east,,120560280094,1
poll_station,thimangiri_market,THIMANGIRI MARKET,,,,,,nyaki_east,,120560280095,2
poll_station,kirimaitune_primary_school,KIRIMAITUNE PRIMARY SCHOOL,,,,,,nyaki_east,,120560280096,1
poll_station,nthamiiri_primary_school,NTHAMIIRI PRIMARY SCHOOL,,,,,,nyaki_east,,120560280097,1
poll_station,mck_st_peters_mukindu,MCK ST PETERS MUKINDU,,,,,,nyaki_east,,120560280098,1
poll_station,ntani_primary_school,NTANI PRIMARY SCHOOL,,,,,,nyaki_east,,120560280099,1
poll_station,munandene_market,MUNANDENE MARKET,,,,,,nyaki_east,,120560280100,1
poll_station,mck_kuuru_church,M.C.K KUURU CHURCH,,,,,,nyaki_east,,120560280101,1
poll_station,eapc_mukundu_church,E.A.P.C MUKUNDU CHURCH,,,,,,nyaki_east,,120560280102,1
poll_station,ontulili_ccm_primary_school,ONTULILI CCM PRIMARY SCHOOL,,,,,,timau,,120570281001,2
poll_station,ccm_angaine_primary_school,CCM ANGAINE PRIMARY SCHOOL,,,,,,timau,,120570281002,1
poll_station,kangaita_primary_school,KANGAITA PRIMARY SCHOOL,,,,,,timau,,120570281003,3
poll_station,kiranga_primary_school,KIRANGA PRIMARY SCHOOL,,,,,,timau,,120570281004,2
poll_station,ndemu_primary_school,NDEMU PRIMARY SCHOOL,,,,,,timau,,120570281005,2
poll_station,kithithina_primary_school,KITHITHINA PRIMARY SCHOOL,,,,,,timau,,120570281006,2
poll_station,muteithia_primary_school,MUTEITHIA PRIMARY SCHOOL,,,,,,timau,,120570281007,2
poll_station,timau_primary_school,TIMAU PRIMARY SCHOOL,,,,,,timau,,120570281008,4
poll_station,kiambogo_primary_school,KIAMBOGO PRIMARY SCHOOL,,,,,,timau,,120570281009,2
poll_station,nkiria_primary_school,NKIRIA PRIMARY SCHOOL,,,,,,timau,,120570281010,2
poll_station,sirimon_centre,SIRIMON CENTRE,,,,,,timau,,120570281011,3
poll_station,nkando_primary_school_ontulili,NKANDO PRIMARY SCHOOL (ONTULILI,,,,,,timau,,120570281012,2
poll_station,kongune_nursery_school,KONGUNE NURSERY SCHOOL,,,,,,timau,,120570281013,1
poll_station,pyrethrum_house,PYRETHRUM HOUSE,,,,,,timau,,120570281014,1
poll_station,timau_district_hospital,TIMAU DISTRICT HOSPITAL,,,,,,timau,,120570281015,3
poll_station,kairiri_nursery_school,KAIRIRI NURSERY SCHOOL,,,,,,timau,,120570281016,1
poll_station,kirimara_primary_school,KIRIMARA PRIMARY SCHOOL,,,,,,timau,,120570281017,2
poll_station,mck_kirimba_academy,MCK KIRIMBA ACADEMY,,,,,,timau,,120570281018,2
poll_station,mck_mwana_mutethua_cdc_centr,MCK MWANA MUTETHUA CDC CENTR,,,,,,timau,,120570281019,2
poll_station,mutethia_cattle_dip,MUTETHIA CATTLE DIP,,,,,,timau,,120570281020,2
poll_station,timau_day_secondary_school,TIMAU DAY SECONDARY SCHOOL,,,,,,timau,,120570281021,1
poll_station,maritati_primary_school,MARITATI PRIMARY SCHOOL,,,,,,kisima,,120570282022,3
poll_station,madaraka_primary_school,MADARAKA PRIMARY SCHOOL,,,,,,kisima,,120570282023,3
poll_station,ngusishi_primary_school,NGUSISHI PRIMARY SCHOOL,,,,,,kisima,,120570282024,2
poll_station,ccm_gundua_primary_school,CCM GUNDUA PRIMARY SCHOOL,,,,,,kisima,,120570282025,3
poll_station,mbuju_primary_school,MBUJU PRIMARY SCHOOL,,,,,,kisima,,120570282026,2
poll_station,ntirimiti_primary_school,NTIRIMITI PRIMARY SCHOOL,,,,,,kisima,,120570282027,2
poll_station,kamiti_primary_school,KAMITI PRIMARY SCHOOL,,,,,,kisima,,120570282028,1
poll_station,mutunyi_primary_school,MUTUNYI PRIMARY SCHOOL,,,,,,kisima,,120570282029,2
poll_station,lewa_downs_primary_school,LEWA DOWNS PRIMARY SCHOOL,,,,,,kisima,,120570282030,1
poll_station,kanyunga_primary_school,KANYUNGA PRIMARY SCHOOL,,,,,,kisima,,120570282031,2
poll_station,ndurumuru_primary_school,NDURUMURU PRIMARY SCHOOL,,,,,,kisima,,120570282032,1
poll_station,murangine_primary_school,MURANGINE PRIMARY SCHOOL,,,,,,kisima,,120570282033,1
poll_station,aipca_subuiga_primary_school,AIPCA SUBUIGA PRIMARY SCHOOL,,,,,,kisima,,120570282034,2
poll_station,sacred_heart_education_center,SACRED HEART EDUCATION CENTER,,,,,,kisima,,120570282035,3
poll_station,victor_cress,VICTOR CRESS,,,,,,kisima,,120570282036,1
poll_station,tima_farm,TIMA FARM,,,,,,kisima,,120570282037,1
poll_station,siraj_farm,SIRAJ FARM,,,,,,kisima,,120570282038,1
poll_station,kisima_farm,KISIMA FARM,,,,,,kisima,,120570282039,1
poll_station,uhuru_farm,UHURU FARM,,,,,,kisima,,120570282040,1
poll_station,karimba_primary_school,KARIMBA PRIMARY SCHOOL,,,,,,kisima,,120570282041,1
poll_station,kisima_sec_school,KISIMA SEC. SCHOOL,,,,,,kisima,,120570282042,1
poll_station,ethi_polytechnic,ETHI POLYTECHNIC,,,,,,kisima,,120570282043,1
poll_station,mukuri_fgck,MUKURI FGCK,,,,,,kisima,,120570282044,1
poll_station,deb_kianda_primary_school,DEB KIANDA PRIMARY SCHOOL,,,,,,kisima,,120570282045,1
poll_station,mck_mugumone_primary_school,MCK MUGUMONE PRIMARY SCHOOL,,,,,,kisima,,120570282046,1
poll_station,dunia_ecde,DUNIA E.C.D.E,,,,,,kisima,,120570282047,1
poll_station,mienjera_aipca,MIENJERA AIPCA,,,,,,kisima,,120570282048,1
poll_station,kinyenjere_primary_school,KINYENJERE PRIMARY SCHOOL,,,,,,kiirua_naari,,120570283049,2
poll_station,nkando_primary_school,NKANDO PRIMARY SCHOOL,,,,,,kiirua_naari,,120570283050,1
poll_station,maili_saba_market,MAILI SABA MARKET,,,,,,kiirua_naari,,120570283051,3
poll_station,kiirua_primary_school,KIIRUA PRIMARY SCHOOL,,,,,,kiirua_naari,,120570283052,3
poll_station,marinyaruibi_primary_school,MARINYARUIBI PRIMARY SCHOOL,,,,,,kiirua_naari,,120570283053,1
poll_station,kieni_kia_ndege_primary_school,KIENI KIA NDEGE PRIMARY SCHOOL,,,,,,kiirua_naari,,120570283054,1
poll_station,michogomone_primary_school,MICHOGOMONE PRIMARY SCHOOL,,,,,,kiirua_naari,,120570283055,2
poll_station,michaka_primary_school,MICHAKA PRIMARY SCHOOL,,,,,,kiirua_naari,,120570283056,2
poll_station,thege_primary_school,THEGE PRIMARY SCHOOL,,,,,,kiirua_naari,,120570283057,1
poll_station,kironya_primary_school,KIRONYA PRIMARY SCHOOL,,,,,,kiirua_naari,,120570283058,1
poll_station,kiirua_technical_trainnig_institut,KIIRUA TECHNICAL TRAINNIG INSTITUT,,,,,,kiirua_naari,,120570283059,1
poll_station,runkuru_primary_school,RUNKURU PRIMARY SCHOOL,,,,,,kiirua_naari,,120570283060,2
poll_station,mitoone_primary_school,MITOONE PRIMARY SCHOOL,,,,,,kiirua_naari,,120570283061,2
poll_station,miugune_primary_school,MIUGUNE PRIMARY SCHOOL,,,,,,kiirua_naari,,120570283062,2
poll_station,munanda_primary_school,MUNANDA PRIMARY SCHOOL,,,,,,kiirua_naari,,120570283063,1
poll_station,muutionthunguri_primary_scho,MUUTI-O-NTHUNGURI PRIMARY SCHO,,,,,,kiirua_naari,,120570283064,1
poll_station,kamuketha_primary_school,KAMUKETHA PRIMARY SCHOOL,,,,,,kiirua_naari,,120570283065,1
poll_station,rugetene_primary_school,RUGETENE PRIMARY SCHOOL,,,,,,kiirua_naari,,120570283066,1
poll_station,ndunyu_barikui_primary_school,NDUNYU BARIKUI PRIMARY SCHOOL,,,,,,kiirua_naari,,120570283067,1
poll_station,nkunga_primary_school,NKUNGA PRIMARY SCHOOL,,,,,,kiirua_naari,,120570283068,1
poll_station,muruguma_primary_school,MURUGUMA PRIMARY SCHOOL,,,,,,kiirua_naari,,120570283069,1
poll_station,kauru_nkuriga_primary_school,KAURU NKURIGA PRIMARY SCHOOL,,,,,,kiirua_naari,,120570283070,1
poll_station,kiringo_primary_school,KIRINGO PRIMARY SCHOOL,,,,,,kiirua_naari,,120570283071,1
poll_station,mujujune_primary_school,MUJUJUNE PRIMARY SCHOOL,,,,,,kiirua_naari,,120570283072,1
poll_station,tutua_primary_school,TUTUA PRIMARY SCHOOL,,,,,,ruiri_rwarera,,120570284073,2
poll_station,rwarera_primary_school,RWARERA PRIMARY SCHOOL,,,,,,ruiri_rwarera,,120570284074,1
poll_station,kairune_primary_school,KAIRUNE PRIMARY SCHOOL,,,,,,ruiri_rwarera,,120570284075,1
poll_station,njuruta_primary_school,NJURUTA PRIMARY SCHOOL,,,,,,ruiri_rwarera,,120570284076,1
poll_station,mugae_primary_school,MUGAE PRIMARY SCHOOL,,,,,,ruiri_rwarera,,120570284077,1
poll_station,nchoroiboro_primary_school,NCHOROIBORO PRIMARY SCHOOL,,,,,,ruiri_rwarera,,120570284078,2
poll_station,mutuuma_primary_school,MUTUUMA PRIMARY SCHOOL,,,,,,ruiri_rwarera,,120570284079,1
poll_station,matuuru_primary_school,MATUURU PRIMARY SCHOOL,,,,,,ruiri_rwarera,,120570284080,1
poll_station,ribui_primary_school,RIBUI PRIMARY SCHOOL,,,,,,ruiri_rwarera,,120570284081,1
poll_station,kanthungu_primary_school,KANTHUNGU PRIMARY SCHOOL,,,,,,ruiri_rwarera,,120570284082,1
poll_station,kithwene_primary_school,KITHWENE PRIMARY SCHOOL,,,,,,ruiri_rwarera,,120570284083,1
poll_station,ndunyuruma_primary_school,NDUNYURUMA PRIMARY SCHOOL,,,,,,ruiri_rwarera,,120570284084,1
poll_station,njotene_primary_school,NJOTENE PRIMARY SCHOOL,,,,,,ruiri_rwarera,,120570284085,1
poll_station,ruiri_coffee_factory,RUIRI COFFEE FACTORY,,,,,,ruiri_rwarera,,120570284086,3
poll_station,ruiri_primary_schoool,RUIRI PRIMARY SCHOOOL,,,,,,ruiri_rwarera,,120570284087,2
poll_station,nchoroiboro_market,NCHOROIBORO MARKET,,,,,,ruiri_rwarera,,120570284088,2
poll_station,kaithe_primary_school,KAITHE PRIMARY SCHOOL,,,,,,ruiri_rwarera,,120570284089,1
poll_station,marere_primary_school,MARERE PRIMARY SCHOOL,,,,,,ruiri_rwarera,,120570284066,1
poll_station,karumanthi_primary_school,KARUMANTHI PRIMARY SCHOOL,,,,,,ruiri_rwarera,,120570284091,1
poll_station,ntumburi_primary_school,NTUMBURI PRIMARY SCHOOL,,,,,,kibirichia,,120570285092,2
poll_station,marurui_primary_school,MARURUI PRIMARY SCHOOL,,,,,,kibirichia,,120570285093,2
poll_station,ntugi_primary_school,NTUGI PRIMARY SCHOOL,,,,,,kibirichia,,120570285094,1
poll_station,gakando_primary_school,GAKANDO PRIMARY SCHOOL,,,,,,kibirichia,,120570285095,1
poll_station,kiborione_primary_school,KIBORIONE PRIMARY SCHOOL,,,,,,kibirichia,,120570285096,1
poll_station,ntharagwene_primary_school,NTHARAGWENE PRIMARY SCHOOL,,,,,,kibirichia,,120570285097,2
poll_station,muriinya_primary_school,MURIINYA PRIMARY SCHOOL,,,,,,kibirichia,,120570285098,2
poll_station,rugusu_aipca_primary_school,RUGUSU AIPCA PRIMARY SCHOOL,,,,,,kibirichia,,120570285099,1
poll_station,gathuine_primary_school,GATHUINE PRIMARY SCHOOL,,,,,,kibirichia,,120570285100,1
poll_station,mburugiti_primary_school,MBURUGITI PRIMARY SCHOOL,,,,,,kibirichia,,120570285101,2
poll_station,ruibi_primary_school,RUIBI PRIMARY SCHOOL,,,,,,kibirichia,,120570285102,1
poll_station,karanene_milk_collection_center,KARANENE MILK COLLECTION CENTER,,,,,,kibirichia,,120570285103,1
poll_station,kimbo_primary_school,KIMBO PRIMARY SCHOOL,,,,,,kibirichia,,120570285104,2
poll_station,kibirichia_primary_school,KIBIRICHIA PRIMARY SCHOOL,,,,,,kibirichia,,120570285105,1
poll_station,kibirichia_market,KIBIRICHIA MARKET,,,,,,kibirichia,,120570285106,2
poll_station,mujujune_market,MUJUJUNE MARKET,,,,,,kibirichia,,120570285107,2
poll_station,ntugi_market,NTUGI MARKET,,,,,,kibirichia,,120570285108,2
poll_station,kibirichia_girls_secondary_school,KIBIRICHIA GIRLS SECONDARY SCHOOL,,,,,,kibirichia,,120570285109,1
poll_station,kibirichia_boys_high_school,KIBIRICHIA BOYS HIGH SCHOOL,,,,,,kibirichia,,120570285110,2
poll_station,machaka_social_hall,MACHAKA SOCIAL HALL,,,,,,kibirichia,,120570285111,1
poll_station,gatuune_primary_school,GATUUNE PRIMARY SCHOOL,,,,,,mwanganthia,,120580286001,2
poll_station,gatuatine_primary_school,GATUATINE PRIMARY SCHOOL,,,,,,mwanganthia,,120580286002,2
poll_station,igane_primary_school,IGANE PRIMARY SCHOOL,,,,,,mwanganthia,,120580286003,1
poll_station,kathathene_primary_school,KATHATHENE PRIMARY SCHOOL,,,,,,mwanganthia,,120580286063,1
poll_station,kaongo_primary_school,KAONGO PRIMARY SCHOOL,,,,,,mwanganthia,,120580286091,1
poll_station,gatenderene_primary_school,GATENDERENE PRIMARY SCHOOL,,,,,,mwanganthia,,120580286006,1
poll_station,kiamakoro_primary_school,KIAMAKORO PRIMARY SCHOOL,,,,,,mwanganthia,,120580286007,1
poll_station,chaaria_primary_school,CHAARIA PRIMARY SCHOOL,,,,,,mwanganthia,,120580286008,2
poll_station,mbajone_primary_school,MBAJONE PRIMARY SCHOOL,,,,,,mwanganthia,,120580286009,2
poll_station,runywene_primary_school,RUNYWENE PRIMARY SCHOOL,,,,,,mwanganthia,,120580286010,2
poll_station,nguchia_primary_school,NGUCHIA PRIMARY SCHOOL,,,,,,mwanganthia,,120580286011,1
poll_station,nkumbo_primary_school,NKUMBO PRIMARY SCHOOL,,,,,,mwanganthia,,120580286012,2
poll_station,njuthiine_primary_school,NJUTHIINE PRIMARY SCHOOL,,,,,,mwanganthia,,120580286013,1
poll_station,ucheru_primary_school,UCHERU PRIMARY SCHOOL,,,,,,mwanganthia,,120580286014,2
poll_station,kirwiro_primary_school,KIRWIRO PRIMARY SCHOOL,,,,,,mwanganthia,,120580286015,1
poll_station,karaene_primary_school,KARAENE PRIMARY SCHOOL,,,,,,mwanganthia,,120580286016,1
poll_station,karia_ka_ngogo_primary_school,KARIA KA NGOGO PRIMARY SCHOOL,,,,,,mwanganthia,,120580286017,1
poll_station,mck_township_primary_school,MCK TOWNSHIP PRIMARY SCHOOL,,,,,,mwanganthia,,120580286018,2
poll_station,njoe_coffee_factory,NJOE COFFEE FACTORY,,,,,,mwanganthia,,120580286019,1
poll_station,kieni_primary_school,KIENI PRIMARY SCHOOL,,,,,,mwanganthia,,120580286020,1
poll_station,karingene_primary_school,KARINGENE PRIMARY SCHOOL,,,,,,mwanganthia,,120580286021,1
poll_station,ngeene_primary_school,NGEENE PRIMARY SCHOOL,,,,,,mwanganthia,,120580286022,1
poll_station,naguru_primary_school,NAGURU PRIMARY SCHOOL,,,,,,mwanganthia,,120580286023,1
poll_station,nyweri_primary_school,NYWERI PRIMARY SCHOOL,,,,,,abothuguchi_central,,120580287024,1
poll_station,mukiria_youth_polytechnic,MUKIRIA YOUTH POLYTECHNIC,,,,,,abothuguchi_central,,120580287025,3
poll_station,mariene_primary_school,MARIENE PRIMARY SCHOOL,,,,,,abothuguchi_central,,120580287026,2
poll_station,mugambone_primary_school,MUGAMBONE PRIMARY SCHOOL,,,,,,abothuguchi_central,,120580287027,1
poll_station,ruiga_primary_school,RUIGA PRIMARY SCHOOL,,,,,,abothuguchi_central,,120580287028,2
poll_station,ruiga_aipca_churchold,RUIGA AIPCA CHURCH(OLD),,,,,,abothuguchi_central,,120580287029,1
poll_station,mwitumura_primary_school,MWITUMURA PRIMARY SCHOOL,,,,,,abothuguchi_central,,120580287030,1
poll_station,katheju_primary_school,KATHEJU PRIMARY SCHOOL,,,,,,abothuguchi_central,,120580287031,1
poll_station,murathi_primary_school,MURATHI PRIMARY SCHOOL,,,,,,abothuguchi_central,,120580287032,1
poll_station,nkuene_primary_school,NKUENE PRIMARY SCHOOL,,,,,,abothuguchi_central,,120580287033,1
poll_station,tabata_primary_school,TABATA PRIMARY SCHOOL,,,,,,abothuguchi_central,,120580287034,1
poll_station,gaitu_primary_school,GAITU PRIMARY SCHOOL,,,,,,abothuguchi_central,,120580287035,2
poll_station,st_mary_immaculate_primary_scho,ST. MARY IMMACULATE PRIMARY SCHO,,,,,,abothuguchi_central,,120580287036,3
poll_station,kaugi_nursery_school,KAUGI NURSERY SCHOOL,,,,,,abothuguchi_central,,120580287037,1
poll_station,mariene_coffee_research_foundat,MARIENE COFFEE RESEARCH FOUNDAT,,,,,,abothuguchi_central,,120580287038,2
poll_station,karimonga_primary_school,KARIMONGA PRIMARY SCHOOL,,,,,,abothuguchi_central,,120580287039,1
poll_station,kibarii_primary_school,KIBARII PRIMARY SCHOOL,,,,,,abothuguchi_central,,120580287040,1
poll_station,mukuune_nursery_school,MUKUUNE NURSERY SCHOOL,,,,,,abothuguchi_central,,120580287041,1
poll_station,ntonyero_primary_school,NTONYERO PRIMARY SCHOOL,,,,,,abothuguchi_central,,120580287042,2
poll_station,kiria_primary_school,KIRIA PRIMARY SCHOOL,,,,,,abothuguchi_central,,120580287043,2
poll_station,kirigara_primary_school,KIRIGARA PRIMARY SCHOOL,,,,,,abothuguchi_central,,120580287044,3
poll_station,kariene_primary_school,KARIENE PRIMARY SCHOOL,,,,,,abothuguchi_central,,120580287045,5
poll_station,rwanderi_primary_school,RWANDERI PRIMARY SCHOOL,,,,,,abothuguchi_central,,120580287046,2
poll_station,kirirwa_primary_school,KIRIRWA PRIMARY SCHOOL,,,,,,abothuguchi_central,,120580287047,1
poll_station,rware_primary_school,RWARE PRIMARY SCHOOL,,,,,,abothuguchi_central,,120580287048,2
poll_station,karindine_primary_school,KARINDINE PRIMARY SCHOOL,,,,,,abothuguchi_central,,120580287049,1
poll_station,rwankware_coffee_factory,RWANKWARE COFFEE FACTORY,,,,,,abothuguchi_central,,120580287050,1
poll_station,kirigara_coffee_factory,KIRIGARA COFFEE FACTORY,,,,,,abothuguchi_central,,120580287051,2
poll_station,rwangua_primary_school,RWANGUA PRIMARY SCHOOL,,,,,,abothuguchi_central,,120580287052,1
poll_station,muthangene_primary_school,MUTHANGENE PRIMARY SCHOOL,,,,,,abothuguchi_west,,120580288053,3
poll_station,kathiranga_primary_school,KATHIRANGA PRIMARY SCHOOL,,,,,,abothuguchi_west,,120580288054,2
poll_station,kijijone_primary_school,KIJIJONE PRIMARY SCHOOL,,,,,,abothuguchi_west,,120580288055,1
poll_station,kianthumbi_primary_school,KIANTHUMBI PRIMARY SCHOOL,,,,,,abothuguchi_west,,120580288056,2
poll_station,kinjo_primary_school,KINJO PRIMARY SCHOOL,,,,,,abothuguchi_west,,120580288057,2
poll_station,katheri_primary_school,KATHERI PRIMARY SCHOOL,,,,,,abothuguchi_west,,120580288058,2
poll_station,kathita_primary,KATHITA PRIMARY,,,,,,abothuguchi_west,,120580288059,1
poll_station,kagere_tea_buying_centre,KAGERE TEA BUYING CENTRE,,,,,,abothuguchi_west,,120580288060,1
poll_station,mworoga_tea_buying_centre,MWOROGA TEA BUYING CENTRE,,,,,,abothuguchi_west,,120580288061,2
poll_station,riiji_coffee_factory,RIIJI COFFEE FACTORY,,,,,,abothuguchi_west,,120580288062,1
poll_station,katheri_coffee_factory,KATHERI COFFEE FACTORY,,,,,,abothuguchi_west,,120580288063,3
poll_station,kinjo_cattle_dip,KINJO CATTLE DIP,,,,,,abothuguchi_west,,120580288064,1
poll_station,kaathi_tea_buying_centre,KAATHI TEA BUYING CENTRE,,,,,,abothuguchi_west,,120580288065,1
poll_station,karugwa_primary_school,KARUGWA PRIMARY SCHOOL,,,,,,abothuguchi_west,,120580288066,1
poll_station,githongo_youth_polytechnic,GITHONGO YOUTH POLYTECHNIC,,,,,,abothuguchi_west,,120580288067,4
poll_station,marathi_coffee_facory,MARATHI COFFEE FACORY,,,,,,abothuguchi_west,,120580288068,1
poll_station,kaugu_primary_school,KAUGU PRIMARY SCHOOL,,,,,,abothuguchi_west,,120580288069,2
poll_station,muri_primary_school,MURI PRIMARY SCHOOL,,,,,,abothuguchi_west,,120580288070,2
poll_station,githongo_tea_factory,GITHONGO TEA FACTORY,,,,,,abothuguchi_west,,120580288071,2
poll_station,rwathi_tea_buying_centre,RWATHI TEA BUYING CENTRE,,,,,,abothuguchi_west,,120580288072,1
poll_station,karugwa_coffee_factory,KARUGWA COFFEE FACTORY,,,,,,abothuguchi_west,,120580288073,1
poll_station,mankuru_tea_buying_centre,MANKURU TEA BUYING CENTRE,,,,,,abothuguchi_west,,120580288074,1
poll_station,muriinya_tea_buying_centre,MURIINYA TEA BUYING CENTRE,,,,,,abothuguchi_west,,120580288075,1
poll_station,kithirune_primary_school,KITHIRUNE PRIMARY SCHOOL,,,,,,abothuguchi_west,,120580288076,3
poll_station,muruugi_primary_school,MURUUGI PRIMARY SCHOOL,,,,,,abothuguchi_west,,120580288077,2
poll_station,kioru_primary_school,KIORU PRIMARY SCHOOL,,,,,,abothuguchi_west,,120580288078,1
poll_station,kithirune_girls_secondary_school,KITHIRUNE GIRLS SECONDARY SCHOOL,,,,,,abothuguchi_west,,120580288079,1
poll_station,mbwinjeru_primary_school,MBWINJERU PRIMARY SCHOOL,,,,,,abothuguchi_west,,120580288080,2
poll_station,kaguma_primary_school,KAGUMA PRIMARY SCHOOL,,,,,,abothuguchi_west,,120580288081,1
poll_station,ngaacia_tea_buying_centre,NGAACIA TEA BUYING CENTRE,,,,,,abothuguchi_west,,120580288082,1
poll_station,kamurita_tea_buying,KAMURITA TEA BUYING,,,,,,abothuguchi_west,,120580288083,1
poll_station,kauruu_tea_buying_centre,KAURUU TEA BUYING CENTRE,,,,,,abothuguchi_west,,120580288084,1
poll_station,abothuguchi_boarding_primary_s,ABOTHUGUCHI BOARDING PRIMARY S,,,,,,abothuguchi_west,,120580288085,1
poll_station,gitiye_primary_school,GITIYE PRIMARY SCHOOL,,,,,,kiagu,,120580289086,2
poll_station,mujw